# This file uses centimeters as units for non-parametric coordinates.

mtllib TV_Radium.mtl
g default
v 0.000000 18.990101 18.290409
v 0.000000 32.117184 19.957722
v 0.000000 22.910667 19.071384
v 0.000000 27.429554 19.707859
v -17.133316 32.117184 18.290409
v -6.003433 19.210728 18.290409
v -9.260330 19.598305 18.290409
v -11.895950 20.270229 18.290409
v -16.291428 24.705055 18.290409
v -16.787903 26.815002 18.290409
v -17.008209 29.341808 18.290409
v -14.051117 21.434010 18.290409
v -14.550400 32.117184 18.947289
v -10.220978 32.117184 19.601307
v -5.485855 32.117184 19.940094
v -14.550400 28.851345 18.921452
v -14.550400 25.879063 18.778843
v -11.072006 23.715527 18.915089
v -5.846436 22.960739 19.016216
v -5.604660 27.570160 19.660580
v -10.472855 28.073429 19.438278
v -15.411682 22.866478 18.290409
v 0.000000 45.244267 18.290409
v 0.000000 41.323700 19.071384
v 0.000000 36.804813 19.707859
v -6.003433 45.023640 18.290409
v -9.260330 44.636063 18.290409
v -11.895950 43.964138 18.290409
v -16.291428 39.529312 18.290409
v -16.787903 37.419365 18.290409
v -17.008209 34.892559 18.290409
v -14.051117 42.800358 18.290409
v -14.550400 35.383022 18.921452
v -14.550400 38.355305 18.778843
v -11.072006 40.518841 18.915089
v -5.846436 41.273628 19.016216
v -5.604660 36.664207 19.660580
v -10.472855 36.160938 19.438278
v -15.411682 41.367889 18.290409
v 17.133316 32.117184 18.290409
v 6.003433 19.210728 18.290409
v 9.260330 19.598305 18.290409
v 11.895950 20.270229 18.290409
v 16.291428 24.705055 18.290409
v 16.787903 26.815002 18.290409
v 17.008209 29.341808 18.290409
v 14.051117 21.434010 18.290409
v 14.550400 32.117184 18.947289
v 10.220978 32.117184 19.601307
v 5.485855 32.117184 19.940094
v 14.550400 28.851345 18.921452
v 14.550400 25.879063 18.778843
v 11.072006 23.715527 18.915089
v 5.846436 22.960739 19.016216
v 5.604660 27.570160 19.660580
v 10.472855 28.073429 19.438278
v 15.411682 22.866478 18.290409
v 6.003433 45.023640 18.290409
v 9.260330 44.636063 18.290409
v 11.895950 43.964138 18.290409
v 16.291428 39.529312 18.290409
v 16.787903 37.419365 18.290409
v 17.008209 34.892559 18.290409
v 14.051117 42.800358 18.290409
v 14.550400 35.383022 18.921452
v 14.550400 38.355305 18.778843
v 11.072006 40.518841 18.915089
v 5.846436 41.273628 19.016216
v 5.604660 36.664207 19.660580
v 10.472855 36.160938 19.438278
v 15.411682 41.367889 18.290409
v -20.000504 2.500008 -22.500000
v 0.000000 2.500000 21.339890
v -17.000504 2.500000 21.339890
v -17.000504 1.750006 -22.499998
v -17.000504 1.000004 -22.499998
v -20.000504 1.000004 -22.499998
v 0.000000 1.000004 21.339890
v 0.000000 1.000004 18.349876
v 0.000000 1.750006 18.349876
v 0.000000 1.750006 -22.499998
v -20.000504 2.500008 18.350605
v -18.500885 2.500008 20.948025
v -19.598679 2.500008 19.850227
v 0.000000 51.224854 -22.500000
v 0.000000 51.224854 21.339890
v 0.000000 51.449009 21.609890
v 0.000000 51.253681 22.099892
v 0.000000 50.223537 23.589890
v 0.000000 49.673462 23.589893
v 0.000000 48.493298 20.000000
v 0.000000 49.015888 21.895489
v -24.500000 45.500957 -22.500000
v -24.500000 45.500957 21.339890
v -19.870529 50.471741 -22.500000
v -21.539307 50.017670 -22.500000
v -23.065384 48.997971 -22.500000
v -24.085083 47.471882 -22.500000
v -24.085083 47.471882 21.339890
v -23.065384 48.997971 21.339890
v -21.539307 50.017670 21.339890
v -19.870529 50.471741 21.339890
v -24.500000 7.303160 -22.500000
v -24.039413 5.487692 -22.500000
v -23.020203 3.962067 -22.500156
v -21.494949 2.943064 -22.500000
v -19.696838 2.500000 21.339890
v -21.499802 2.932215 21.339890
v -22.992157 4.007624 21.339890
v -24.050247 5.482809 21.339890
v -24.500000 7.303160 21.339890
v -7.401489 51.101627 -22.500000
v -13.591415 50.859230 -22.500000
v -13.591415 50.859230 21.339890
v -7.401489 51.101627 21.339890
v -17.000504 2.275883 21.609890
v -19.714493 2.275723 21.609890
v -21.589645 2.716200 21.609890
v -23.197174 3.784988 21.609890
v -24.266266 5.392984 21.609890
v -24.724274 7.285509 21.609890
v -24.724152 45.500957 21.609890
v -24.292648 47.557854 21.609890
v -23.224243 49.156822 21.609890
v -21.625275 50.225220 21.609890
v -19.902679 50.694473 21.609890
v -13.602707 51.083080 21.609890
v -7.407745 51.325676 21.609890
v -17.000504 2.471176 22.099892
v -19.699112 2.471144 22.099892
v -21.499161 2.934614 22.099892
v -23.026901 3.955442 22.099892
v -24.047867 5.483490 22.099892
v -24.528854 7.300890 22.099892
v -24.528839 45.500957 22.099892
v -24.085083 47.471882 22.099892
v -23.065384 48.997971 22.099892
v -21.539307 50.017670 22.099892
v -19.874664 50.500401 22.099892
v -13.592865 50.888016 22.099892
v -7.402298 51.130440 22.099892
v -17.000504 3.501177 23.589890
v -19.615265 3.537159 23.589890
v -21.100952 3.895685 23.589890
v -22.291306 4.691050 23.589890
v -23.086670 5.881399 23.589890
v -23.468109 7.384336 23.589890
v -23.486847 45.499996 23.589890
v -23.146667 47.093529 23.589890
v -22.333618 48.266201 23.589890
v -21.160950 49.079243 23.589890
v -19.721069 49.436401 23.589890
v -13.540985 49.869228 23.589890
v -7.373566 50.098377 23.589890
v -17.000519 4.051176 23.589893
v -19.571991 4.087156 23.589893
v -20.876297 4.438057 23.589893
v -21.876190 5.106161 23.589893
v -22.544296 6.106056 23.589893
v -22.918106 7.427603 23.589893
v -22.936844 45.454849 23.589893
v -22.604294 46.868870 23.589893
v -21.918503 47.851086 23.589893
v -20.936295 48.536869 23.589893
v -19.642212 48.890221 23.589893
v -13.513290 49.319893 23.589893
v -7.358215 49.548557 23.589893
v -19.481995 5.284931 20.000000
v -20.605911 5.619917 20.000000
v -21.374985 6.379723 20.000000
v -21.730499 7.518007 20.000000
v -21.727417 45.358948 20.000000
v -21.433701 46.518059 20.000000
v -20.651657 47.356850 20.000000
v -19.474426 47.713856 20.000000
v -13.453857 48.131344 20.000000
v -7.325302 48.371342 20.000000
v -19.523132 4.708235 21.895489
v -20.883133 5.144672 21.895489
v -21.855331 6.116859 21.895489
v -22.291763 7.476873 21.895489
v -22.291504 45.401875 21.895489
v -21.942123 46.764061 21.895489
v -20.951385 47.829071 21.895489
v -19.553955 48.278881 21.895489
v -13.480179 48.653221 21.895489
v -7.339874 48.893677 21.895489
v -24.539154 43.047649 -22.500000
v -24.539154 43.047649 21.339890
v -24.763351 43.047646 21.609890
v -24.567993 43.047649 22.099892
v -23.519760 43.047649 23.589890
v -22.969757 43.047649 23.589893
v -22.330750 43.047649 21.895489
v -21.772186 43.047649 20.000000
v -24.539154 9.847239 -22.500000
v -24.539154 9.847239 21.339890
v -24.763397 9.847239 21.609890
v -24.568008 9.847239 22.099892
v -23.513519 9.847239 23.589890
v -22.963516 9.847239 23.589893
v -22.330841 9.847239 21.895489
v -21.772293 14.299701 20.000000
v 0.000000 46.825577 19.280058
v -6.656586 46.662022 19.250677
v -13.489944 46.186638 19.268095
v -16.847412 44.979683 19.232637
v -18.680374 42.537975 19.273363
v -19.339539 38.965332 19.374273
v -19.408173 21.454559 19.531214
v -17.553299 18.371693 19.447214
v -13.873184 17.590565 19.360359
v -19.373856 30.209946 19.452742
v -14.614639 15.788107 19.676897
v -6.936584 17.574959 19.193214
v 0.000000 50.655529 22.813957
v -7.385635 50.531292 22.813957
v -13.562622 50.295773 22.813957
v -19.784073 49.887283 22.813957
v -21.307022 49.465065 22.813957
v -22.641602 48.574181 22.813957
v -23.531647 47.241478 22.813957
v -23.925797 45.490673 22.813957
v -23.961212 43.047047 22.813957
v -23.958267 9.847938 22.813957
v -23.917160 7.353729 22.813957
v -23.492493 5.716021 22.813957
v -22.601288 4.381062 22.813957
v -21.266846 3.489983 22.813957
v -19.646851 3.085657 22.813957
v -17.000229 3.069069 22.813957
v 20.000504 2.500008 -22.500000
v 17.000504 2.500000 21.339890
v 17.000504 1.750006 -22.499998
v 17.000504 1.000004 -22.499998
v 20.000504 1.000004 -22.499998
v 17.000793 1.000004 21.339890
v 17.000504 1.000004 18.349876
v 17.000504 1.750006 18.349876
v 20.000504 2.500008 18.350605
v 20.000504 1.000004 18.350605
v 18.500885 2.500008 20.948025
v 19.598679 2.500008 19.850227
v 19.598679 1.000004 19.850227
v 18.500885 1.000004 20.948025
v 24.500000 45.500957 -22.500000
v 24.500000 45.500957 21.339890
v 19.870529 50.471741 -22.500000
v 21.539307 50.017670 -22.500000
v 23.065384 48.997971 -22.500000
v 24.085083 47.471882 -22.500000
v 24.085083 47.471882 21.339890
v 23.065384 48.997971 21.339890
v 21.539307 50.017670 21.339890
v 19.870529 50.471741 21.339890
v 24.500000 7.303160 -22.500000
v 24.039413 5.487692 -22.500000
v 23.020203 3.962067 -22.500156
v 21.494949 2.943064 -22.500000
v 19.696838 2.500000 21.339890
v 21.499802 2.932215 21.339890
v 22.992157 4.007624 21.339890
v 24.050247 5.482809 21.339890
v 24.500000 7.303160 21.339890
v 7.401489 51.101627 -22.500000
v 13.591415 50.859230 -22.500000
v 13.591415 50.859230 21.339890
v 7.401489 51.101627 21.339890
v 17.000504 2.275883 21.609890
v 19.714493 2.275723 21.609890
v 21.589645 2.716200 21.609890
v 23.197174 3.784988 21.609890
v 24.266266 5.392984 21.609890
v 24.724274 7.285509 21.609890
v 24.724152 45.500957 21.609890
v 24.292648 47.557854 21.609890
v 23.224243 49.156822 21.609890
v 21.625275 50.225220 21.609890
v 19.902679 50.694473 21.609890
v 13.602707 51.083080 21.609890
v 7.407745 51.325676 21.609890
v 17.000504 2.471176 22.099892
v 19.699112 2.471144 22.099892
v 21.499161 2.934614 22.099892
v 23.026901 3.955442 22.099892
v 24.047867 5.483490 22.099892
v 24.528854 7.300890 22.099892
v 24.528839 45.500957 22.099892
v 24.085083 47.471882 22.099892
v 23.065384 48.997971 22.099892
v 21.539307 50.017670 22.099892
v 19.874664 50.500401 22.099892
v 13.592865 50.888016 22.099892
v 7.402298 51.130440 22.099892
v 17.000504 3.501177 23.589890
v 19.615265 3.537159 23.589890
v 21.100952 3.895685 23.589890
v 22.291306 4.691050 23.589890
v 23.086670 5.881399 23.589890
v 23.468109 7.384336 23.589890
v 23.486847 45.499996 23.589890
v 23.146667 47.093529 23.589890
v 22.333618 48.266201 23.589890
v 21.160950 49.079243 23.589890
v 19.721069 49.436401 23.589890
v 13.540985 49.869228 23.589890
v 7.373566 50.098377 23.589890
v 17.000519 4.051176 23.589893
v 19.571991 4.087156 23.589893
v 20.876297 4.438057 23.589893
v 21.876190 5.106161 23.589893
v 22.544296 6.106056 23.589893
v 22.918106 7.427603 23.589893
v 22.936844 45.454849 23.589893
v 22.604294 46.868870 23.589893
v 21.918503 47.851086 23.589893
v 20.936295 48.536869 23.589893
v 19.642212 48.890221 23.589893
v 13.513290 49.319893 23.589893
v 7.358215 49.548557 23.589893
v 19.481995 5.284931 20.000000
v 20.605911 5.619917 20.000000
v 21.374985 6.379723 20.000000
v 21.730499 7.518007 20.000000
v 21.727417 45.358948 20.000000
v 21.433701 46.518059 20.000000
v 20.651657 47.356850 20.000000
v 19.474426 47.713856 20.000000
v 13.453857 48.131344 20.000000
v 7.325302 48.371342 20.000000
v 19.523132 4.708235 21.895489
v 20.883133 5.144672 21.895489
v 21.855331 6.116859 21.895489
v 22.291763 7.476873 21.895489
v 22.291504 45.401875 21.895489
v 21.942123 46.764061 21.895489
v 20.951385 47.829071 21.895489
v 19.553955 48.278881 21.895489
v 13.480179 48.653221 21.895489
v 7.339874 48.893677 21.895489
v 24.539154 43.047649 -22.500000
v 24.539154 43.047649 21.339890
v 24.763351 43.047646 21.609890
v 24.567993 43.047649 22.099892
v 23.519760 43.047649 23.589890
v 22.969757 43.047649 23.589893
v 22.330750 43.047649 21.895489
v 21.772186 43.047649 20.000000
v 24.539154 9.847239 -22.500000
v 24.539154 9.847239 21.339890
v 24.763397 9.847239 21.609890
v 24.568008 9.847239 22.099892
v 23.513519 9.847239 23.589890
v 22.963516 9.847239 23.589893
v 22.330841 9.847239 21.895489
v 21.772293 14.299701 20.000000
v 6.656586 46.662022 19.250677
v 13.489944 46.186638 19.268095
v 16.847412 44.979683 19.232637
v 18.680374 42.537975 19.273363
v 19.339539 38.965332 19.374273
v 19.408173 21.454559 19.531214
v 17.553299 18.371693 19.447214
v 13.873184 17.590565 19.360359
v 19.373856 30.209946 19.452742
v 14.614639 15.788107 19.676897
v 6.936584 17.574959 19.193214
v 7.385635 50.531292 22.813957
v 13.562622 50.295773 22.813957
v 19.784073 49.887283 22.813957
v 21.307022 49.465065 22.813957
v 22.641602 48.574181 22.813957
v 23.531647 47.241478 22.813957
v 23.925797 45.490673 22.813957
v 23.961212 43.047047 22.813957
v 23.958267 9.847938 22.813957
v 23.917160 7.353729 22.813957
v 23.492493 5.716021 22.813957
v 22.601288 4.381062 22.813957
v 21.266846 3.489983 22.813957
v 19.646851 3.085657 22.813957
v 17.000229 3.069069 22.813957
v -17.000504 3.776176 23.739891
v 17.000504 3.776176 23.739891
v 19.593628 3.812159 23.739891
v 20.988617 4.166870 23.739891
v 22.083740 4.898607 23.739891
v 22.815475 5.993727 23.739891
v 23.193115 7.405970 23.739891
v 23.238525 9.847239 23.739891
v 23.244766 43.047649 23.739891
v 23.211853 45.477425 23.739891
v 22.875473 46.981201 23.739891
v 22.126068 48.058643 23.739891
v 21.048615 48.808056 23.739891
v 19.681641 49.163311 23.739891
v 13.527130 49.594559 23.739891
v 7.365891 49.823467 23.739891
v 0.000000 49.948502 23.739891
v -7.365891 49.823467 23.739891
v -13.527130 49.594559 23.739891
v -19.681641 49.163311 23.739891
v -21.048615 48.808056 23.739891
v -22.126068 48.058643 23.739891
v -22.875473 46.981201 23.739891
v -23.211853 45.477425 23.739891
v -23.244766 43.047649 23.739891
v -23.238525 9.847239 23.739891
v -23.193115 7.405970 23.739891
v -22.815475 5.993727 23.739891
v -22.083740 4.898607 23.739891
v -20.988617 4.166870 23.739891
v -19.593628 3.812159 23.739891
v 0.000000 5.284931 20.000000
v 0.000000 4.708235 21.895489
v 0.000000 4.051176 23.589893
v 0.000000 3.776176 23.739891
v 0.000000 3.501177 23.589890
v 0.000000 3.069069 22.813957
v 0.000000 2.471176 22.099892
v 0.000000 2.275883 21.609890
v -17.000793 1.000004 21.339890
v -17.000504 1.000004 18.349876
v -17.000504 1.750006 18.349876
v -20.000504 1.000004 18.350605
v -19.598679 1.000004 19.850227
v -18.500885 1.000004 20.948025
v -22.000000 13.199701 20.650002
v 22.000000 13.199701 20.650002
v -22.000000 14.299701 20.650002
v 22.000000 14.299701 20.650002
v -22.000000 14.299701 19.987499
v 22.000000 14.299701 19.987499
v -22.000000 13.199701 19.987499
v 22.000000 13.199701 19.987499
v 0.476028 11.925723 20.204449
v 0.000000 12.122898 20.204449
v -0.476028 11.925723 20.204449
v -0.673203 11.449698 20.204449
v -0.476028 10.973674 20.204449
v 0.000000 10.776499 20.204449
v 0.476028 10.973674 20.204449
v 0.673203 11.449698 20.204449
v 0.311127 11.760825 21.590298
v 0.000000 11.889698 21.590298
v -0.311127 11.760825 21.590298
v -0.440002 11.449698 21.590298
v -0.311127 11.138572 21.590298
v 0.000000 11.009699 21.590298
v 0.311127 11.138572 21.590298
v 0.440002 11.449698 21.590298
v 0.669601 10.963208 20.261368
v 0.255768 10.662539 20.261368
v -0.255768 10.662539 20.261368
v -0.669601 10.963208 20.261368
v -0.827667 11.449699 20.261368
v -0.669601 11.936191 20.261368
v -0.255768 12.236859 20.261368
v 0.255768 12.236859 20.261368
v 0.669601 11.936191 20.261368
v 0.827667 11.449699 20.261368
v 0.669601 10.963208 19.981270
v 0.255768 10.662539 19.981270
v -0.255768 10.662539 19.981270
v -0.669601 10.963208 19.981270
v -0.827667 11.449699 19.981270
v -0.669601 11.936191 19.981270
v -0.255768 12.236859 19.981270
v 0.255768 12.236859 19.981270
v 0.669601 11.936191 19.981270
v 0.827667 11.449699 19.981270
v 0.000000 11.449699 20.261368
v -5.447495 6.837198 20.375000
v -5.447495 6.837198 19.999996
v -5.447495 8.362200 19.999996
v -5.447495 8.362200 20.375000
v 5.447495 6.837198 20.375000
v 5.447495 8.362200 19.999996
v 5.447495 8.362200 20.375000
v 5.447495 6.837198 19.999996
v 0.476028 9.850723 20.204449
v 0.000000 10.047898 20.204449
v -0.476028 9.850723 20.204449
v -0.673203 9.374699 20.204449
v -0.476028 8.898674 20.204449
v 0.000000 8.701498 20.204449
v 0.476028 8.898674 20.204449
v 0.673203 9.374699 20.204449
v 0.311127 9.685825 21.590298
v 0.000000 9.814698 21.590298
v -0.311127 9.685825 21.590298
v -0.440002 9.374699 21.590298
v -0.311127 9.063572 21.590298
v 0.000000 8.934698 21.590298
v 0.311127 9.063572 21.590298
v 0.440002 9.374699 21.590298
v 0.669601 8.888208 20.261368
v 0.255768 8.587540 20.261368
v -0.255768 8.587540 20.261368
v -0.669601 8.888208 20.261368
v -0.827667 9.374697 20.261368
v -0.669601 9.861191 20.261368
v -0.255768 10.161860 20.261368
v 0.255768 10.161860 20.261368
v 0.669601 9.861191 20.261368
v 0.827667 9.374697 20.261368
v 0.669601 8.888208 19.981270
v 0.255768 8.587540 19.981270
v -0.255768 8.587540 19.981270
v -0.669601 8.888208 19.981270
v -0.827667 9.374697 19.981270
v -0.669601 9.861191 19.981270
v -0.255768 10.161860 19.981270
v 0.255768 10.161860 19.981270
v 0.669601 9.861191 19.981270
v 0.827667 9.374697 19.981270
v 0.000000 9.374697 20.261368
v 18.740555 9.215101 20.907543
v 18.593903 9.215101 21.554890
v 18.280136 9.944352 21.730595
v 18.627411 9.783878 20.907543
v 17.756393 9.902489 22.210331
v 17.768921 10.198921 22.395298
v 17.941757 11.065553 21.979534
v 18.193085 9.215101 22.083088
v 17.722641 9.215101 22.369461
v 18.305237 10.266063 20.907543
v 17.692291 9.215101 22.511608
v 17.941757 11.065553 20.907543
v 17.831741 10.584249 20.907543
v 17.821045 10.416212 21.709789
v 15.767990 9.215105 20.907543
v 15.914642 9.215101 21.554890
v 16.228409 8.485853 21.730595
v 15.881134 8.646330 20.907543
v 16.752151 8.527719 22.210331
v 16.739624 8.231287 22.395298
v 16.566788 7.364653 21.979534
v 16.315460 9.215101 22.083088
v 16.785904 9.215101 22.369461
v 16.203308 8.164145 20.907543
v 16.816254 9.215101 22.511608
v 16.566788 7.364653 20.907543
v 16.676804 7.845957 20.907543
v 16.687500 8.013996 21.709789
v 18.280136 8.485853 21.730595
v 18.627411 8.646326 20.907543
v 17.756393 8.527719 22.210331
v 17.768921 8.231287 22.395298
v 17.941757 7.364653 21.979534
v 18.340134 8.132740 20.907543
v 17.941757 7.364653 20.907543
v 17.831741 7.845957 20.907543
v 17.821045 8.013996 21.709789
v 16.228409 9.944352 21.730595
v 15.881134 9.783879 20.907543
v 16.752151 9.902489 22.210331
v 16.739624 10.198921 22.395298
v 16.566788 11.065553 21.979534
v 16.203308 10.266064 20.907543
v 16.566788 11.065553 20.907543
v 16.676804 10.584249 20.907543
v 16.687500 10.416212 21.709789
v 16.993057 11.205628 22.012127
v 17.515488 11.205628 22.012127
v 16.993057 11.205628 20.907543
v 17.515488 11.205628 20.907543
v 17.515488 7.224577 22.012127
v 16.993057 7.224581 22.012127
v 17.515488 7.224577 20.907543
v 16.993057 7.224581 20.907543
v 19.405823 10.106281 19.980076
v 18.901001 10.861809 19.980076
v 18.145477 11.366636 19.980076
v 17.254272 11.543908 19.980076
v 16.363068 11.366638 19.980076
v 15.607544 10.861811 19.980076
v 15.102722 10.106284 19.980076
v 14.925446 9.215078 19.980076
v 15.102707 8.323874 19.980076
v 15.607544 7.568348 19.980076
v 16.363068 7.063520 19.980076
v 17.254272 6.886248 19.980076
v 18.145477 7.063520 19.980076
v 18.901001 7.568346 19.980076
v 19.405823 8.323874 19.980076
v 19.583099 9.215078 19.980076
v 19.405823 10.106281 20.999996
v 18.901001 10.861809 20.999996
v 18.145477 11.366636 20.999996
v 17.254272 11.543908 20.999996
v 16.363068 11.366638 20.999996
v 15.607544 10.861811 20.999996
v 15.102722 10.106284 20.999996
v 14.925446 9.215078 20.999996
v 15.102707 8.323874 20.999996
v 15.607544 7.568348 20.999996
v 16.363068 7.063520 20.999996
v 17.254272 6.886248 20.999996
v 18.145477 7.063520 20.999996
v 18.901001 7.568346 20.999996
v 19.405823 8.323874 20.999996
v 19.583099 9.215078 20.999996
v 17.254272 9.215078 20.999996
v -18.740555 9.215101 20.907543
v -18.593903 9.215101 21.554890
v -18.280136 9.944352 21.730595
v -18.627411 9.783878 20.907543
v -17.756393 9.902489 22.210331
v -17.768921 10.198921 22.395298
v -17.941757 11.065553 21.979534
v -18.193085 9.215101 22.083088
v -17.722641 9.215101 22.369461
v -18.305237 10.266063 20.907543
v -17.692291 9.215101 22.511608
v -17.941757 11.065553 20.907543
v -17.831741 10.584249 20.907543
v -17.821045 10.416212 21.709789
v -15.767990 9.215105 20.907543
v -15.914642 9.215101 21.554890
v -16.228409 8.485853 21.730595
v -15.881134 8.646330 20.907543
v -16.752151 8.527719 22.210331
v -16.739624 8.231287 22.395298
v -16.566788 7.364653 21.979534
v -16.315460 9.215101 22.083088
v -16.785904 9.215101 22.369461
v -16.203308 8.164145 20.907543
v -16.816254 9.215101 22.511608
v -16.566788 7.364653 20.907543
v -16.676804 7.845957 20.907543
v -16.687500 8.013996 21.709789
v -18.280136 8.485853 21.730595
v -18.627411 8.646326 20.907543
v -17.756393 8.527719 22.210331
v -17.768921 8.231287 22.395298
v -17.941757 7.364653 21.979534
v -18.340134 8.132740 20.907543
v -17.941757 7.364653 20.907543
v -17.831741 7.845957 20.907543
v -17.821045 8.013996 21.709789
v -16.228409 9.944352 21.730595
v -15.881134 9.783879 20.907543
v -16.752151 9.902489 22.210331
v -16.739624 10.198921 22.395298
v -16.566788 11.065553 21.979534
v -16.203308 10.266064 20.907543
v -16.566788 11.065553 20.907543
v -16.676804 10.584249 20.907543
v -16.687500 10.416212 21.709789
v -16.993057 11.205628 22.012127
v -17.515488 11.205628 22.012127
v -16.993057 11.205628 20.907543
v -17.515488 11.205628 20.907543
v -17.515488 7.224581 22.012127
v -16.993057 7.224581 22.012127
v -17.515488 7.224581 20.907543
v -16.993057 7.224581 20.907543
v -19.405823 10.106281 19.980076
v -18.901001 10.861809 19.980076
v -18.145477 11.366636 19.980076
v -17.254272 11.543908 19.980076
v -16.363068 11.366638 19.980076
v -15.607544 10.861811 19.980076
v -15.102722 10.106284 19.980076
v -14.925446 9.215078 19.980076
v -15.102707 8.323874 19.980076
v -15.607544 7.568348 19.980076
v -16.363068 7.063520 19.980076
v -17.254272 6.886248 19.980076
v -18.145477 7.063520 19.980076
v -18.901001 7.568346 19.980076
v -19.405823 8.323874 19.980076
v -19.583099 9.215078 19.980076
v -19.405823 10.106281 20.999996
v -18.901001 10.861809 20.999996
v -18.145477 11.366636 20.999996
v -17.254272 11.543908 20.999996
v -16.363068 11.366638 20.999996
v -15.607544 10.861811 20.999996
v -15.102722 10.106284 20.999996
v -14.925446 9.215078 20.999996
v -15.102707 8.323874 20.999996
v -15.607544 7.568348 20.999996
v -16.363068 7.063520 20.999996
v -17.254272 6.886248 20.999996
v -18.145477 7.063520 20.999996
v -18.901001 7.568346 20.999996
v -19.405823 8.323874 20.999996
v -19.583099 9.215078 20.999996
v -17.254272 9.215078 20.999996
v 20.133087 7.288317 20.204449
v 19.657059 7.485493 20.204449
v 19.181030 7.288317 20.204449
v 18.983856 6.812292 20.204449
v 19.181030 6.336267 20.204449
v 19.657059 6.139093 20.204449
v 20.133087 6.336267 20.204449
v 20.330261 6.812292 20.204449
v 19.968185 7.123419 21.590298
v 19.657059 7.252293 21.590298
v 19.345932 7.123419 21.590298
v 19.217056 6.812292 21.590298
v 19.345932 6.501165 21.590298
v 19.657059 6.372293 21.590298
v 19.968185 6.501165 21.590298
v 20.097061 6.812292 21.590298
v 20.326660 6.325802 20.261368
v 19.912827 6.025133 20.261368
v 19.401291 6.025133 20.261368
v 18.987457 6.325802 20.261368
v 18.829391 6.812294 20.261368
v 18.987457 7.298784 20.261368
v 19.401291 7.599453 20.261368
v 19.912827 7.599453 20.261368
v 20.326660 7.298784 20.261368
v 20.484726 6.812294 20.261368
v 20.326660 6.325802 19.981270
v 19.912827 6.025133 19.981270
v 19.401291 6.025133 19.981270
v 18.987457 6.325802 19.981270
v 18.829391 6.812294 19.981270
v 18.987457 7.298784 19.981270
v 19.401291 7.599453 19.981270
v 19.912827 7.599453 19.981270
v 20.326660 7.298784 19.981270
v 20.484726 6.812294 19.981270
v 19.657059 6.812294 20.261368
v 3.448517 3.556044 21.876282
v 3.620285 3.500000 22.056358
v 5.747513 3.556044 21.876282
v 5.573380 3.500000 22.056358
v 3.448517 4.083052 20.182968
v 3.620285 4.139999 20.000000
v 5.747513 4.083052 20.182968
v 5.573380 4.139999 20.000000
v 5.029938 5.617163 20.681717
v 3.620285 5.123629 21.876282
v 3.448517 4.903189 21.876282
v 3.620285 4.873995 22.056358
v 5.573380 5.124500 21.876282
v 5.573380 4.871548 22.056358
v 5.747513 4.903910 21.876282
v 5.573380 5.537268 20.182968
v 5.747513 5.310909 20.182968
v 5.573380 5.341276 20.000000
v 3.620285 5.536936 20.182968
v 3.620285 5.342831 20.000000
v 3.448517 5.314428 20.182968
v 3.620285 5.380283 21.043499
v 5.573380 5.380884 21.044506
v 4.596832 5.184067 21.876282
v 4.598022 5.597111 20.182968
v 4.165161 5.617020 20.680252
v 4.165161 5.429014 21.447491
v 5.029938 5.429392 21.446899
v 1.149521 4.556044 21.874851
v 1.321289 4.500000 22.054928
v 3.448517 4.556044 21.874851
v 3.274368 4.500000 22.054928
v 1.149521 5.083052 20.181538
v 1.321289 5.139999 19.998569
v 3.448517 5.083052 20.181538
v 3.274368 5.139999 19.998569
v 2.730927 6.617163 20.680286
v 1.321289 6.123629 21.874851
v 1.149521 5.903189 21.874851
v 1.321289 5.873995 22.054928
v 3.274368 6.124500 21.874851
v 3.274368 5.871548 22.054928
v 3.448517 5.903910 21.874851
v 3.274368 6.537268 20.181538
v 3.448517 6.310909 20.181538
v 3.274368 6.341276 19.998569
v 1.321289 6.536936 20.181538
v 1.321289 6.342831 19.998569
v 1.149521 6.314428 20.181538
v 1.321289 6.380283 21.042068
v 3.274368 6.380884 21.043076
v 2.297836 6.184067 21.874851
v 2.299011 6.597111 20.181538
v 1.866150 6.617020 20.678822
v 1.866150 6.429014 21.446060
v 2.730927 6.429392 21.445469
v -1.149490 4.556044 21.874851
v -0.977707 4.500000 22.054928
v 1.149521 4.556044 21.874851
v 0.975372 4.500000 22.054928
v -1.149490 5.083052 20.181538
v -0.977707 5.139999 19.998569
v 1.149521 5.083052 20.181538
v 0.975372 5.139999 19.998569
v 0.431931 6.617163 20.680286
v -0.977707 6.123629 21.874851
v -1.149490 5.903189 21.874851
v -0.977707 5.873995 22.054928
v 0.975372 6.124500 21.874851
v 0.975372 5.871548 22.054928
v 1.149521 5.903910 21.874851
v 0.975372 6.537268 20.181538
v 1.149521 6.310909 20.181538
v 0.975372 6.341276 19.998569
v -0.977707 6.536936 20.181538
v -0.977707 6.342831 19.998569
v -1.149490 6.314428 20.181538
v -0.977707 6.380283 21.042068
v 0.975372 6.380884 21.043076
v -0.001175 6.184067 21.874851
v 0.000015 6.597111 20.181538
v -0.432846 6.617020 20.678822
v -0.432846 6.429014 21.446060
v 0.431931 6.429392 21.445469
v -3.448486 3.556044 21.874851
v -3.276718 3.500000 22.054928
v -1.149490 3.556044 21.874851
v -1.323624 3.500000 22.054928
v -3.448486 4.083052 20.181538
v -3.276718 4.139999 19.998569
v -1.149490 4.083052 20.181538
v -1.323624 4.139999 19.998569
v -1.867065 5.617163 20.680286
v -3.276718 5.123629 21.874851
v -3.448486 4.903189 21.874851
v -3.276718 4.873995 22.054928
v -1.323624 5.124500 21.874851
v -1.323624 4.871548 22.054928
v -1.149490 4.903910 21.874851
v -1.323624 5.537268 20.181538
v -1.149490 5.310909 20.181538
v -1.323624 5.341276 19.998569
v -3.276718 5.536936 20.181538
v -3.276718 5.342831 19.998569
v -3.448486 5.314428 20.181538
v -3.276718 5.380283 21.042068
v -1.323624 5.380884 21.043076
v -2.300171 5.184067 21.874851
v -2.298981 5.597111 20.181538
v -2.731842 5.617020 20.678822
v -2.731842 5.429014 21.446060
v -1.867065 5.429392 21.445469
v -5.747482 4.556044 21.874851
v -5.575714 4.500000 22.054928
v -3.448486 4.556044 21.874851
v -3.622635 4.500000 22.054928
v -5.747482 5.083052 20.181538
v -5.575714 5.139999 19.998569
v -3.448486 5.083052 20.181538
v -3.622635 5.139999 19.998569
v -4.166077 6.617163 20.680286
v -5.575714 6.123629 21.874851
v -5.747482 5.903189 21.874851
v -5.575714 5.873995 22.054928
v -3.622635 6.124500 21.874851
v -3.622635 5.871548 22.054928
v -3.448486 5.903910 21.874851
v -3.622635 6.537268 20.181538
v -3.448486 6.310909 20.181538
v -3.622635 6.341276 19.998569
v -5.575714 6.536936 20.181538
v -5.575714 6.342831 19.998569
v -5.747482 6.314428 20.181538
v -5.575714 6.380283 21.042068
v -3.622635 6.380884 21.043076
v -4.599167 6.184067 21.874851
v -4.597992 6.597111 20.181538
v -5.030853 6.617020 20.678822
v -5.030853 6.429014 21.446060
v -4.166077 6.429392 21.445469
v 19.394424 22.732893 -23.286987
v 20.000000 22.983728 -23.286987
v 20.605576 22.732893 -23.286987
v 20.856415 22.127316 -23.286987
v 20.605576 21.521742 -23.286987
v 20.000000 21.270906 -23.286987
v 19.394424 21.521742 -23.286987
v 19.143585 22.127316 -23.286987
v 19.604202 22.523117 -25.049995
v 20.000000 22.687063 -25.049995
v 20.395798 22.523117 -25.049995
v 20.559753 22.127316 -25.049995
v 20.395798 21.731516 -25.049995
v 20.000000 21.567572 -25.049995
v 19.604202 21.731516 -25.049995
v 19.440247 22.127316 -25.049995
v 19.148163 21.508427 -23.359398
v 19.674637 21.125931 -23.359398
v 20.325378 21.125931 -23.359398
v 20.851837 21.508427 -23.359398
v 21.052917 22.127316 -23.359398
v 20.851837 22.746208 -23.359398
v 20.325363 23.128704 -23.359398
v 19.674622 23.128704 -23.359398
v 19.148163 22.746208 -23.359398
v 18.947083 22.127316 -23.359398
v 19.148163 21.508427 -22.450001
v 19.674637 21.125931 -22.450001
v 20.325378 21.125931 -22.450001
v 20.851837 21.508427 -22.450001
v 21.052917 22.127316 -22.450001
v 20.851837 22.746208 -22.450001
v 20.325363 23.128704 -22.450001
v 19.674622 23.128704 -22.450001
v 19.148163 22.746208 -22.450001
v 18.947083 22.127316 -22.450001
v 20.000000 22.127316 -23.359398
v -12.504227 6.575708 -22.449999
v -12.493820 5.717749 -22.449999
v -12.913788 4.969526 -22.449999
v -13.651611 4.531536 -22.449999
v -14.509567 4.521132 -22.449999
v -15.257782 4.941103 -22.449999
v -15.695786 5.678919 -22.449999
v -15.706177 6.536879 -22.449999
v -15.286209 7.285101 -22.449999
v -14.548401 7.723093 -22.449999
v -13.690430 7.733498 -22.449999
v -12.942215 7.313524 -22.449999
v -11.770233 6.781956 -24.250000
v -11.755035 5.529364 -24.250000
v -12.368179 4.436993 -24.250000
v -13.445358 3.797541 -24.250000
v -14.697952 3.782352 -24.250000
v -15.790329 4.395493 -24.250000
v -16.429779 5.472673 -24.250000
v -16.444962 6.725264 -24.250000
v -15.831818 7.817638 -24.250000
v -14.754639 8.457088 -24.250000
v -13.502045 8.472279 -24.250000
v -12.409683 7.859137 -24.250000
v -14.100006 6.127316 -24.250000
v -13.207703 10.139266 -22.449999
v -13.471603 10.403166 -22.449999
v -13.207703 10.667066 -22.449999
v -12.943802 10.403166 -22.449999
v -13.207703 10.139266 -24.358215
v -13.471603 10.403166 -24.358215
v -13.207703 10.667066 -24.358215
v -12.943802 10.403166 -24.358215
v -13.207703 10.403166 -24.558216
v -14.992294 10.139266 -22.449999
v -15.256195 10.403166 -22.449999
v -14.992294 10.667066 -22.449999
v -14.728394 10.403166 -22.449999
v -14.992294 10.139266 -24.358215
v -15.256195 10.403166 -24.358215
v -14.992294 10.667066 -24.358215
v -14.728394 10.403166 -24.358215
v -14.992294 10.403166 -24.558216
v 5.586227 29.456861 -22.400000
v 4.275513 27.495237 -22.400000
v 2.313889 26.184521 -22.400000
v 0.000000 25.724258 -22.400000
v -2.313889 26.184519 -22.400000
v -4.275513 27.495232 -22.400000
v -5.586227 29.456856 -22.400000
v -6.046494 31.770748 -22.400000
v -5.586227 34.084641 -22.400000
v -4.275513 36.046265 -22.400000
v -2.313889 37.356979 -22.400000
v 0.000000 37.817242 -22.400000
v 2.313889 37.356979 -22.400000
v 4.275513 36.046265 -22.400000
v 5.586227 34.084644 -22.400000
v 6.046494 31.770750 -22.400000
v 4.239151 30.014841 -36.380680
v 3.244507 28.526251 -36.380680
v 1.755920 27.531605 -36.380680
v 0.000000 27.182333 -36.380680
v -1.755905 27.531605 -36.380680
v -3.244507 28.526247 -36.380680
v -4.239151 30.014837 -36.380680
v -4.588425 31.770748 -36.380680
v -4.239151 33.526661 -36.380680
v -3.244507 35.015251 -36.380680
v -1.755905 36.009895 -36.380680
v 0.000000 36.359169 -36.380680
v 1.755905 36.009895 -36.380680
v 3.244507 35.015251 -36.380680
v 4.239151 33.526661 -36.380680
v 4.588425 31.770750 -36.380680
v 2.692017 31.770750 -37.199821
v 1.903549 29.867203 -37.199821
v 0.000000 31.770750 -37.580681
v 0.000000 29.078728 -37.199821
v -1.903549 29.867201 -37.199821
v -2.692017 31.770750 -37.199821
v -1.903549 33.674297 -37.199821
v 0.000000 34.462776 -37.199821
v 1.903549 33.674297 -37.199821
v 14.894424 22.732893 -23.286987
v 15.500000 22.983728 -23.286987
v 16.105576 22.732893 -23.286987
v 16.356415 22.127316 -23.286987
v 16.105576 21.521742 -23.286987
v 15.500000 21.270906 -23.286987
v 14.894424 21.521742 -23.286987
v 14.643585 22.127316 -23.286987
v 15.104202 22.523117 -25.049995
v 15.500000 22.687063 -25.049995
v 15.895798 22.523117 -25.049995
v 16.059738 22.127316 -25.049995
v 15.895798 21.731516 -25.049995
v 15.500000 21.567572 -25.049995
v 15.104202 21.731516 -25.049995
v 14.940247 22.127316 -25.049995
v 14.648163 21.508427 -23.359398
v 15.174622 21.125931 -23.359398
v 15.825363 21.125931 -23.359398
v 16.351822 21.508427 -23.359398
v 16.552917 22.127316 -23.359398
v 16.351822 22.746208 -23.359398
v 15.825363 23.128704 -23.359398
v 15.174622 23.128704 -23.359398
v 14.648163 22.746208 -23.359398
v 14.447083 22.127316 -23.359398
v 14.648163 21.508427 -22.450001
v 15.174622 21.125931 -22.450001
v 15.825363 21.125931 -22.450001
v 16.351822 21.508427 -22.450001
v 16.552917 22.127316 -22.450001
v 16.351822 22.746208 -22.450001
v 15.825363 23.128704 -22.450001
v 15.174622 23.128704 -22.450001
v 14.648163 22.746208 -22.450001
v 14.447083 22.127316 -22.450001
v 15.500000 22.127316 -23.359398
v 10.394424 22.732893 -23.286987
v 11.000000 22.983728 -23.286987
v 11.605576 22.732893 -23.286987
v 11.856415 22.127316 -23.286987
v 11.605576 21.521742 -23.286987
v 11.000000 21.270906 -23.286987
v 10.394424 21.521742 -23.286987
v 10.143585 22.127316 -23.286987
v 10.604202 22.523117 -25.049995
v 11.000000 22.687063 -25.049995
v 11.395798 22.523117 -25.049995
v 11.559738 22.127316 -25.049995
v 11.395798 21.731516 -25.049995
v 11.000000 21.567572 -25.049995
v 10.604202 21.731516 -25.049995
v 10.440247 22.127316 -25.049995
v 10.148163 21.508427 -23.359398
v 10.674622 21.125931 -23.359398
v 11.325363 21.125931 -23.359398
v 11.851822 21.508427 -23.359398
v 12.052917 22.127316 -23.359398
v 11.851822 22.746208 -23.359398
v 11.325363 23.128704 -23.359398
v 10.674622 23.128704 -23.359398
v 10.148163 22.746208 -23.359398
v 9.947083 22.127316 -23.359398
v 10.148163 21.508427 -22.450001
v 10.674622 21.125931 -22.450001
v 11.325363 21.125931 -22.450001
v 11.851822 21.508427 -22.450001
v 12.052917 22.127316 -22.450001
v 11.851822 22.746208 -22.450001
v 11.325363 23.128704 -22.450001
v 10.674622 23.128704 -22.450001
v 10.148163 22.746208 -22.450001
v 9.947083 22.127316 -22.450001
v 11.000000 22.127316 -23.359398
v -11.605576 22.732893 -23.286987
v -11.000000 22.983728 -23.286987
v -10.394424 22.732893 -23.286987
v -10.143585 22.127316 -23.286987
v -10.394424 21.521742 -23.286987
v -11.000000 21.270906 -23.286987
v -11.605576 21.521742 -23.286987
v -11.856415 22.127316 -23.286987
v -11.395798 22.523117 -25.049995
v -11.000000 22.687063 -25.049995
v -10.604202 22.523117 -25.049995
v -10.440247 22.127316 -25.049995
v -10.604202 21.731516 -25.049995
v -11.000000 21.567572 -25.049995
v -11.395798 21.731516 -25.049995
v -11.559738 22.127316 -25.049995
v -11.851822 21.508427 -23.359398
v -11.325363 21.125931 -23.359398
v -10.674622 21.125931 -23.359398
v -10.148163 21.508427 -23.359398
v -9.947083 22.127316 -23.359398
v -10.148163 22.746208 -23.359398
v -10.674622 23.128704 -23.359398
v -11.325363 23.128704 -23.359398
v -11.851822 22.746208 -23.359398
v -12.052917 22.127316 -23.359398
v -11.851822 21.508427 -22.450001
v -11.325363 21.125931 -22.450001
v -10.674622 21.125931 -22.450001
v -10.148163 21.508427 -22.450001
v -9.947083 22.127316 -22.450001
v -10.148163 22.746208 -22.450001
v -10.674622 23.128704 -22.450001
v -11.325363 23.128704 -22.450001
v -11.851822 22.746208 -22.450001
v -12.052917 22.127316 -22.450001
v -11.000000 22.127316 -23.359398
v -16.105576 22.732893 -23.286987
v -15.500000 22.983728 -23.286987
v -14.894424 22.732893 -23.286987
v -14.643585 22.127316 -23.286987
v -14.894424 21.521742 -23.286987
v -15.500000 21.270906 -23.286987
v -16.105576 21.521742 -23.286987
v -16.356415 22.127316 -23.286987
v -15.895798 22.523117 -25.049995
v -15.500000 22.687063 -25.049995
v -15.104202 22.523117 -25.049995
v -14.940247 22.127316 -25.049995
v -15.104202 21.731516 -25.049995
v -15.500000 21.567572 -25.049995
v -15.895798 21.731516 -25.049995
v -16.059738 22.127316 -25.049995
v -16.351822 21.508427 -23.359398
v -15.825363 21.125931 -23.359398
v -15.174622 21.125931 -23.359398
v -14.648163 21.508427 -23.359398
v -14.447083 22.127316 -23.359398
v -14.648163 22.746208 -23.359398
v -15.174622 23.128704 -23.359398
v -15.825363 23.128704 -23.359398
v -16.351822 22.746208 -23.359398
v -16.552917 22.127316 -23.359398
v -16.351822 21.508427 -22.450001
v -15.825363 21.125931 -22.450001
v -15.174622 21.125931 -22.450001
v -14.648163 21.508427 -22.450001
v -14.447083 22.127316 -22.450001
v -14.648163 22.746208 -22.450001
v -15.174622 23.128704 -22.450001
v -15.825363 23.128704 -22.450001
v -16.351822 22.746208 -22.450001
v -16.552917 22.127316 -22.450001
v -15.500000 22.127316 -23.359398
v -20.605576 22.732893 -23.286987
v -20.000000 22.983728 -23.286987
v -19.394424 22.732893 -23.286987
v -19.143585 22.127316 -23.286987
v -19.394424 21.521742 -23.286987
v -20.000000 21.270906 -23.286987
v -20.605576 21.521742 -23.286987
v -20.856415 22.127316 -23.286987
v -20.395798 22.523117 -25.049995
v -20.000000 22.687063 -25.049995
v -19.604202 22.523117 -25.049995
v -19.440247 22.127316 -25.049995
v -19.604202 21.731516 -25.049995
v -20.000000 21.567572 -25.049995
v -20.395798 21.731516 -25.049995
v -20.559738 22.127316 -25.049995
v -20.851822 21.508427 -23.359398
v -20.325363 21.125931 -23.359398
v -19.674622 21.125931 -23.359398
v -19.148163 21.508427 -23.359398
v -18.947083 22.127316 -23.359398
v -19.148163 22.746208 -23.359398
v -19.674622 23.128704 -23.359398
v -20.325363 23.128704 -23.359398
v -20.851822 22.746208 -23.359398
v -21.052917 22.127316 -23.359398
v -20.851822 21.508427 -22.450001
v -20.325363 21.125931 -22.450001
v -19.674622 21.125931 -22.450001
v -19.148163 21.508427 -22.450001
v -18.947083 22.127316 -22.450001
v -19.148163 22.746208 -22.450001
v -19.674622 23.128704 -22.450001
v -20.325363 23.128704 -22.450001
v -20.851822 22.746208 -22.450001
v -21.052917 22.127316 -22.450001
v -20.000000 22.127316 -23.359398
v 19.519867 0.000000 -18.240604
v 18.889862 0.000000 -18.698326
v 18.111145 0.000000 -18.698326
v 17.481140 0.000000 -18.240604
v 17.240509 0.000000 -17.499994
v 17.481140 0.000000 -16.759384
v 18.111145 0.000000 -16.301662
v 18.889862 0.000000 -16.301662
v 19.519867 0.000000 -16.759384
v 19.760513 0.000000 -17.499994
v 19.519867 1.100000 -18.240604
v 18.889862 1.100000 -18.698326
v 18.111145 1.100000 -18.698326
v 17.481140 1.100000 -18.240604
v 17.240509 1.100000 -17.499994
v 17.481140 1.100000 -16.759384
v 18.111145 1.100000 -16.301662
v 18.889862 1.100000 -16.301662
v 19.519867 1.100000 -16.759384
v 19.760513 1.100000 -17.499994
v 18.500504 0.000000 -17.499994
v -17.481140 0.000000 -18.240604
v -18.111145 0.000000 -18.698326
v -18.889862 0.000000 -18.698326
v -19.519867 0.000000 -18.240604
v -19.760498 0.000000 -17.499994
v -19.519867 0.000000 -16.759384
v -18.889862 0.000000 -16.301662
v -18.111145 0.000000 -16.301662
v -17.481140 0.000000 -16.759384
v -17.240509 0.000000 -17.499994
v -17.481140 1.100000 -18.240604
v -18.111145 1.100000 -18.698326
v -18.889862 1.100000 -18.698326
v -19.519867 1.100000 -18.240604
v -19.760498 1.100000 -17.499994
v -19.519867 1.100000 -16.759384
v -18.889862 1.100000 -16.301662
v -18.111145 1.100000 -16.301662
v -17.481140 1.100000 -16.759384
v -17.240509 1.100000 -17.499994
v -18.500504 0.000000 -17.499994
v -17.481140 0.000000 15.509397
v -18.111145 0.000000 15.051675
v -18.889862 0.000000 15.051675
v -19.519867 0.000000 15.509398
v -19.760498 0.000000 16.250008
v -19.519867 0.000000 16.990616
v -18.889862 0.000000 17.448338
v -18.111145 0.000000 17.448338
v -17.481140 0.000000 16.990616
v -17.240509 0.000000 16.250008
v -17.481140 1.100000 15.509397
v -18.111145 1.100000 15.051675
v -18.889862 1.100000 15.051675
v -19.519867 1.100000 15.509398
v -19.760498 1.100000 16.250008
v -19.519867 1.100000 16.990616
v -18.889862 1.100000 17.448338
v -18.111145 1.100000 17.448338
v -17.481140 1.100000 16.990616
v -17.240509 1.100000 16.250008
v -18.500504 0.000000 16.250008
v 19.519867 0.000000 15.509397
v 18.889862 0.000000 15.051675
v 18.111145 0.000000 15.051675
v 17.481140 0.000000 15.509397
v 17.240509 0.000000 16.250004
v 17.481140 0.000000 16.990616
v 18.111145 0.000000 17.448338
v 18.889862 0.000000 17.448338
v 19.519867 0.000000 16.990616
v 19.760513 0.000000 16.250004
v 19.519867 1.100000 15.509397
v 18.889862 1.100000 15.051675
v 18.111145 1.100000 15.051675
v 17.481140 1.100000 15.509397
v 17.240509 1.100000 16.250004
v 17.481140 1.100000 16.990616
v 18.111145 1.100000 17.448338
v 18.889862 1.100000 17.448338
v 19.519867 1.100000 16.990616
v 19.760513 1.100000 16.250004
v 18.500504 0.000000 16.250004
vt 0.541030 0.266640
vt 0.546086 0.300902
vt 0.513368 0.283591
vt 0.628949 0.260071
vt 0.628950 0.295820
vt 0.584643 0.296947
vt 0.582508 0.260565
vt 0.513395 0.306863
vt 0.513352 0.332403
vt 0.548164 0.332403
vt 0.585680 0.332403
vt 0.628950 0.332403
vt 0.506136 0.259726
vt 0.541030 0.398166
vt 0.513368 0.381215
vt 0.546086 0.363903
vt 0.628950 0.404735
vt 0.582508 0.404240
vt 0.584643 0.367858
vt 0.628950 0.368986
vt 0.628950 0.436169
vt 0.513395 0.357943
vt 0.506136 0.405080
vt 0.716869 0.266640
vt 0.744532 0.283590
vt 0.711813 0.300902
vt 0.675391 0.260565
vt 0.673256 0.296947
vt 0.744504 0.306863
vt 0.744547 0.332403
vt 0.709736 0.332403
vt 0.672219 0.332403
vt 0.751763 0.259725
vt 0.716869 0.398165
vt 0.711813 0.363903
vt 0.744532 0.381215
vt 0.673257 0.367858
vt 0.675391 0.404240
vt 0.744505 0.357943
vt 0.751764 0.405080
vt 0.758885 0.390696
vt 0.740932 0.416320
vt 0.764968 0.354243
vt 0.765981 0.332403
vt 0.763034 0.374127
vt 0.723802 0.425558
vt 0.702829 0.431025
vt 0.676856 0.434288
vt 0.758885 0.274109
vt 0.740931 0.248485
vt 0.764968 0.310562
vt 0.763034 0.290678
vt 0.723802 0.239247
vt 0.702829 0.233781
vt 0.676856 0.230517
vt 0.628950 0.228636
vt 0.499014 0.390696
vt 0.516968 0.416321
vt 0.492931 0.354243
vt 0.491919 0.332403
vt 0.494866 0.374127
vt 0.534097 0.425558
vt 0.555071 0.431025
vt 0.581043 0.434288
vt 0.499014 0.274110
vt 0.516968 0.248485
vt 0.492931 0.310562
vt 0.494866 0.290678
vt 0.534097 0.239247
vt 0.555071 0.233781
vt 0.581043 0.230517
vt 0.390056 0.043453
vt 0.364178 0.049949
vt 0.364177 0.043457
vt 0.390058 0.056393
vt 0.088684 0.617459
vt 0.088683 0.995739
vt 0.109903 0.995739
vt 0.109900 0.617459
vt 0.696669 0.995739
vt 0.634931 0.995739
vt 0.634990 0.617527
vt 0.696727 0.617537
vt 0.800858 0.617554
vt 0.800800 0.995739
vt 0.748332 0.995739
vt 0.748391 0.617545
vt 0.407259 0.617490
vt 0.407229 0.995739
vt 0.424025 0.995739
vt 0.424057 0.617492
vt 0.845897 0.617561
vt 0.845838 0.995739
vt 0.830531 0.995739
vt 0.830589 0.617559
vt 0.815224 0.995739
vt 0.815282 0.617556
vt 0.042462 0.617462
vt 0.029467 0.617466
vt 0.029545 0.969858
vt 0.042562 0.995739
vt 0.057905 0.995739
vt 0.057758 0.617456
vt 0.073045 0.995739
vt 0.073059 0.617460
vt 0.930302 0.272644
vt 0.933458 0.272653
vt 0.933458 0.296370
vt 0.930302 0.296370
vt 0.933458 0.311043
vt 0.930302 0.311079
vt 0.933458 0.324656
vt 0.930302 0.324752
vt 0.933458 0.338309
vt 0.930302 0.338276
vt 0.933458 0.353236
vt 0.930302 0.353206
vt 0.933458 0.375377
vt 0.930302 0.375378
vt 0.930302 0.737361
vt 0.933458 0.737196
vt 0.933458 0.753714
vt 0.930302 0.753682
vt 0.933458 0.767659
vt 0.930302 0.767660
vt 0.933458 0.781695
vt 0.930302 0.781645
vt 0.933458 0.795350
vt 0.930302 0.795469
vt 0.933458 0.856888
vt 0.930302 0.856892
vt 0.933458 0.919963
vt 0.930302 0.919966
vt 0.933458 0.995626
vt 0.930302 0.995626
vt 0.938149 0.272702
vt 0.938149 0.296521
vt 0.938149 0.311097
vt 0.938149 0.324651
vt 0.938149 0.338241
vt 0.938149 0.353066
vt 0.938149 0.375347
vt 0.938149 0.737489
vt 0.938149 0.753791
vt 0.938149 0.767655
vt 0.938149 0.781569
vt 0.938149 0.795273
vt 0.938149 0.856867
vt 0.938149 0.919962
vt 0.938149 0.995626
vt 0.946490 0.297109
vt 0.946490 0.272885
vt 0.946490 0.311392
vt 0.946490 0.324631
vt 0.946490 0.337900
vt 0.946490 0.352437
vt 0.946490 0.375248
vt 0.946490 0.754121
vt 0.946490 0.738431
vt 0.946490 0.767636
vt 0.946490 0.781163
vt 0.946490 0.794930
vt 0.946490 0.856794
vt 0.946490 0.919958
vt 0.946490 0.995626
vt 0.960239 0.273386
vt 0.960239 0.298674
vt 0.957343 0.298316
vt 0.957343 0.273269
vt 0.960239 0.312347
vt 0.957343 0.312097
vt 0.960239 0.324568
vt 0.957343 0.324585
vt 0.960239 0.336807
vt 0.957343 0.337097
vt 0.960239 0.350779
vt 0.957343 0.351172
vt 0.960239 0.374966
vt 0.957343 0.375030
vt 0.960239 0.740339
vt 0.960239 0.755228
vt 0.957343 0.754967
vt 0.957343 0.739984
vt 0.960239 0.767595
vt 0.957343 0.767606
vt 0.960239 0.779931
vt 0.957343 0.780236
vt 0.960239 0.793789
vt 0.957343 0.794024
vt 0.960239 0.856593
vt 0.957343 0.856641
vt 0.960239 0.919947
vt 0.957343 0.919948
vt 0.960239 0.995626
vt 0.957343 0.995626
vt 0.976917 0.300301
vt 0.995400 0.300633
vt 0.995400 0.316757
vt 0.976917 0.316586
vt 0.995400 0.331754
vt 0.976917 0.332573
vt 0.995400 0.347841
vt 0.976917 0.348915
vt 0.976917 0.374585
vt 0.976917 0.742245
vt 0.995400 0.743743
vt 0.995400 0.759335
vt 0.976917 0.758328
vt 0.995400 0.774810
vt 0.976917 0.775263
vt 0.995400 0.790995
vt 0.976917 0.792094
vt 0.995400 0.856174
vt 0.976917 0.856326
vt 0.995400 0.919910
vt 0.976917 0.919921
vt 0.995400 0.995626
vt 0.976917 0.995626
vt 0.386798 0.995739
vt 0.386797 0.617459
vt 0.933458 0.715489
vt 0.930302 0.715488
vt 0.938149 0.715517
vt 0.946490 0.715611
vt 0.960239 0.715865
vt 0.957343 0.715809
vt 0.976917 0.716192
vt 0.995400 0.716393
vt 0.995400 0.420457
vt 0.439699 0.119071
vt 0.442906 0.109274
vt 0.449614 0.102767
vt 0.459346 0.099921
vt 0.629078 0.461209
vt 0.629052 0.476186
vt 0.565428 0.474795
vt 0.571419 0.459509
vt 0.509309 0.206301
vt 0.502817 0.190474
vt 0.569236 0.206261
vt 0.512088 0.471891
vt 0.512071 0.454605
vt 0.459874 0.467283
vt 0.439699 0.426927
vt 0.439699 0.177569
vt 0.461006 0.315709
vt 0.440414 0.446871
vt 0.466989 0.422451
vt 0.477374 0.213057
vt 0.461109 0.239768
vt 0.629101 0.445755
vt 0.577276 0.443760
vt 0.549176 0.440362
vt 0.526421 0.434500
vt 0.507858 0.424436
vt 0.482995 0.443661
vt 0.496174 0.412073
vt 0.488689 0.396236
vt 0.461112 0.391556
vt 0.482702 0.356278
vt 0.489036 0.268449
vt 0.484790 0.286638
vt 0.496551 0.252639
vt 0.508228 0.240354
vt 0.577449 0.221479
vt 0.549412 0.224719
vt 0.526744 0.230406
vt 0.484496 0.378054
vt 0.481737 0.332349
vt 0.482896 0.308447
vt 0.689070 0.206267
vt 0.755487 0.190480
vt 0.954453 0.919950
vt 0.954453 0.995626
vt 0.954453 0.856688
vt 0.954453 0.794248
vt 0.954453 0.780516
vt 0.954453 0.767616
vt 0.954453 0.754729
vt 0.954453 0.739644
vt 0.954453 0.715754
vt 0.954453 0.375091
vt 0.954453 0.351548
vt 0.954453 0.337359
vt 0.954453 0.324600
vt 0.954453 0.311870
vt 0.954453 0.297968
vt 0.954453 0.273156
vt 0.449702 0.464162
vt 0.442950 0.456896
vt 0.026280 0.982819
vt 0.017136 0.992287
vt 0.004606 0.995739
vt 0.027093 0.995739
vt 0.428927 0.427330
vt 0.388998 0.470215
vt 0.334832 0.473566
vt 0.429241 0.406166
vt 0.425350 0.444332
vt 0.403393 0.466296
vt 0.416556 0.457498
vt 0.429241 0.119767
vt 0.428878 0.097821
vt 0.402950 0.060213
vt 0.424903 0.082161
vt 0.416109 0.069001
vt 0.281436 0.475665
vt 0.217525 0.049949
vt 0.217588 0.476737
vt 0.816609 0.033420
vt 0.422868 0.033446
vt 0.422867 0.020506
vt 0.816609 0.020480
vt 0.214131 0.020521
vt 0.377995 0.020509
vt 0.377993 0.033449
vt 0.214133 0.033460
vt 0.576327 0.071300
vt 0.828289 0.071300
vt 0.828284 0.089804
vt 0.576327 0.089804
vt 0.846726 0.089802
vt 0.846726 0.194661
vt 0.828284 0.194661
vt 0.044993 0.043504
vt 0.070872 0.043501
vt 0.070873 0.049949
vt 0.044995 0.056444
vt 0.390844 0.012227
vt 0.004633 0.012267
vt 0.004632 0.004015
vt 0.390844 0.003974
vt 0.996035 0.010575
vt 0.858771 0.010575
vt 0.858771 0.004519
vt 0.996035 0.004519
vt 0.313882 0.503591
vt 0.570046 0.503590
vt 0.570046 0.608446
vt 0.313882 0.608447
vt 0.407904 0.033447
vt 0.407903 0.020507
vt 0.392940 0.033448
vt 0.392939 0.020508
vt 0.837538 0.073779
vt 0.844310 0.080550
vt 0.858526 0.820681
vt 0.858526 0.995502
vt 0.855370 0.995502
vt 0.855370 0.820690
vt 0.863217 0.995502
vt 0.863217 0.820632
vt 0.871557 0.995502
vt 0.871557 0.820450
vt 0.885307 0.819948
vt 0.885307 0.995502
vt 0.882410 0.995502
vt 0.882410 0.820066
vt 0.901985 0.995502
vt 0.901985 0.793023
vt 0.920468 0.995502
vt 0.920468 0.792692
vt 0.088684 0.617459
vt 0.109900 0.617459
vt 0.109903 0.995739
vt 0.088683 0.995739
vt 0.573194 0.995739
vt 0.573253 0.617517
vt 0.469121 0.617499
vt 0.521589 0.617508
vt 0.521531 0.995739
vt 0.469063 0.995739
vt 0.407260 0.617490
vt 0.424057 0.617492
vt 0.424025 0.995739
vt 0.407229 0.995739
vt 0.439390 0.617494
vt 0.439332 0.995739
vt 0.454697 0.617497
vt 0.454639 0.995739
vt 0.042462 0.617462
vt 0.042562 0.995739
vt 0.029545 0.969858
vt 0.029467 0.617466
vt 0.057758 0.617456
vt 0.057905 0.995739
vt 0.073059 0.617460
vt 0.073045 0.995739
vt 0.855370 0.796950
vt 0.858526 0.796949
vt 0.855370 0.782226
vt 0.858526 0.782263
vt 0.855370 0.768547
vt 0.858526 0.768641
vt 0.855370 0.755010
vt 0.858526 0.754977
vt 0.855370 0.740045
vt 0.858526 0.740013
vt 0.855370 0.717763
vt 0.858526 0.717766
vt 0.855370 0.355694
vt 0.855370 0.339382
vt 0.858526 0.339349
vt 0.858526 0.355861
vt 0.855370 0.325406
vt 0.858526 0.325406
vt 0.855370 0.311436
vt 0.858526 0.311387
vt 0.855370 0.297625
vt 0.858526 0.297745
vt 0.855370 0.236274
vt 0.858526 0.236279
vt 0.855370 0.173251
vt 0.858526 0.173255
vt 0.855370 0.097629
vt 0.858526 0.097629
vt 0.863217 0.796797
vt 0.863217 0.782212
vt 0.863217 0.768646
vt 0.863217 0.755045
vt 0.863217 0.740185
vt 0.863217 0.717797
vt 0.863217 0.355573
vt 0.863217 0.339273
vt 0.863217 0.325410
vt 0.863217 0.311512
vt 0.863217 0.297823
vt 0.863217 0.236301
vt 0.863217 0.173257
vt 0.863217 0.097629
vt 0.871557 0.796205
vt 0.871557 0.781921
vt 0.871557 0.768669
vt 0.871557 0.755388
vt 0.871557 0.740820
vt 0.871557 0.717903
vt 0.871557 0.338943
vt 0.871557 0.354635
vt 0.871557 0.325429
vt 0.871557 0.311918
vt 0.871557 0.298169
vt 0.871557 0.236375
vt 0.871557 0.173265
vt 0.871557 0.097629
vt 0.885307 0.794645
vt 0.882410 0.795000
vt 0.885307 0.780966
vt 0.882410 0.781215
vt 0.885307 0.768736
vt 0.882410 0.768719
vt 0.885307 0.756483
vt 0.882410 0.756194
vt 0.885307 0.742494
vt 0.882410 0.742101
vt 0.885307 0.718193
vt 0.882410 0.718128
vt 0.885307 0.337845
vt 0.885307 0.352727
vt 0.882410 0.353081
vt 0.882410 0.338105
vt 0.885307 0.325475
vt 0.882410 0.325460
vt 0.885307 0.313146
vt 0.882410 0.312838
vt 0.885307 0.299311
vt 0.882410 0.299076
vt 0.885307 0.236573
vt 0.882410 0.236526
vt 0.885307 0.173281
vt 0.882410 0.173280
vt 0.882410 0.097629
vt 0.885307 0.097629
vt 0.901985 0.776730
vt 0.920468 0.776557
vt 0.901985 0.760729
vt 0.920468 0.761547
vt 0.901985 0.744363
vt 0.920468 0.745423
vt 0.901985 0.718578
vt 0.901985 0.350829
vt 0.901985 0.334750
vt 0.920468 0.333746
vt 0.920468 0.349328
vt 0.901985 0.317820
vt 0.920468 0.318280
vt 0.901985 0.301005
vt 0.920468 0.302105
vt 0.901985 0.236841
vt 0.920468 0.236992
vt 0.901985 0.173303
vt 0.920468 0.173308
vt 0.901985 0.097629
vt 0.920468 0.097629
vt 0.386798 0.995739
vt 0.386797 0.617459
vt 0.858526 0.377578
vt 0.855370 0.377580
vt 0.863217 0.377551
vt 0.871557 0.377458
vt 0.885307 0.377205
vt 0.882410 0.377261
vt 0.901985 0.376883
vt 0.920468 0.376681
vt 0.920468 0.672682
vt 0.818511 0.119070
vt 0.798865 0.099921
vt 0.808596 0.102766
vt 0.815304 0.109273
vt 0.818511 0.177577
vt 0.629105 0.099921
vt 0.686758 0.459723
vt 0.692730 0.475017
vt 0.748991 0.206308
vt 0.746168 0.454824
vt 0.746158 0.472108
vt 0.798390 0.467411
vt 0.808557 0.464277
vt 0.817820 0.446975
vt 0.815298 0.457003
vt 0.818511 0.427032
vt 0.797243 0.315756
vt 0.791230 0.422575
vt 0.780920 0.213068
vt 0.797172 0.239790
vt 0.680932 0.443938
vt 0.709040 0.440636
vt 0.731801 0.434727
vt 0.750365 0.424619
vt 0.775238 0.443819
vt 0.762049 0.412223
vt 0.769534 0.396357
vt 0.797110 0.391649
vt 0.775530 0.356345
vt 0.773469 0.286647
vt 0.769234 0.268459
vt 0.761727 0.252648
vt 0.750057 0.240361
vt 0.680857 0.221483
vt 0.708887 0.224724
vt 0.731549 0.230412
vt 0.773731 0.378149
vt 0.776502 0.332386
vt 0.775348 0.308449
vt 0.629159 0.219738
vt 0.879521 0.097629
vt 0.879521 0.173278
vt 0.879521 0.236480
vt 0.879521 0.298852
vt 0.879521 0.312560
vt 0.879521 0.325450
vt 0.879521 0.338342
vt 0.879521 0.353421
vt 0.879521 0.377315
vt 0.879521 0.718066
vt 0.879521 0.741722
vt 0.879521 0.755932
vt 0.879521 0.768704
vt 0.879521 0.781443
vt 0.879521 0.795348
vt 0.879521 0.820178
vt 0.879521 0.995502
vt 0.026280 0.982819
vt 0.017136 0.992287
vt 0.027093 0.995739
vt 0.004606 0.995739
vt 0.006235 0.427392
vt 0.005873 0.406229
vt 0.100343 0.473601
vt 0.046177 0.470266
vt 0.009817 0.444393
vt 0.031781 0.466351
vt 0.018615 0.457557
vt 0.005873 0.119830
vt 0.006186 0.097883
vt 0.010157 0.082222
vt 0.032103 0.060268
vt 0.018947 0.069060
vt 0.153740 0.475684
vt 0.976917 0.097932
vt 0.995400 0.097932
vt 0.960239 0.097932
vt 0.957343 0.097932
vt 0.954453 0.097932
vt 0.946490 0.097932
vt 0.938149 0.097932
vt 0.933458 0.097932
vt 0.930302 0.097932
vt 0.816609 0.033420
vt 0.816609 0.020480
vt 0.422867 0.020506
vt 0.422868 0.033446
vt 0.050272 0.033481
vt 0.050267 0.020541
vt 0.576327 0.071300
vt 0.576327 0.089804
vt 0.828284 0.089804
vt 0.828289 0.071300
vt 0.846726 0.089802
vt 0.828284 0.194661
vt 0.846726 0.194661
vt 0.390844 0.012227
vt 0.390844 0.003974
vt 0.004632 0.004015
vt 0.004633 0.012267
vt 0.996035 0.010575
vt 0.996035 0.004519
vt 0.858771 0.004519
vt 0.858771 0.010575
vt 0.313882 0.503591
vt 0.313882 0.608447
vt 0.570046 0.608446
vt 0.570046 0.503590
vt 0.005397 0.033487
vt 0.005395 0.020547
vt 0.020360 0.020545
vt 0.020361 0.033485
vt 0.035323 0.020543
vt 0.035326 0.033483
vt 0.837538 0.073779
vt 0.844310 0.080550
vt 0.401728 0.003458
vt 0.816609 0.003458
vt 0.816609 0.012947
vt 0.401728 0.012947
vt 0.422525 0.042089
vt 0.815908 0.042089
vt 0.815908 0.047804
vt 0.422525 0.047804
vt 0.422606 0.057316
vt 0.815908 0.057316
vt 0.815908 0.063031
vt 0.422606 0.063031
vt 0.912783 0.071022
vt 0.917268 0.071022
vt 0.917268 0.085745
vt 0.913152 0.085745
vt 0.921752 0.071022
vt 0.921384 0.085745
vt 0.926321 0.071022
vt 0.925447 0.085745
vt 0.931089 0.071022
vt 0.929385 0.085745
vt 0.936244 0.071022
vt 0.933080 0.085745
vt 0.898291 0.071022
vt 0.903446 0.071022
vt 0.905150 0.085745
vt 0.901456 0.085745
vt 0.908214 0.071022
vt 0.909088 0.085745
vt 0.015403 0.676343
vt 0.011917 0.676343
vt 0.017868 0.673878
vt 0.009452 0.673878
vt 0.009452 0.670392
vt 0.011917 0.667927
vt 0.015403 0.667927
vt 0.017868 0.670392
vt 0.014922 0.792258
vt 0.014923 0.796671
vt 0.011199 0.796671
vt 0.011198 0.792259
vt 0.014911 0.752544
vt 0.014913 0.756957
vt 0.011189 0.756957
vt 0.011188 0.752545
vt 0.014914 0.761370
vt 0.011190 0.761370
vt 0.014915 0.765782
vt 0.011191 0.765783
vt 0.014916 0.770195
vt 0.011192 0.770195
vt 0.014917 0.774607
vt 0.011193 0.774608
vt 0.014918 0.779020
vt 0.011195 0.779020
vt 0.014920 0.783433
vt 0.011196 0.783433
vt 0.014921 0.787846
vt 0.011197 0.787846
vt 0.017359 0.465722
vt 0.020472 0.470006
vt 0.012323 0.472654
vt 0.012323 0.464087
vt 0.007287 0.465723
vt 0.004175 0.470007
vt 0.004175 0.475303
vt 0.007288 0.479586
vt 0.012324 0.481222
vt 0.017360 0.479585
vt 0.020472 0.475301
vt 0.015627 0.703328
vt 0.015625 0.719113
vt 0.011745 0.719113
vt 0.011745 0.703327
vt 0.555273 0.482546
vt 0.555272 0.495701
vt 0.462596 0.495697
vt 0.462597 0.482542
vt 0.015368 0.742501
vt 0.012133 0.742501
vt 0.012131 0.729347
vt 0.015366 0.729346
vt 0.804670 0.608841
vt 0.714583 0.608845
vt 0.714583 0.605610
vt 0.804669 0.605606
vt 0.011306 0.900326
vt 0.011303 0.806341
vt 0.014538 0.806341
vt 0.014539 0.900325
vt 0.873218 0.021233
vt 0.877702 0.021233
vt 0.877702 0.035956
vt 0.873586 0.035956
vt 0.882187 0.021233
vt 0.881819 0.035956
vt 0.886756 0.021233
vt 0.885882 0.035956
vt 0.891523 0.021233
vt 0.889820 0.035956
vt 0.896679 0.021233
vt 0.893515 0.035956
vt 0.858726 0.021233
vt 0.863881 0.021233
vt 0.865585 0.035956
vt 0.861890 0.035956
vt 0.868649 0.021233
vt 0.869523 0.035956
vt 0.671893 0.554571
vt 0.668407 0.554571
vt 0.674358 0.552106
vt 0.665942 0.552106
vt 0.665942 0.548620
vt 0.668407 0.546155
vt 0.671893 0.546155
vt 0.674358 0.548620
vt 0.956625 0.023065
vt 0.952212 0.023066
vt 0.952212 0.019342
vt 0.956625 0.019341
vt 0.996339 0.023054
vt 0.991926 0.023056
vt 0.991926 0.019332
vt 0.996339 0.019331
vt 0.987513 0.023057
vt 0.987513 0.019333
vt 0.983101 0.023058
vt 0.983100 0.019334
vt 0.978688 0.023059
vt 0.978688 0.019335
vt 0.974276 0.023060
vt 0.974275 0.019336
vt 0.969863 0.023061
vt 0.969863 0.019337
vt 0.965450 0.023062
vt 0.965450 0.019339
vt 0.961038 0.023064
vt 0.961037 0.019340
vt 0.021536 0.042580
vt 0.024649 0.046864
vt 0.016501 0.049512
vt 0.016500 0.040945
vt 0.011464 0.042581
vt 0.008353 0.046866
vt 0.008353 0.052161
vt 0.011466 0.056444
vt 0.016502 0.058080
vt 0.021538 0.056443
vt 0.024650 0.052159
vt 0.807970 0.496033
vt 0.807390 0.502390
vt 0.801298 0.496028
vt 0.578608 0.513813
vt 0.577308 0.503610
vt 0.578813 0.503610
vt 0.580496 0.510726
vt 0.815823 0.481228
vt 0.813951 0.471294
vt 0.818446 0.470078
vt 0.798030 0.503486
vt 0.794541 0.496029
vt 0.805633 0.508361
vt 0.790652 0.503628
vt 0.788973 0.496033
vt 0.583031 0.522831
vt 0.585734 0.516030
vt 0.782524 0.573581
vt 0.782523 0.562285
vt 0.787181 0.562285
vt 0.787181 0.573581
vt 0.795657 0.509758
vt 0.803265 0.513824
vt 0.594064 0.517648
vt 0.594127 0.522831
vt 0.774215 0.496844
vt 0.780306 0.503203
vt 0.770945 0.504301
vt 0.618663 0.493138
vt 0.619982 0.503339
vt 0.618478 0.503341
vt 0.616781 0.496229
vt 0.826480 0.501738
vt 0.828352 0.511672
vt 0.823857 0.512888
vt 0.767455 0.496844
vt 0.778548 0.509175
vt 0.763565 0.504442
vt 0.761887 0.496844
vt 0.614221 0.484140
vt 0.611532 0.490934
vt 0.019567 0.632451
vt 0.008272 0.632454
vt 0.008271 0.627796
vt 0.019567 0.627794
vt 0.768572 0.510573
vt 0.603199 0.489333
vt 0.603126 0.484140
vt 0.807395 0.489678
vt 0.578610 0.493407
vt 0.580498 0.496495
vt 0.815825 0.501738
vt 0.818449 0.512889
vt 0.813953 0.511674
vt 0.798030 0.488564
vt 0.805746 0.483594
vt 0.790645 0.488440
vt 0.583037 0.484392
vt 0.585737 0.491192
vt 0.816617 0.491483
vt 0.825686 0.491482
vt 0.019567 0.617714
vt 0.019567 0.622371
vt 0.008270 0.622373
vt 0.008269 0.617716
vt 0.795619 0.482300
vt 0.594068 0.489577
vt 0.594132 0.484392
vt 0.780307 0.490485
vt 0.770945 0.489388
vt 0.618700 0.513544
vt 0.616807 0.510460
vt 0.826478 0.481228
vt 0.823854 0.470077
vt 0.828349 0.471292
vt 0.778549 0.484514
vt 0.763565 0.489247
vt 0.614291 0.522578
vt 0.611578 0.515773
vt 0.797261 0.573581
vt 0.792604 0.573581
vt 0.792604 0.562285
vt 0.797261 0.562285
vt 0.768573 0.483116
vt 0.776181 0.479050
vt 0.603250 0.517404
vt 0.603195 0.522578
vt 0.780885 0.496844
vt 0.776181 0.514638
vt 0.803138 0.478087
vt 0.369728 0.485711
vt 0.377295 0.485710
vt 0.377297 0.494508
vt 0.369730 0.494510
vt 0.384863 0.485709
vt 0.384864 0.494507
vt 0.392430 0.485707
vt 0.392432 0.494505
vt 0.399997 0.485706
vt 0.399999 0.494504
vt 0.407565 0.485704
vt 0.407567 0.494502
vt 0.415132 0.485703
vt 0.415134 0.494501
vt 0.422700 0.485701
vt 0.422701 0.494500
vt 0.430266 0.485700
vt 0.430269 0.494498
vt 0.437834 0.485698
vt 0.437836 0.494497
vt 0.445401 0.485697
vt 0.445403 0.494495
vt 0.452969 0.485696
vt 0.452971 0.494494
vt 0.331892 0.485719
vt 0.339459 0.485717
vt 0.339460 0.494515
vt 0.331893 0.494517
vt 0.347026 0.485716
vt 0.347028 0.494514
vt 0.354593 0.485714
vt 0.354595 0.494513
vt 0.362161 0.485713
vt 0.362162 0.494511
vt 0.838349 0.558653
vt 0.831259 0.561590
vt 0.827422 0.542299
vt 0.823584 0.561589
vt 0.816494 0.558653
vt 0.811068 0.553226
vt 0.808132 0.546136
vt 0.808132 0.538462
vt 0.811068 0.531372
vt 0.816495 0.525946
vt 0.823585 0.523009
vt 0.831259 0.523009
vt 0.838349 0.525946
vt 0.843776 0.531373
vt 0.846712 0.538463
vt 0.846712 0.546137
vt 0.843775 0.553227
vt 0.807970 0.496033
vt 0.801298 0.496028
vt 0.807390 0.502390
vt 0.578607 0.513813
vt 0.580496 0.510726
vt 0.578813 0.503610
vt 0.577308 0.503610
vt 0.815823 0.481228
vt 0.818446 0.470078
vt 0.813950 0.471294
vt 0.798030 0.503486
vt 0.794541 0.496029
vt 0.805633 0.508361
vt 0.790652 0.503628
vt 0.788973 0.496033
vt 0.583031 0.522831
vt 0.585734 0.516030
vt 0.782524 0.573581
vt 0.787181 0.573581
vt 0.787181 0.562285
vt 0.782523 0.562285
vt 0.795657 0.509758
vt 0.803265 0.513824
vt 0.594064 0.517648
vt 0.594127 0.522831
vt 0.774214 0.496844
vt 0.770945 0.504301
vt 0.780306 0.503203
vt 0.618663 0.493138
vt 0.616781 0.496229
vt 0.618478 0.503341
vt 0.619982 0.503339
vt 0.826480 0.501738
vt 0.823857 0.512888
vt 0.828352 0.511672
vt 0.767455 0.496844
vt 0.778548 0.509175
vt 0.763565 0.504442
vt 0.761887 0.496844
vt 0.614221 0.484140
vt 0.611532 0.490934
vt 0.019567 0.632451
vt 0.019567 0.627794
vt 0.008271 0.627796
vt 0.008272 0.632454
vt 0.768572 0.510573
vt 0.603199 0.489333
vt 0.603126 0.484140
vt 0.807395 0.489678
vt 0.578610 0.493407
vt 0.580498 0.496495
vt 0.815825 0.501738
vt 0.813953 0.511674
vt 0.818449 0.512889
vt 0.798030 0.488564
vt 0.805746 0.483594
vt 0.790645 0.488440
vt 0.583037 0.484392
vt 0.585737 0.491192
vt 0.825686 0.491482
vt 0.816617 0.491483
vt 0.019567 0.617714
vt 0.008269 0.617716
vt 0.008270 0.622373
vt 0.019567 0.622371
vt 0.795619 0.482300
vt 0.594068 0.489577
vt 0.594132 0.484392
vt 0.780307 0.490485
vt 0.770945 0.489388
vt 0.618700 0.513544
vt 0.616806 0.510460
vt 0.826478 0.481228
vt 0.828349 0.471292
vt 0.823854 0.470077
vt 0.778549 0.484514
vt 0.763565 0.489247
vt 0.614291 0.522578
vt 0.611577 0.515773
vt 0.797261 0.573581
vt 0.797261 0.562285
vt 0.792604 0.562285
vt 0.792604 0.573581
vt 0.768573 0.483116
vt 0.776181 0.479050
vt 0.603250 0.517404
vt 0.603195 0.522578
vt 0.780885 0.496844
vt 0.776181 0.514638
vt 0.803138 0.478087
vt 0.369728 0.485711
vt 0.369730 0.494510
vt 0.377297 0.494508
vt 0.377295 0.485710
vt 0.384864 0.494507
vt 0.384863 0.485709
vt 0.392432 0.494505
vt 0.392430 0.485707
vt 0.399999 0.494504
vt 0.399998 0.485706
vt 0.407566 0.494502
vt 0.407565 0.485704
vt 0.415134 0.494501
vt 0.415132 0.485703
vt 0.422701 0.494500
vt 0.422700 0.485701
vt 0.430269 0.494498
vt 0.430266 0.485700
vt 0.437836 0.494497
vt 0.437834 0.485698
vt 0.445403 0.494495
vt 0.445401 0.485697
vt 0.452971 0.494494
vt 0.452969 0.485696
vt 0.331891 0.485719
vt 0.331893 0.494517
vt 0.339460 0.494515
vt 0.339459 0.485717
vt 0.347028 0.494514
vt 0.347026 0.485716
vt 0.354595 0.494513
vt 0.354593 0.485714
vt 0.362162 0.494511
vt 0.362161 0.485713
vt 0.838349 0.558653
vt 0.827422 0.542299
vt 0.831259 0.561590
vt 0.823584 0.561589
vt 0.816494 0.558653
vt 0.811068 0.553226
vt 0.808132 0.546136
vt 0.808132 0.538462
vt 0.811068 0.531372
vt 0.816495 0.525946
vt 0.823585 0.523009
vt 0.831259 0.523009
vt 0.838349 0.525946
vt 0.843776 0.531373
vt 0.846712 0.538463
vt 0.846712 0.546137
vt 0.843775 0.553227
vt 0.918841 0.021325
vt 0.923325 0.021325
vt 0.923325 0.036047
vt 0.919209 0.036047
vt 0.927810 0.021325
vt 0.927442 0.036047
vt 0.932379 0.021325
vt 0.931505 0.036047
vt 0.937146 0.021325
vt 0.935443 0.036047
vt 0.942302 0.021325
vt 0.939138 0.036047
vt 0.904349 0.021325
vt 0.909504 0.021325
vt 0.911208 0.036047
vt 0.907514 0.036047
vt 0.914272 0.021325
vt 0.915146 0.036047
vt 0.790363 0.533301
vt 0.786877 0.533301
vt 0.792828 0.530836
vt 0.784412 0.530836
vt 0.784411 0.527350
vt 0.786876 0.524885
vt 0.790362 0.524885
vt 0.792827 0.527350
vt 0.956434 0.034634
vt 0.952021 0.034635
vt 0.952021 0.030912
vt 0.956433 0.030910
vt 0.996147 0.034624
vt 0.991735 0.034625
vt 0.991735 0.030901
vt 0.996147 0.030900
vt 0.987322 0.034626
vt 0.987322 0.030902
vt 0.982910 0.034627
vt 0.982909 0.030903
vt 0.978497 0.034629
vt 0.978497 0.030905
vt 0.974084 0.034630
vt 0.974084 0.030906
vt 0.969672 0.034631
vt 0.969671 0.030907
vt 0.965259 0.034632
vt 0.965258 0.030908
vt 0.960846 0.034633
vt 0.960846 0.030909
vt 0.311879 0.482616
vt 0.314992 0.486900
vt 0.306844 0.489548
vt 0.306843 0.480980
vt 0.301807 0.482617
vt 0.298695 0.486901
vt 0.298696 0.492196
vt 0.301808 0.496480
vt 0.306844 0.498116
vt 0.311880 0.496479
vt 0.314992 0.492195
vt 0.686868 0.535242
vt 0.684380 0.535831
vt 0.684380 0.524687
vt 0.686868 0.524687
vt 0.694863 0.537856
vt 0.686868 0.537255
vt 0.705424 0.535831
vt 0.703102 0.535174
vt 0.703102 0.524687
vt 0.705424 0.524687
vt 0.705424 0.551665
vt 0.703102 0.551820
vt 0.703102 0.544370
vt 0.723410 0.535831
vt 0.720920 0.535831
vt 0.720920 0.524687
vt 0.723410 0.524687
vt 0.685587 0.554268
vt 0.685937 0.551910
vt 0.694937 0.551743
vt 0.668629 0.535831
vt 0.666114 0.535831
vt 0.666114 0.524687
vt 0.668629 0.524687
vt 0.742466 0.524687
vt 0.742466 0.535831
vt 0.703102 0.537203
vt 0.704296 0.554268
vt 0.684380 0.551763
vt 0.691223 0.541559
vt 0.698542 0.541537
vt 0.698665 0.547754
vt 0.691153 0.547797
vt 0.686868 0.544442
vt 0.663501 0.495062
vt 0.661013 0.495650
vt 0.661013 0.484507
vt 0.663501 0.484507
vt 0.671496 0.497676
vt 0.663501 0.497074
vt 0.682057 0.495650
vt 0.679735 0.494993
vt 0.679735 0.484507
vt 0.682057 0.484507
vt 0.682057 0.511484
vt 0.679735 0.511639
vt 0.679735 0.504190
vt 0.700043 0.495650
vt 0.697552 0.495650
vt 0.697552 0.484507
vt 0.700043 0.484507
vt 0.662219 0.514088
vt 0.662570 0.511729
vt 0.671570 0.511562
vt 0.645261 0.495650
vt 0.642747 0.495650
vt 0.642747 0.484507
vt 0.645261 0.484507
vt 0.719098 0.484507
vt 0.719098 0.495650
vt 0.679735 0.497022
vt 0.680928 0.514088
vt 0.661013 0.511582
vt 0.667856 0.501378
vt 0.675175 0.501356
vt 0.675298 0.507573
vt 0.667786 0.507617
vt 0.663501 0.504261
vt 0.688901 0.573980
vt 0.686413 0.574569
vt 0.686413 0.563425
vt 0.688901 0.563425
vt 0.696896 0.576594
vt 0.688901 0.575993
vt 0.707457 0.574569
vt 0.705135 0.573912
vt 0.705135 0.563425
vt 0.707457 0.563425
vt 0.707457 0.590403
vt 0.705135 0.590558
vt 0.705135 0.583108
vt 0.725443 0.574569
vt 0.722953 0.574569
vt 0.722953 0.563425
vt 0.725443 0.563425
vt 0.687620 0.593006
vt 0.687970 0.590648
vt 0.696970 0.590481
vt 0.670662 0.574569
vt 0.668147 0.574569
vt 0.668147 0.563425
vt 0.670662 0.563425
vt 0.744499 0.563425
vt 0.744499 0.574569
vt 0.705135 0.575940
vt 0.706329 0.593006
vt 0.686413 0.590501
vt 0.693256 0.580297
vt 0.700575 0.580275
vt 0.700698 0.586492
vt 0.693186 0.586535
vt 0.688901 0.583180
vt 0.771505 0.584269
vt 0.773993 0.583681
vt 0.773993 0.594824
vt 0.771505 0.594824
vt 0.763510 0.581655
vt 0.771505 0.582257
vt 0.752949 0.583681
vt 0.755271 0.584338
vt 0.755271 0.594824
vt 0.752949 0.594824
vt 0.752949 0.567847
vt 0.755271 0.567692
vt 0.755271 0.575141
vt 0.734963 0.583681
vt 0.737453 0.583681
vt 0.737453 0.594824
vt 0.734963 0.594824
vt 0.772787 0.565243
vt 0.772436 0.567602
vt 0.763436 0.567769
vt 0.789745 0.583681
vt 0.792259 0.583681
vt 0.792259 0.594824
vt 0.789745 0.594824
vt 0.715908 0.594824
vt 0.715908 0.583681
vt 0.755271 0.582309
vt 0.754077 0.565243
vt 0.773993 0.567749
vt 0.767150 0.577953
vt 0.759831 0.577975
vt 0.759708 0.571758
vt 0.767220 0.571714
vt 0.771505 0.575070
vt 0.770876 0.545134
vt 0.773364 0.544545
vt 0.773364 0.555689
vt 0.770876 0.555689
vt 0.762881 0.542520
vt 0.770876 0.543121
vt 0.752320 0.544545
vt 0.754642 0.545202
vt 0.754642 0.555689
vt 0.752320 0.555689
vt 0.752320 0.528711
vt 0.754642 0.528556
vt 0.754642 0.536006
vt 0.734334 0.544545
vt 0.736825 0.544545
vt 0.736825 0.555689
vt 0.734334 0.555689
vt 0.772158 0.526108
vt 0.771807 0.528466
vt 0.762807 0.528633
vt 0.789116 0.544545
vt 0.791630 0.544545
vt 0.791630 0.555689
vt 0.789116 0.555689
vt 0.715279 0.555689
vt 0.715279 0.544545
vt 0.754642 0.543173
vt 0.753448 0.526108
vt 0.773364 0.528613
vt 0.766521 0.538817
vt 0.759202 0.538839
vt 0.759079 0.532622
vt 0.766591 0.532579
vt 0.770876 0.535935
vt 0.877857 0.089579
vt 0.873372 0.089579
vt 0.873372 0.072520
vt 0.877488 0.072521
vt 0.868888 0.089579
vt 0.869256 0.072520
vt 0.864319 0.089579
vt 0.865193 0.072521
vt 0.859551 0.089579
vt 0.861255 0.072521
vt 0.854396 0.089579
vt 0.857560 0.072521
vt 0.892349 0.089579
vt 0.887194 0.089579
vt 0.885490 0.072520
vt 0.889185 0.072521
vt 0.882426 0.089579
vt 0.881552 0.072521
vt 0.011639 0.692948
vt 0.009174 0.690483
vt 0.015124 0.692948
vt 0.009174 0.686997
vt 0.011639 0.684532
vt 0.015124 0.684532
vt 0.017589 0.686997
vt 0.017589 0.690483
vt 0.661654 0.609858
vt 0.657008 0.609857
vt 0.657009 0.603352
vt 0.661655 0.603352
vt 0.703468 0.609861
vt 0.698822 0.609860
vt 0.698822 0.603354
vt 0.703468 0.603355
vt 0.694176 0.609860
vt 0.694176 0.603354
vt 0.689530 0.609859
vt 0.689530 0.603354
vt 0.684884 0.609859
vt 0.684884 0.603354
vt 0.680238 0.609859
vt 0.680238 0.603353
vt 0.675592 0.609859
vt 0.675592 0.603353
vt 0.670946 0.609858
vt 0.670946 0.603353
vt 0.666300 0.609858
vt 0.666300 0.603352
vt 0.606987 0.499960
vt 0.606994 0.505255
vt 0.598842 0.502618
vt 0.603869 0.495680
vt 0.598831 0.494050
vt 0.593797 0.495693
vt 0.590690 0.499981
vt 0.590697 0.505276
vt 0.593816 0.509556
vt 0.598853 0.511186
vt 0.603887 0.509543
vt 0.526482 0.073229
vt 0.535022 0.073229
vt 0.536349 0.090728
vt 0.526960 0.090728
vt 0.542986 0.073229
vt 0.546671 0.090728
vt 0.439436 0.073229
vt 0.447400 0.073229
vt 0.446073 0.090728
vt 0.435751 0.090728
vt 0.455939 0.073229
vt 0.455462 0.090728
vt 0.464686 0.073229
vt 0.464514 0.090728
vt 0.473507 0.073229
vt 0.473446 0.090728
vt 0.482354 0.073229
vt 0.482335 0.090728
vt 0.491211 0.073229
vt 0.491211 0.090728
vt 0.500067 0.073229
vt 0.500086 0.090728
vt 0.508914 0.073229
vt 0.508975 0.090728
vt 0.517735 0.073229
vt 0.517907 0.090728
vt 0.832648 0.609886
vt 0.821842 0.609884
vt 0.827248 0.589721
vt 0.812484 0.604480
vt 0.807082 0.595121
vt 0.807084 0.584315
vt 0.812488 0.574957
vt 0.821848 0.569555
vt 0.832654 0.569557
vt 0.842011 0.574962
vt 0.847413 0.584321
vt 0.847412 0.595127
vt 0.842007 0.604484
vt 0.995845 0.073371
vt 0.995845 0.077585
vt 0.975370 0.077585
vt 0.975370 0.073371
vt 0.995845 0.081791
vt 0.975370 0.081791
vt 0.995845 0.085977
vt 0.975370 0.085977
vt 0.995845 0.090213
vt 0.975370 0.090213
vt 0.972634 0.077585
vt 0.972616 0.085977
vt 0.966087 0.073670
vt 0.966087 0.077882
vt 0.945607 0.077882
vt 0.945607 0.073670
vt 0.966087 0.082090
vt 0.945607 0.082090
vt 0.966087 0.086274
vt 0.945607 0.086274
vt 0.966087 0.090511
vt 0.945607 0.090511
vt 0.942879 0.077882
vt 0.942851 0.086274
vt 0.063902 0.608176
vt 0.044988 0.608176
vt 0.054023 0.486264
vt 0.070525 0.486264
vt 0.025630 0.608176
vt 0.037858 0.486264
vt 0.005647 0.608176
vt 0.022167 0.486264
vt 0.305090 0.608176
vt 0.285107 0.608176
vt 0.272876 0.486264
vt 0.288571 0.486264
vt 0.265749 0.608176
vt 0.256718 0.486264
vt 0.246835 0.608176
vt 0.240209 0.486264
vt 0.228223 0.608176
vt 0.223471 0.486264
vt 0.209826 0.608176
vt 0.206573 0.486264
vt 0.191586 0.608176
vt 0.189571 0.486264
vt 0.173461 0.608176
vt 0.172492 0.486264
vt 0.155368 0.608176
vt 0.155369 0.486264
vt 0.137276 0.608176
vt 0.138244 0.486264
vt 0.119151 0.608176
vt 0.121167 0.486264
vt 0.100911 0.608176
vt 0.104162 0.486264
vt 0.082514 0.608176
vt 0.087268 0.486264
vt 0.604096 0.550950
vt 0.621300 0.547470
vt 0.616900 0.569977
vt 0.635927 0.557173
vt 0.639408 0.574378
vt 0.629704 0.589004
vt 0.612499 0.592485
vt 0.597873 0.582781
vt 0.594392 0.565577
vt 0.608875 0.530315
vt 0.639271 0.536258
vt 0.650435 0.547410
vt 0.656562 0.561953
vt 0.656571 0.577733
vt 0.650620 0.592348
vt 0.639467 0.603513
vt 0.624925 0.609640
vt 0.609144 0.609648
vt 0.594529 0.603697
vt 0.583364 0.592545
vt 0.577238 0.578002
vt 0.577229 0.562222
vt 0.583180 0.547606
vt 0.594333 0.536442
vt 0.624656 0.530307
vt 0.873322 0.045538
vt 0.877807 0.045538
vt 0.877807 0.062597
vt 0.873691 0.062597
vt 0.882292 0.045538
vt 0.881923 0.062597
vt 0.886860 0.045538
vt 0.885986 0.062597
vt 0.891628 0.045538
vt 0.889924 0.062597
vt 0.896783 0.045538
vt 0.893619 0.062597
vt 0.858831 0.045538
vt 0.863986 0.045538
vt 0.865689 0.062597
vt 0.861995 0.062597
vt 0.868753 0.045538
vt 0.869627 0.062597
vt 0.693928 0.513985
vt 0.691463 0.511520
vt 0.697414 0.513985
vt 0.691463 0.508034
vt 0.693928 0.505569
vt 0.697414 0.505569
vt 0.699879 0.508034
vt 0.699879 0.511520
vt 0.955813 0.050022
vt 0.951400 0.050021
vt 0.951401 0.043516
vt 0.955813 0.043516
vt 0.995526 0.050024
vt 0.991114 0.050024
vt 0.991114 0.043518
vt 0.995527 0.043519
vt 0.986701 0.050024
vt 0.986701 0.043518
vt 0.982289 0.050023
vt 0.982289 0.043518
vt 0.977876 0.050023
vt 0.977876 0.043518
vt 0.973463 0.050023
vt 0.973464 0.043517
vt 0.969051 0.050023
vt 0.969051 0.043517
vt 0.964638 0.050022
vt 0.964638 0.043516
vt 0.960225 0.050022
vt 0.960226 0.043516
vt 0.437123 0.465262
vt 0.437130 0.470557
vt 0.428978 0.467920
vt 0.434004 0.460982
vt 0.428966 0.459353
vt 0.423932 0.460996
vt 0.420826 0.465284
vt 0.420833 0.470579
vt 0.423951 0.474859
vt 0.428989 0.476488
vt 0.434023 0.474845
vt 0.919709 0.045311
vt 0.924193 0.045311
vt 0.924193 0.062370
vt 0.920077 0.062370
vt 0.928678 0.045311
vt 0.928309 0.062370
vt 0.933247 0.045311
vt 0.932373 0.062370
vt 0.938014 0.045311
vt 0.936311 0.062370
vt 0.943170 0.045311
vt 0.940006 0.062370
vt 0.905217 0.045311
vt 0.910372 0.045311
vt 0.912075 0.062370
vt 0.908381 0.062370
vt 0.915140 0.045311
vt 0.916014 0.062370
vt 0.713738 0.513761
vt 0.711273 0.511296
vt 0.717224 0.513761
vt 0.711273 0.507810
vt 0.713738 0.505345
vt 0.717224 0.505345
vt 0.719689 0.507810
vt 0.719689 0.511296
vt 0.955906 0.065032
vt 0.951493 0.065032
vt 0.951494 0.058526
vt 0.955907 0.058526
vt 0.995620 0.065035
vt 0.991207 0.065034
vt 0.991207 0.058529
vt 0.995620 0.058529
vt 0.986794 0.065034
vt 0.986795 0.058528
vt 0.982382 0.065034
vt 0.982382 0.058528
vt 0.977969 0.065033
vt 0.977970 0.058528
vt 0.973557 0.065033
vt 0.973557 0.058527
vt 0.969144 0.065033
vt 0.969144 0.058527
vt 0.964731 0.065033
vt 0.964732 0.058527
vt 0.960319 0.065032
vt 0.960319 0.058527
vt 0.021837 0.647497
vt 0.021844 0.652792
vt 0.013692 0.650155
vt 0.018719 0.643217
vt 0.013680 0.641587
vt 0.008646 0.643230
vt 0.005540 0.647519
vt 0.005547 0.652814
vt 0.008666 0.657094
vt 0.013703 0.658723
vt 0.018737 0.657080
vt 0.919708 0.045311
vt 0.924193 0.045311
vt 0.924193 0.062370
vt 0.920077 0.062370
vt 0.928678 0.045311
vt 0.928309 0.062370
vt 0.933247 0.045311
vt 0.932373 0.062370
vt 0.938014 0.045311
vt 0.936311 0.062370
vt 0.943170 0.045311
vt 0.940006 0.062370
vt 0.905217 0.045311
vt 0.910372 0.045311
vt 0.912075 0.062370
vt 0.908381 0.062370
vt 0.915140 0.045311
vt 0.916014 0.062370
vt 0.713738 0.513761
vt 0.711273 0.511296
vt 0.717224 0.513761
vt 0.711273 0.507810
vt 0.713738 0.505345
vt 0.717224 0.505345
vt 0.719689 0.507810
vt 0.719689 0.511296
vt 0.955906 0.065032
vt 0.951493 0.065032
vt 0.951494 0.058526
vt 0.955907 0.058526
vt 0.995620 0.065035
vt 0.991207 0.065034
vt 0.991207 0.058529
vt 0.995620 0.058529
vt 0.986794 0.065034
vt 0.986795 0.058528
vt 0.982382 0.065034
vt 0.982382 0.058528
vt 0.977969 0.065033
vt 0.977970 0.058528
vt 0.973557 0.065033
vt 0.973557 0.058527
vt 0.969144 0.065033
vt 0.969144 0.058527
vt 0.964731 0.065033
vt 0.964732 0.058527
vt 0.960319 0.065032
vt 0.960319 0.058527
vt 0.021837 0.647497
vt 0.021844 0.652792
vt 0.013692 0.650155
vt 0.018719 0.643217
vt 0.013680 0.641587
vt 0.008646 0.643230
vt 0.005540 0.647519
vt 0.005547 0.652814
vt 0.008666 0.657094
vt 0.013703 0.658723
vt 0.018737 0.657080
vt 0.873322 0.045538
vt 0.877807 0.045538
vt 0.877807 0.062597
vt 0.873691 0.062597
vt 0.882292 0.045538
vt 0.881923 0.062597
vt 0.886860 0.045538
vt 0.885986 0.062597
vt 0.891628 0.045538
vt 0.889925 0.062597
vt 0.896783 0.045538
vt 0.893619 0.062597
vt 0.858831 0.045538
vt 0.863986 0.045538
vt 0.865689 0.062597
vt 0.861995 0.062597
vt 0.868753 0.045538
vt 0.869627 0.062597
vt 0.693928 0.513985
vt 0.691463 0.511520
vt 0.697414 0.513985
vt 0.691463 0.508034
vt 0.693928 0.505569
vt 0.697414 0.505569
vt 0.699879 0.508034
vt 0.699879 0.511520
vt 0.955813 0.050022
vt 0.951400 0.050021
vt 0.951401 0.043516
vt 0.955813 0.043516
vt 0.995526 0.050024
vt 0.991114 0.050024
vt 0.991114 0.043518
vt 0.995527 0.043519
vt 0.986701 0.050024
vt 0.986701 0.043518
vt 0.982289 0.050023
vt 0.982289 0.043518
vt 0.977876 0.050023
vt 0.977876 0.043518
vt 0.973463 0.050023
vt 0.973464 0.043517
vt 0.969051 0.050023
vt 0.969051 0.043517
vt 0.964638 0.050022
vt 0.964638 0.043516
vt 0.960225 0.050022
vt 0.960226 0.043516
vt 0.437123 0.465262
vt 0.437130 0.470557
vt 0.428978 0.467920
vt 0.434004 0.460982
vt 0.428966 0.459353
vt 0.423932 0.460996
vt 0.420826 0.465284
vt 0.420833 0.470579
vt 0.423951 0.474859
vt 0.428989 0.476488
vt 0.434023 0.474845
vt 0.877857 0.089579
vt 0.873373 0.089579
vt 0.873373 0.072520
vt 0.877488 0.072521
vt 0.868888 0.089579
vt 0.869256 0.072520
vt 0.864319 0.089579
vt 0.865193 0.072521
vt 0.859551 0.089579
vt 0.861255 0.072521
vt 0.854396 0.089579
vt 0.857560 0.072521
vt 0.892349 0.089579
vt 0.887194 0.089579
vt 0.885490 0.072520
vt 0.889185 0.072521
vt 0.882426 0.089579
vt 0.881552 0.072521
vt 0.011639 0.692948
vt 0.009174 0.690483
vt 0.015124 0.692948
vt 0.009174 0.686997
vt 0.011639 0.684532
vt 0.015124 0.684532
vt 0.017589 0.686997
vt 0.017589 0.690483
vt 0.661654 0.609858
vt 0.657008 0.609857
vt 0.657009 0.603352
vt 0.661655 0.603352
vt 0.703468 0.609861
vt 0.698822 0.609860
vt 0.698822 0.603354
vt 0.703468 0.603355
vt 0.694176 0.609860
vt 0.694176 0.603354
vt 0.689530 0.609859
vt 0.689530 0.603354
vt 0.684884 0.609859
vt 0.684885 0.603354
vt 0.680238 0.609859
vt 0.680238 0.603353
vt 0.675592 0.609859
vt 0.675592 0.603353
vt 0.670946 0.609858
vt 0.670946 0.603353
vt 0.666300 0.609858
vt 0.666300 0.603352
vt 0.606987 0.499960
vt 0.606994 0.505255
vt 0.598842 0.502618
vt 0.603869 0.495680
vt 0.598831 0.494050
vt 0.593797 0.495693
vt 0.590690 0.499981
vt 0.590697 0.505276
vt 0.593816 0.509556
vt 0.598853 0.511186
vt 0.603887 0.509543
vt 0.846700 0.432119
vt 0.846699 0.438836
vt 0.837211 0.438834
vt 0.837212 0.432117
vt 0.846698 0.445553
vt 0.837210 0.445552
vt 0.846697 0.452271
vt 0.837208 0.452269
vt 0.846696 0.458988
vt 0.837207 0.458986
vt 0.846695 0.465705
vt 0.837207 0.465704
vt 0.846694 0.472423
vt 0.837205 0.472421
vt 0.846693 0.479140
vt 0.837204 0.479138
vt 0.846692 0.485857
vt 0.837203 0.485856
vt 0.846691 0.492574
vt 0.837202 0.492573
vt 0.846690 0.499292
vt 0.837201 0.499290
vt 0.842661 0.005975
vt 0.849183 0.010713
vt 0.838631 0.017858
vt 0.834600 0.005975
vt 0.828079 0.010713
vt 0.825588 0.018380
vt 0.828079 0.026046
vt 0.834600 0.030784
vt 0.842661 0.030784
vt 0.849183 0.026046
vt 0.851674 0.018380
vt 0.847377 0.202139
vt 0.847376 0.208856
vt 0.837887 0.208855
vt 0.837888 0.202137
vt 0.847375 0.215573
vt 0.837886 0.215572
vt 0.847374 0.222291
vt 0.837885 0.222289
vt 0.847373 0.229008
vt 0.837884 0.229007
vt 0.847372 0.235726
vt 0.837883 0.235724
vt 0.847371 0.242443
vt 0.837882 0.242442
vt 0.847370 0.249160
vt 0.837881 0.249159
vt 0.847368 0.255878
vt 0.837880 0.255876
vt 0.847368 0.262595
vt 0.837879 0.262594
vt 0.847366 0.269313
vt 0.837878 0.269311
vt 0.643948 0.503097
vt 0.650360 0.507756
vt 0.639984 0.514781
vt 0.636021 0.503097
vt 0.629609 0.507756
vt 0.627159 0.515294
vt 0.629609 0.522833
vt 0.636021 0.527492
vt 0.643948 0.527492
vt 0.650360 0.522833
vt 0.652810 0.515294
vt 0.847742 0.277926
vt 0.847741 0.284643
vt 0.838252 0.284642
vt 0.838253 0.277924
vt 0.847740 0.291360
vt 0.838251 0.291359
vt 0.847739 0.298078
vt 0.838250 0.298076
vt 0.847737 0.304795
vt 0.838249 0.304794
vt 0.847736 0.311513
vt 0.838248 0.311511
vt 0.847735 0.318230
vt 0.838247 0.318229
vt 0.847734 0.324947
vt 0.838246 0.324946
vt 0.847733 0.331665
vt 0.838245 0.331663
vt 0.847732 0.338382
vt 0.838244 0.338381
vt 0.847731 0.345100
vt 0.838243 0.345098
vt 0.841304 0.040426
vt 0.847826 0.045164
vt 0.837274 0.052309
vt 0.833243 0.040426
vt 0.826722 0.045164
vt 0.824231 0.052830
vt 0.826722 0.060497
vt 0.833243 0.065235
vt 0.841304 0.065235
vt 0.847826 0.060497
vt 0.850317 0.052830
vt 0.847315 0.354483
vt 0.847314 0.361200
vt 0.837825 0.361199
vt 0.837826 0.354481
vt 0.847313 0.367918
vt 0.837824 0.367916
vt 0.847312 0.374635
vt 0.837823 0.374634
vt 0.847311 0.381353
vt 0.837822 0.381351
vt 0.847310 0.388070
vt 0.837821 0.388069
vt 0.847309 0.394788
vt 0.837820 0.394786
vt 0.847308 0.401505
vt 0.837819 0.401504
vt 0.847307 0.408223
vt 0.837818 0.408221
vt 0.847306 0.414940
vt 0.837817 0.414939
vt 0.847304 0.421658
vt 0.837816 0.421656
vt 0.744876 0.483664
vt 0.751398 0.488402
vt 0.740846 0.495547
vt 0.736815 0.483664
vt 0.730294 0.488402
vt 0.727803 0.496069
vt 0.730294 0.503736
vt 0.736815 0.508474
vt 0.744876 0.508474
vt 0.751398 0.503736
vt 0.753889 0.496069
vn -0.068193 -0.134160 0.988611
vn -0.085597 -0.071251 0.993779
vn -0.144590 -0.087099 0.985651
vn -0.000000 -0.098732 0.995114
vn -0.028256 -0.098225 0.994763
vn -0.000000 -0.164652 0.986352
vn -0.023050 -0.158035 0.987164
vn -0.013886 -0.190922 0.981507
vn -0.000000 -0.195361 0.980731
vn -0.038007 -0.173686 0.984067
vn -0.060700 -0.164003 0.984590
vn -0.104616 -0.133239 0.985547
vn -0.239493 -0.040484 0.970054
vn -0.218444 -0.080656 0.972511
vn -0.250131 -0.013790 0.968114
vn -0.175240 -0.027380 0.984145
vn -0.246471 -0.000000 0.969150
vn -0.184507 -0.000000 0.982831
vn -0.100304 0.000000 0.994957
vn -0.030218 0.000000 0.999543
vn 0.000000 0.000000 1.000000
vn -0.129751 -0.118797 0.984404
vn -0.068193 0.134160 0.988611
vn -0.144590 0.087099 0.985651
vn -0.085597 0.071251 0.993779
vn -0.023050 0.158035 0.987164
vn -0.028256 0.098225 0.994763
vn 0.000000 0.164652 0.986352
vn 0.000000 0.098732 0.995114
vn -0.013886 0.190922 0.981507
vn 0.000000 0.195361 0.980731
vn -0.038007 0.173686 0.984067
vn -0.060699 0.164003 0.984591
vn -0.104616 0.133240 0.985547
vn -0.218444 0.080656 0.972511
vn -0.239494 0.040484 0.970054
vn -0.175240 0.027380 0.984145
vn -0.250131 0.013790 0.968114
vn -0.129751 0.118797 0.984404
vn 0.068193 -0.134160 0.988611
vn 0.144590 -0.087099 0.985651
vn 0.085597 -0.071251 0.993779
vn 0.023050 -0.158035 0.987164
vn 0.028256 -0.098225 0.994763
vn 0.013886 -0.190921 0.981507
vn 0.038007 -0.173686 0.984067
vn 0.060699 -0.164004 0.984591
vn 0.104616 -0.133240 0.985547
vn 0.218444 -0.080656 0.972511
vn 0.239493 -0.040484 0.970054
vn 0.175240 -0.027380 0.984145
vn 0.250131 -0.013790 0.968114
vn 0.184507 0.000000 0.982831
vn 0.246471 0.000000 0.969150
vn 0.100304 0.000000 0.994957
vn 0.030218 0.000000 0.999543
vn 0.129751 -0.118797 0.984404
vn 0.068193 0.134160 0.988611
vn 0.085597 0.071251 0.993779
vn 0.144590 0.087099 0.985651
vn 0.028256 0.098225 0.994763
vn 0.023050 0.158035 0.987164
vn 0.013886 0.190922 0.981507
vn 0.038007 0.173686 0.984067
vn 0.060700 0.164003 0.984590
vn 0.104616 0.133240 0.985547
vn 0.239494 0.040484 0.970054
vn 0.218444 0.080656 0.972511
vn 0.250131 0.013790 0.968114
vn 0.175240 0.027380 0.984145
vn 0.129751 0.118797 0.984404
vn 0.000000 -0.000001 -1.000000
vn 0.000000 -0.000000 -1.000000
vn 0.000000 0.000000 -1.000000
vn 0.000000 0.000000 -1.000000
vn -0.993502 -0.113816 -0.000111
vn -0.993784 -0.111324 0.000000
vn -0.999999 -0.001095 0.000000
vn -0.999999 -0.001095 0.000000
vn -0.026891 0.999638 0.000000
vn -0.000000 1.000000 0.000000
vn -0.026891 0.999638 0.000000
vn 0.000000 1.000000 0.000000
vn -0.105296 0.994441 0.000000
vn -0.105296 0.994441 0.000000
vn -0.050452 0.998727 0.000000
vn -0.050452 0.998727 0.000000
vn -0.994774 0.102097 0.000000
vn -0.994775 0.102097 0.000000
vn -0.925174 0.379543 0.000000
vn -0.925174 0.379544 0.000000
vn -0.707109 0.707105 0.000000
vn -0.707108 0.707105 0.000000
vn -0.418876 0.908044 0.000000
vn -0.418876 0.908043 0.000000
vn -0.284240 -0.958753 0.000000
vn -0.276294 -0.961073 0.000432
vn -0.440353 -0.897825 -0.000154
vn -0.519795 -0.854291 0.001171
vn -0.707435 -0.706778 0.000449
vn -0.707478 -0.706735 0.000505
vn -0.914166 -0.405340 0.000402
vn -0.909301 -0.416139 -0.000137
vn 0.000000 -0.769457 -0.638698
vn 0.000002 -0.999283 -0.037860
vn -0.074507 -0.764705 -0.640058
vn -0.097567 -0.994809 -0.028895
vn -0.301719 -0.687011 -0.661045
vn -0.395163 -0.918592 0.005882
vn -0.710011 -0.702201 -0.052891
vn -0.485863 -0.462893 -0.741396
vn -0.915543 -0.401981 0.013901
vn -0.686568 -0.316463 -0.654581
vn -0.762941 -0.086833 -0.640610
vn -0.993078 -0.112924 -0.032328
vn -0.999282 -0.001089 -0.037864
vn -0.769285 -0.000847 -0.638905
vn -0.994367 0.100544 -0.033537
vn -0.923807 0.382803 0.006469
vn -0.766653 0.083100 -0.636661
vn -0.711054 0.292038 -0.639622
vn -0.545806 0.541300 -0.639601
vn -0.709798 0.704345 0.009176
vn -0.324451 0.697160 -0.639296
vn -0.418393 0.908238 0.007175
vn -0.106746 0.993778 -0.031799
vn -0.081227 0.764088 -0.639978
vn -0.050416 0.998033 -0.037274
vn -0.038819 0.768450 -0.638732
vn -0.020695 0.769158 -0.638724
vn -0.026877 0.998941 -0.037341
vn -0.000000 0.769398 -0.638770
vn -0.000000 0.999311 -0.037103
vn -0.000326 -0.835018 0.550223
vn -0.084608 -0.828068 0.554207
vn -0.331465 -0.759182 0.560155
vn -0.583657 -0.583605 0.564580
vn -0.758347 -0.333631 0.560001
vn -0.827440 -0.097798 0.552973
vn -0.831376 -0.000970 0.555710
vn -0.768352 0.320996 0.553713
vn -0.832214 0.087969 0.547432
vn -0.588446 0.586422 0.556633
vn -0.350074 0.755700 0.553504
vn -0.090202 0.825956 0.556471
vn -0.043071 0.835606 0.547638
vn -0.022292 0.834811 0.550085
vn 0.000000 0.835454 0.549560
vn -0.080631 -0.806252 0.586051
vn -0.001028 -0.822394 0.568917
vn -0.328263 -0.746394 0.578913
vn -0.573950 -0.573901 0.584139
vn -0.745401 -0.331226 0.578503
vn -0.805843 -0.092648 0.584836
vn -0.816205 -0.001047 0.577762
vn -0.758442 0.316203 0.569896
vn -0.813751 0.084798 0.574995
vn -0.576377 0.576462 0.579208
vn -0.340687 0.747831 0.569808
vn -0.086673 0.805030 0.586868
vn -0.043768 0.823213 0.566043
vn -0.021616 0.821510 0.569784
vn 0.000000 0.822079 0.569374
vn 0.000467 0.908079 0.418799
vn 0.087763 0.890109 0.447217
vn -0.000008 -0.000837 1.000000
vn -0.004933 -0.037473 0.999285
vn 0.355367 0.817139 0.453870
vn -0.026094 -0.059061 0.997913
vn 0.626585 0.628345 0.461057
vn -0.052675 -0.053404 0.997183
vn 0.814455 0.359282 0.455608
vn -0.057109 -0.026218 0.998024
vn 0.887869 0.098158 0.449503
vn -0.038670 -0.005788 0.999235
vn 0.897159 0.001072 0.441707
vn -0.000492 -0.000007 1.000000
vn 0.886920 -0.084175 0.454189
vn 0.813916 -0.340810 0.470520
vn -0.035246 0.003971 0.999371
vn -0.064907 0.027661 0.997508
vn 0.633620 -0.625078 0.455854
vn -0.049453 0.049454 0.997551
vn 0.361651 -0.812440 0.457328
vn -0.027855 0.058884 0.997876
vn 0.093930 -0.892478 0.441203
vn -0.002972 0.027307 0.999623
vn 0.044819 -0.889611 0.454515
vn -0.000322 0.005683 0.999984
vn 0.023944 -0.891995 0.451411
vn -0.000086 0.003374 0.999994
vn 0.000001 -0.891850 0.452331
vn 0.000002 0.005595 0.999984
vn 0.025623 0.949128 0.313847
vn 0.017743 0.956589 0.290899
vn 0.481501 0.810956 0.332427
vn 0.481018 0.831214 0.278756
vn 0.819934 0.500216 0.278376
vn 0.810184 0.485509 0.328455
vn 0.954080 0.074966 0.290019
vn 0.940699 0.117013 0.318425
vn 0.944771 0.001989 0.327726
vn 0.954022 -0.092601 0.285075
vn 0.840487 -0.460202 0.286001
vn 0.941854 -0.094903 0.322342
vn 0.828788 -0.449784 0.332875
vn 0.497562 -0.801471 0.331779
vn 0.493920 -0.820953 0.286495
vn 0.102727 -0.942593 0.317751
vn 0.097919 -0.953657 0.284517
vn 0.048819 -0.947597 0.315717
vn 0.052094 -0.962630 0.265762
vn 0.025610 -0.949767 0.311908
vn 0.025918 -0.963691 0.265761
vn -0.000000 -0.949917 0.312503
vn 0.000000 -0.964032 0.265785
vn -0.999999 0.001098 0.000000
vn -0.999999 0.001098 0.000000
vn -0.999282 0.001095 -0.037867
vn -0.769349 0.000851 -0.638828
vn -0.832275 0.000913 0.554362
vn -0.817841 0.000770 0.575444
vn 0.895906 -0.000755 0.444243
vn -0.000499 0.000004 1.000000
vn 0.947853 -0.001084 0.318707
vn 0.959218 -0.001390 0.282663
vn 0.959108 0.000178 0.283041
vn 0.000000 0.000000 1.000000
vn 0.000000 0.000000 1.000000
vn 0.000000 0.000000 1.000000
vn 0.000000 0.000000 1.000000
vn 0.000000 -0.459082 0.888394
vn 0.000000 -0.396918 0.917854
vn 0.020805 -0.437184 0.899132
vn 0.018596 -0.390969 0.920216
vn 0.057037 0.235965 0.970086
vn 0.005021 0.201630 0.979449
vn 0.004998 0.298587 0.954369
vn 0.053822 -0.335971 0.940333
vn 0.018843 -0.352482 0.935629
vn 0.105979 -0.179002 0.978124
vn 0.232080 -0.003129 0.972692
vn 0.008367 0.009295 0.999922
vn 0.259434 0.001902 0.965759
vn 0.161375 -0.088976 0.982874
vn 0.224516 -0.073426 0.971700
vn 0.093670 0.111158 0.989379
vn 0.207639 0.038864 0.977433
vn -0.000000 -0.530512 0.847678
vn 0.023014 -0.501912 0.864612
vn 0.043804 -0.452229 0.890825
vn 0.118986 -0.327064 0.937482
vn 0.144298 -0.251320 0.957088
vn 0.125719 -0.184898 0.974683
vn 0.224494 -0.148557 0.963085
vn 0.315001 -0.073750 0.946222
vn 0.299508 -0.005814 0.954076
vn 0.428578 0.001435 0.903504
vn 0.285542 0.090412 0.954092
vn 0.408069 0.015515 0.912819
vn 0.229381 0.137406 0.963589
vn 0.135023 0.229531 0.963890
vn 0.026901 0.471224 0.881603
vn 0.034968 0.415644 0.908855
vn 0.108292 0.298691 0.948186
vn 0.364368 -0.050538 0.929883
vn 0.466129 -0.008439 0.884677
vn 0.450077 0.031590 0.892431
vn -0.008555 0.324891 0.945713
vn -0.006884 0.196552 0.980469
vn -0.020739 0.794769 0.606557
vn 0.000000 0.795765 0.605606
vn -0.043007 0.796715 0.602824
vn -0.083028 0.788026 0.610017
vn -0.332530 0.736166 0.589478
vn -0.566556 0.566558 0.598353
vn -0.745065 0.313660 0.588638
vn -0.797336 0.080856 0.598095
vn -0.790971 0.000630 0.611853
vn -0.789618 -0.001087 0.613597
vn -0.790516 -0.088539 0.606008
vn -0.730196 -0.326153 0.600365
vn -0.564250 -0.565299 0.601714
vn -0.322993 -0.734118 0.597283
vn -0.077864 -0.791165 0.606627
vn -0.001462 -0.794916 0.606718
vn 0.000000 0.000000 1.000000
vn 0.000000 0.000000 1.000000
vn -0.170169 -0.985004 0.028473
vn 0.000002 -1.000000 -0.000013
vn 0.000000 -1.000000 -0.000019
vn -0.153030 -0.988170 -0.010089
vn 0.000000 0.000000 -1.000000
vn 0.000000 0.000000 -1.000000
vn -0.000000 0.000000 -1.000000
vn -0.000001 0.000000 -1.000000
vn 0.000000 0.000000 -1.000000
vn 0.000001 0.000000 -1.000000
vn 0.000000 0.000000 -1.000000
vn 0.000000 -0.000000 -1.000000
vn -0.000000 0.000000 -1.000000
vn 0.000004 0.000005 -1.000000
vn 0.000013 0.000011 -1.000000
vn 0.000308 0.000309 -1.000000
vn -0.000000 0.000000 -1.000000
vn 0.000000 -0.000000 -1.000000
vn 0.000000 0.000000 -1.000000
vn 1.000000 -0.000001 0.000000
vn 0.999955 -0.000000 0.009488
vn 1.000000 -0.000001 0.000000
vn 0.999955 0.000000 0.009488
vn 0.000000 0.000000 1.000000
vn 0.021181 0.000004 0.999776
vn 0.000000 0.000000 1.000000
vn 0.021172 0.000002 0.999776
vn 0.000000 -1.000000 0.000000
vn 0.000000 -1.000000 0.000000
vn 0.000000 -1.000000 0.000000
vn 0.000000 -1.000000 -0.000000
vn 0.000000 -1.000000 -0.000000
vn 0.000000 -1.000000 -0.000000
vn 0.000000 -1.000000 0.000000
vn 0.000000 -0.000001 -1.000000
vn 0.000000 0.000000 -1.000000
vn 0.000000 -0.000000 -1.000000
vn -0.000000 0.000000 -1.000000
vn -1.000000 0.000000 0.000000
vn -1.000000 0.000000 0.000000
vn -1.000000 0.000000 0.000000
vn -1.000000 0.000000 0.000000
vn 0.000000 0.000000 -1.000000
vn 0.000000 0.000000 -1.000000
vn 0.000000 0.000000 -1.000000
vn 0.000000 0.000000 -1.000000
vn 0.000000 -1.000000 0.000000
vn 0.000000 -1.000000 0.000000
vn 0.000000 -1.000000 0.000000
vn 0.000000 -1.000000 0.000000
vn 0.866026 0.000000 0.500000
vn 0.866026 0.000000 0.499999
vn 0.497395 0.000000 0.867524
vn 0.497416 0.000012 0.867512
vn 0.000000 -1.000000 -0.000000
vn 0.000000 -1.000000 -0.000000
vn -0.000002 -0.999283 -0.037860
vn 0.000000 -0.999282 -0.037898
vn 0.000000 -0.769457 -0.638698
vn 0.000000 -0.769458 -0.638698
vn 0.000000 -0.835087 0.550117
vn 0.000326 -0.835018 0.550223
vn 0.000000 -0.822589 0.568636
vn 0.001028 -0.822394 0.568917
vn -0.000467 0.908079 0.418799
vn 0.000000 0.892511 0.451026
vn 0.000008 -0.000837 1.000000
vn 0.000000 -0.000006 1.000000
vn 0.000000 0.946468 0.322799
vn -0.025623 0.949128 0.313847
vn 0.000000 0.956701 0.291073
vn -0.017743 0.956589 0.290899
vn 0.993502 -0.113816 -0.000111
vn 0.999999 -0.001095 0.000000
vn 0.993784 -0.111324 0.000000
vn 0.999999 -0.001095 0.000000
vn 0.026891 0.999638 0.000000
vn 0.026891 0.999638 0.000000
vn 0.105296 0.994441 0.000000
vn 0.050452 0.998727 0.000000
vn 0.105296 0.994441 0.000000
vn 0.050452 0.998727 0.000000
vn 0.994774 0.102097 0.000000
vn 0.925174 0.379543 0.000000
vn 0.994775 0.102097 0.000000
vn 0.925174 0.379544 0.000000
vn 0.707109 0.707105 0.000000
vn 0.707108 0.707105 0.000000
vn 0.418876 0.908044 0.000000
vn 0.418876 0.908043 0.000000
vn 0.519795 -0.854291 0.001171
vn 0.276294 -0.961073 0.000432
vn 0.440353 -0.897825 -0.000154
vn 0.284240 -0.958753 0.000000
vn 0.707435 -0.706778 0.000449
vn 0.707478 -0.706735 0.000505
vn 0.914166 -0.405340 0.000402
vn 0.909301 -0.416139 -0.000137
vn 0.074507 -0.764705 -0.640058
vn 0.097567 -0.994809 -0.028895
vn 0.301719 -0.687012 -0.661045
vn 0.395163 -0.918592 0.005882
vn 0.485863 -0.462893 -0.741396
vn 0.710011 -0.702201 -0.052891
vn 0.686567 -0.316463 -0.654581
vn 0.915542 -0.401981 0.013900
vn 0.762940 -0.086833 -0.640611
vn 0.993078 -0.112924 -0.032328
vn 0.769285 -0.000847 -0.638905
vn 0.999282 -0.001089 -0.037864
vn 0.711054 0.292038 -0.639622
vn 0.923807 0.382803 0.006470
vn 0.766653 0.083100 -0.636661
vn 0.994367 0.100544 -0.033537
vn 0.545804 0.541299 -0.639604
vn 0.709798 0.704346 0.009174
vn 0.324453 0.697161 -0.639294
vn 0.418394 0.908238 0.007177
vn 0.081227 0.764088 -0.639978
vn 0.106746 0.993778 -0.031799
vn 0.038819 0.768452 -0.638729
vn 0.050416 0.998033 -0.037273
vn 0.020695 0.769155 -0.638727
vn 0.026877 0.998941 -0.037340
vn 0.084608 -0.828068 0.554207
vn 0.331465 -0.759182 0.560155
vn 0.583657 -0.583605 0.564580
vn 0.758347 -0.333631 0.560000
vn 0.827440 -0.097798 0.552973
vn 0.831376 -0.000970 0.555710
vn 0.832213 0.087968 0.547432
vn 0.768351 0.320995 0.553713
vn 0.588446 0.586423 0.556632
vn 0.350074 0.755699 0.553504
vn 0.090202 0.825955 0.556473
vn 0.043071 0.835608 0.547636
vn 0.022292 0.834811 0.550086
vn 0.080631 -0.806252 0.586051
vn 0.328263 -0.746394 0.578913
vn 0.573950 -0.573901 0.584139
vn 0.745401 -0.331226 0.578503
vn 0.805843 -0.092648 0.584837
vn 0.816205 -0.001047 0.577761
vn 0.758442 0.316203 0.569897
vn 0.813750 0.084799 0.574996
vn 0.576377 0.576462 0.579207
vn 0.340686 0.747831 0.569808
vn 0.086673 0.805030 0.586868
vn 0.043768 0.823213 0.566044
vn 0.021616 0.821510 0.569784
vn -0.087763 0.890109 0.447217
vn 0.004933 -0.037473 0.999285
vn -0.355159 0.815262 0.457395
vn 0.026584 -0.059097 0.997898
vn -0.627499 0.627432 0.461057
vn 0.053403 -0.052675 0.997183
vn -0.816312 0.359510 0.452093
vn 0.057001 -0.025721 0.998043
vn -0.887869 0.098158 0.449504
vn 0.038673 -0.005788 0.999235
vn -0.897159 0.001072 0.441708
vn 0.000493 -0.000007 1.000000
vn -0.886920 -0.084175 0.454188
vn 0.035246 0.003971 0.999371
vn -0.813916 -0.340810 0.470520
vn 0.064909 0.027662 0.997508
vn -0.633619 -0.625078 0.455855
vn 0.049454 0.049454 0.997551
vn -0.361651 -0.812441 0.457328
vn 0.027854 0.058880 0.997876
vn -0.093930 -0.892477 0.441205
vn 0.002972 0.027296 0.999623
vn -0.044818 -0.889590 0.454555
vn 0.000322 0.005677 0.999984
vn -0.023943 -0.891991 0.451418
vn 0.000083 0.003223 0.999995
vn -0.481501 0.810956 0.332427
vn -0.481018 0.831214 0.278756
vn -0.810184 0.485509 0.328455
vn -0.819934 0.500215 0.278376
vn -0.940699 0.117013 0.318424
vn -0.954080 0.074966 0.290019
vn -0.944771 0.001989 0.327726
vn -0.828787 -0.449783 0.332876
vn -0.840487 -0.460201 0.286001
vn -0.941854 -0.094903 0.322342
vn -0.954021 -0.092601 0.285076
vn -0.497562 -0.801470 0.331780
vn -0.493920 -0.820953 0.286496
vn -0.102727 -0.942592 0.317753
vn -0.097919 -0.953657 0.284518
vn -0.048819 -0.947597 0.315715
vn -0.052094 -0.962631 0.265761
vn -0.025610 -0.949767 0.311908
vn -0.025918 -0.963691 0.265761
vn 0.999999 0.001098 0.000000
vn 0.999999 0.001098 0.000000
vn 0.999282 0.001095 -0.037864
vn 0.769350 0.000851 -0.638826
vn 0.832275 0.000913 0.554362
vn 0.817841 0.000770 0.575443
vn -0.895906 -0.000755 0.444243
vn 0.000498 0.000004 1.000000
vn -0.947853 -0.001084 0.318707
vn -0.959218 -0.001390 0.282663
vn -0.959108 0.000178 0.283041
vn 0.000000 0.000000 1.000000
vn 0.000000 0.000000 1.000000
vn 0.000000 0.000000 1.000000
vn 0.000000 0.000000 1.000000
vn -0.008439 0.007848 0.999934
vn 0.000000 0.000000 1.000000
vn -0.020805 -0.437184 0.899132
vn -0.018596 -0.390969 0.920216
vn -0.057037 0.235965 0.970086
vn -0.053822 -0.335970 0.940334
vn -0.018843 -0.352481 0.935629
vn -0.105979 -0.179002 0.978124
vn -0.161375 -0.088976 0.982874
vn 0.000000 0.000000 1.000000
vn 0.000000 0.000000 1.000000
vn -0.232080 -0.003129 0.972692
vn -0.259435 0.001902 0.965759
vn -0.224516 -0.073426 0.971700
vn -0.093670 0.111158 0.989379
vn -0.207639 0.038864 0.977433
vn -0.023014 -0.501912 0.864613
vn -0.043804 -0.452230 0.890825
vn -0.118986 -0.327064 0.937482
vn -0.144297 -0.251320 0.957088
vn -0.125719 -0.184898 0.974683
vn -0.224493 -0.148557 0.963086
vn -0.315001 -0.073750 0.946222
vn -0.299508 -0.005814 0.954076
vn -0.428578 0.001435 0.903504
vn -0.408070 0.015515 0.912819
vn -0.285542 0.090411 0.954092
vn -0.229382 0.137406 0.963589
vn -0.135023 0.229531 0.963890
vn -0.026901 0.471224 0.881603
vn -0.034968 0.415644 0.908855
vn -0.108292 0.298691 0.948186
vn -0.364368 -0.050537 0.929883
vn -0.466128 -0.008439 0.884677
vn -0.450078 0.031590 0.892431
vn 0.000000 0.532348 0.846526
vn 0.020739 0.794802 0.606514
vn 0.043004 0.796676 0.602875
vn 0.083028 0.788027 0.610017
vn 0.332530 0.736165 0.589478
vn 0.566556 0.566558 0.598353
vn 0.745066 0.313660 0.588637
vn 0.797337 0.080856 0.598094
vn 0.790971 0.000630 0.611853
vn 0.789619 -0.001087 0.613597
vn 0.790517 -0.088539 0.606007
vn 0.732272 -0.326426 0.597682
vn 0.565298 -0.564250 0.601714
vn 0.322743 -0.732016 0.599992
vn 0.077863 -0.791165 0.606627
vn 0.001462 -0.794916 0.606718
vn 0.000000 -0.794755 0.606930
vn 0.170169 -0.985004 0.028473
vn -0.000002 -1.000000 -0.000013
vn 0.153030 -0.988170 -0.010090
vn 0.000000 -1.000000 -0.000019
vn -0.000000 0.000000 -1.000000
vn 0.000000 0.000000 -1.000000
vn -0.000000 0.000000 -1.000000
vn 0.000001 0.000000 -1.000000
vn -0.000001 0.000000 -1.000000
vn 0.000000 0.000000 -1.000000
vn 0.000000 0.000000 -1.000000
vn 0.000000 0.000000 -1.000000
vn 0.000000 -0.000000 -1.000000
vn -0.000005 0.000005 -1.000000
vn -0.000014 0.000011 -1.000000
vn -0.000305 0.000309 -1.000000
vn 0.000000 0.000000 -1.000000
vn -1.000000 0.000000 0.000000
vn -1.000000 0.000000 0.000000
vn -0.999955 0.000000 0.009488
vn -0.999955 0.000000 0.009488
vn -0.021181 0.000004 0.999776
vn -0.021172 0.000002 0.999776
vn 0.000000 -1.000000 0.000000
vn 0.000000 -1.000000 0.000000
vn 0.000000 -1.000000 0.000000
vn 0.000000 -1.000000 0.000000
vn 0.000000 -1.000000 0.000000
vn 1.000000 0.000000 0.000000
vn 1.000000 0.000000 0.000000
vn 1.000000 0.000000 0.000000
vn 1.000000 0.000000 0.000000
vn 0.000000 0.000000 -1.000000
vn 0.000000 0.000000 -1.000000
vn 0.000000 -1.000000 0.000000
vn 0.000000 -1.000000 0.000000
vn -0.866026 0.000000 0.500000
vn -0.866026 0.000000 0.499999
vn -0.497395 0.000000 0.867524
vn -0.497416 0.000012 0.867512
vn 0.000000 -1.000000 0.000000
vn 0.000000 -1.000000 0.000000
vn 0.000000 0.000000 1.000000
vn 0.000000 0.000000 1.000000
vn 0.000000 0.000000 1.000000
vn 0.000000 0.000000 1.000000
vn 0.000000 1.000000 0.000000
vn 0.000000 1.000000 0.000000
vn 0.000000 1.000000 0.000000
vn 0.000000 1.000000 0.000000
vn 0.000000 -1.000000 0.000000
vn 0.000000 -1.000000 0.000000
vn 0.000000 -1.000000 0.000000
vn 0.000000 -1.000000 0.000000
vn 0.689371 0.705149 0.165931
vn -0.011155 0.986075 0.165930
vn 0.681264 0.712992 0.165899
vn -0.022429 0.985888 0.165898
vn -0.705147 0.689373 0.165931
vn -0.712986 0.681269 0.165899
vn -0.986075 -0.011154 0.165930
vn -0.985888 -0.022429 0.165899
vn -0.689371 -0.705149 0.165930
vn -0.681264 -0.712992 0.165899
vn 0.011155 -0.986075 0.165929
vn 0.022429 -0.985888 0.165898
vn 0.705147 -0.689373 0.165931
vn 0.712987 -0.681269 0.165899
vn 0.986074 0.011154 0.165930
vn 0.985888 0.022429 0.165899
vn -0.000012 0.000000 1.000000
vn -0.000001 0.000000 1.000000
vn 0.000000 0.000000 1.000000
vn 0.000000 0.000000 1.000000
vn 0.000000 0.000000 1.000000
vn 0.000001 0.000000 1.000000
vn 0.000005 0.000000 1.000000
vn 0.000000 0.000000 1.000000
vn 0.809021 -0.587779 0.000000
vn 0.309014 -0.951057 0.000000
vn 0.809022 -0.587779 0.000000
vn 0.309013 -0.951058 0.000000
vn -0.309016 -0.951057 0.000000
vn -0.309015 -0.951057 0.000000
vn -0.809019 -0.587783 0.000000
vn -0.809019 -0.587782 0.000000
vn -1.000000 -0.000000 0.000000
vn -1.000000 0.000000 0.000000
vn -0.809021 0.587779 0.000000
vn -0.809022 0.587779 0.000000
vn -0.309014 0.951057 0.000000
vn -0.309013 0.951058 0.000000
vn 0.309016 0.951057 0.000000
vn 0.309015 0.951057 0.000000
vn 0.809019 0.587783 0.000000
vn 0.809019 0.587782 0.000000
vn 1.000000 0.000000 0.000000
vn 1.000000 -0.000000 0.000000
vn 0.000000 0.000000 1.000000
vn 0.000000 0.000000 1.000000
vn 0.000000 0.000000 1.000000
vn 0.000000 0.000000 1.000000
vn 0.000000 0.000000 1.000000
vn 0.000000 0.000000 1.000000
vn 0.000000 0.000000 1.000000
vn 0.000000 0.000000 1.000000
vn 0.000000 0.000000 1.000000
vn 0.000000 0.000000 1.000000
vn 0.000000 0.000000 1.000000
vn -1.000000 0.000000 0.000000
vn -1.000000 0.000000 0.000000
vn -1.000000 0.000000 0.000000
vn -1.000000 0.000000 0.000000
vn 0.000000 0.000000 1.000000
vn 0.000000 0.000000 1.000000
vn 0.000000 0.000000 1.000000
vn 0.000000 0.000000 1.000000
vn 1.000000 0.000000 0.000000
vn 1.000000 0.000000 0.000000
vn 1.000000 0.000000 0.000000
vn 1.000000 0.000000 0.000000
vn 0.000000 1.000000 0.000000
vn 0.000000 1.000000 0.000000
vn 0.000000 1.000000 0.000000
vn 0.000000 1.000000 0.000000
vn 0.000000 -1.000000 0.000000
vn 0.000000 -1.000000 0.000000
vn 0.000000 -1.000000 0.000000
vn 0.000000 -1.000000 0.000000
vn 0.689371 0.705149 0.165930
vn -0.011155 0.986075 0.165929
vn 0.681264 0.712992 0.165899
vn -0.022429 0.985888 0.165898
vn -0.705147 0.689373 0.165931
vn -0.712987 0.681269 0.165898
vn -0.986075 -0.011154 0.165930
vn -0.985888 -0.022429 0.165900
vn -0.689371 -0.705149 0.165930
vn -0.681264 -0.712991 0.165900
vn 0.011155 -0.986075 0.165929
vn 0.022430 -0.985888 0.165898
vn 0.705147 -0.689372 0.165931
vn 0.712987 -0.681268 0.165899
vn 0.986074 0.011154 0.165930
vn 0.985888 0.022429 0.165899
vn -0.000012 0.000000 1.000000
vn -0.000001 0.000000 1.000000
vn -0.000002 0.000000 1.000000
vn 0.000000 0.000000 1.000000
vn 0.000000 0.000000 1.000000
vn -0.000001 0.000000 1.000000
vn -0.000005 0.000000 1.000000
vn 0.000000 0.000000 1.000000
vn 0.809020 -0.587781 0.000000
vn 0.309014 -0.951057 0.000000
vn 0.809019 -0.587782 0.000000
vn 0.309013 -0.951058 0.000000
vn -0.309016 -0.951057 0.000000
vn -0.309015 -0.951057 0.000000
vn -0.809019 -0.587783 0.000000
vn -0.809019 -0.587783 0.000000
vn -1.000000 -0.000000 0.000000
vn -1.000000 0.000000 0.000000
vn -0.809022 0.587778 0.000000
vn -0.809022 0.587779 0.000000
vn -0.309014 0.951057 0.000000
vn -0.309013 0.951058 0.000000
vn 0.309016 0.951057 0.000000
vn 0.309015 0.951057 0.000000
vn 0.809021 0.587779 0.000000
vn 0.809021 0.587780 0.000000
vn 1.000000 0.000000 0.000000
vn 1.000000 -0.000000 0.000000
vn -0.000002 0.000000 1.000000
vn -0.000002 0.000000 1.000000
vn 0.000000 0.000000 1.000000
vn 0.000002 0.000000 1.000000
vn 0.000002 0.000000 1.000000
vn 0.000000 0.000000 1.000000
vn 0.000002 0.000000 1.000000
vn 0.000002 0.000000 1.000000
vn -0.000002 0.000000 1.000000
vn -0.000002 0.000000 1.000000
vn 0.000000 0.000000 1.000000
vn 0.975286 -0.000000 0.220944
vn 0.886954 0.376514 0.267489
vn 0.908349 -0.000000 0.418214
vn 0.991177 -0.128137 0.033902
vn 0.988411 0.000000 0.151804
vn 0.996028 -0.071348 0.053265
vn 0.977958 -0.000000 0.208803
vn 0.012237 0.238162 0.971149
vn 0.197438 0.391743 0.898641
vn 0.062920 0.368814 0.927371
vn 0.754867 0.447999 0.479032
vn 0.685067 0.000000 0.728480
vn 0.701407 0.673256 0.233997
vn 0.588201 0.343990 0.731909
vn 0.519969 -0.000000 0.854185
vn 0.982769 -0.184773 0.004994
vn 0.983188 -0.182509 0.005659
vn 0.312184 0.950022 0.000000
vn 0.144312 0.989532 0.000000
vn 0.312184 0.950022 0.000000
vn 0.142353 0.989816 0.000000
vn 0.620640 0.682019 0.386854
vn 0.548812 0.816692 0.178379
vn 0.974304 -0.222707 -0.033656
vn 0.979793 -0.199521 -0.014063
vn -0.908349 -0.000000 0.418214
vn -0.886954 -0.376514 0.267487
vn -0.754867 -0.448001 0.479032
vn -0.991177 0.128139 0.033902
vn -0.988411 -0.000000 0.151804
vn -0.996028 0.071349 0.053266
vn -0.977958 -0.000000 0.208803
vn -0.012237 -0.238162 0.971148
vn -0.197437 -0.391744 0.898641
vn -0.062925 -0.368815 0.927371
vn -0.685067 0.000000 0.728480
vn -0.701407 -0.673256 0.233997
vn -0.588201 -0.343991 0.731909
vn -0.519969 0.000000 0.854185
vn -0.982769 0.184769 0.004994
vn -0.983188 0.182506 0.005659
vn -0.312179 -0.950023 0.000000
vn -0.144312 -0.989532 0.000000
vn -0.312177 -0.950024 0.000000
vn -0.142353 -0.989816 0.000000
vn -0.620638 -0.682021 0.386854
vn -0.974304 0.222707 -0.033658
vn -0.979793 0.199517 -0.014064
vn 0.895010 -0.349809 0.276750
vn 0.991177 0.128137 0.033902
vn 0.996028 0.071348 0.053266
vn 0.011799 -0.250585 0.968023
vn 0.047835 -0.365811 0.929459
vn 0.197446 -0.391741 0.898640
vn 0.753063 -0.438295 0.490708
vn 0.700196 -0.662962 0.264967
vn 0.588200 -0.343991 0.731909
vn 0.982769 0.184770 0.004994
vn 0.983188 0.182507 0.005659
vn 0.000000 -0.005063 0.999987
vn 0.000000 0.005064 0.999987
vn 0.142349 -0.989817 0.000000
vn 0.144308 -0.989533 0.000000
vn 0.312184 -0.950022 0.000000
vn 0.312184 -0.950022 0.000000
vn 0.600075 -0.687444 0.409060
vn 0.974304 0.222707 -0.033658
vn 0.979793 0.199519 -0.014064
vn -0.886954 0.376514 0.267489
vn -0.754868 0.447999 0.479032
vn -0.991177 -0.128139 0.033902
vn -0.996028 -0.071349 0.053266
vn -0.011799 0.250585 0.968023
vn -0.047835 0.365812 0.929459
vn -0.197438 0.391745 0.898640
vn -0.701407 0.673256 0.233997
vn -0.588201 0.343990 0.731909
vn -0.982769 -0.184771 0.004994
vn -0.983188 -0.182508 0.005659
vn -0.142353 0.989816 0.000000
vn -0.144312 0.989532 0.000000
vn -0.312185 0.950021 0.000000
vn -0.312186 0.950021 0.000000
vn -0.620640 0.682019 0.386855
vn -0.548812 0.816692 0.178380
vn -0.974304 -0.222708 -0.033657
vn -0.979793 -0.199519 -0.014064
vn -0.975286 0.000001 0.220945
vn -0.548813 -0.816691 0.178382
vn 0.482772 -0.855831 0.185699
vn 0.923879 0.382684 0.000000
vn 0.707110 0.707103 0.000000
vn 0.923879 0.382684 0.000000
vn 0.707110 0.707104 0.000000
vn 0.382684 0.923879 0.000000
vn 0.382684 0.923879 0.000000
vn 0.000001 1.000000 0.000000
vn 0.000001 1.000000 0.000000
vn -0.382684 0.923879 0.000000
vn -0.382683 0.923880 0.000000
vn -0.707109 0.707104 0.000000
vn -0.707108 0.707105 0.000000
vn -0.923880 0.382683 0.000000
vn -0.923880 0.382683 0.000000
vn -1.000000 0.000009 0.000000
vn -1.000000 0.000008 0.000000
vn -0.923879 -0.382684 0.000000
vn -0.923880 -0.382683 0.000000
vn -0.707104 -0.707110 0.000000
vn -0.707105 -0.707109 0.000000
vn -0.382685 -0.923879 0.000000
vn -0.382685 -0.923879 0.000000
vn -0.000000 -1.000000 0.000000
vn -0.000000 -1.000000 0.000000
vn 0.382684 -0.923879 0.000000
vn 0.382684 -0.923879 0.000000
vn 0.707109 -0.707105 0.000000
vn 0.707109 -0.707104 0.000000
vn 0.923880 -0.382683 0.000000
vn 0.923880 -0.382683 0.000000
vn 1.000000 0.000000 0.000000
vn 1.000000 -0.000000 0.000000
vn 0.000001 0.000000 1.000000
vn 0.000001 0.000000 1.000000
vn 0.000000 0.000000 1.000000
vn -0.000002 0.000000 1.000000
vn -0.000002 0.000000 1.000000
vn 0.000000 0.000000 1.000000
vn 0.000002 0.000000 1.000000
vn 0.000002 0.000000 1.000000
vn 0.000000 0.000000 1.000000
vn 0.000000 0.000000 1.000000
vn 0.000000 0.000000 1.000000
vn 0.000000 0.000000 1.000000
vn 0.000000 0.000000 1.000000
vn 0.000000 0.000000 1.000000
vn 0.000000 0.000000 1.000000
vn 0.000000 0.000000 1.000000
vn 0.000000 0.000000 1.000000
vn -0.975286 -0.000000 0.220945
vn -0.908349 -0.000000 0.418214
vn -0.886954 0.376514 0.267489
vn -0.991177 -0.128138 0.033902
vn -0.996028 -0.071348 0.053266
vn -0.988411 0.000000 0.151804
vn -0.977958 -0.000000 0.208803
vn -0.012237 0.238161 0.971149
vn -0.062920 0.368814 0.927371
vn -0.197438 0.391743 0.898641
vn -0.754868 0.447999 0.479032
vn -0.685067 -0.000000 0.728480
vn -0.701408 0.673255 0.233997
vn -0.588201 0.343989 0.731909
vn -0.519969 0.000000 0.854185
vn -0.982769 -0.184771 0.004994
vn -0.983188 -0.182508 0.005659
vn -0.142353 0.989816 0.000000
vn -0.144312 0.989532 0.000000
vn -0.312184 0.950022 0.000000
vn -0.312184 0.950022 0.000000
vn -0.620640 0.682019 0.386854
vn -0.548812 0.816692 0.178380
vn -0.974304 -0.222708 -0.033657
vn -0.979793 -0.199519 -0.014064
vn 0.908349 -0.000001 0.418213
vn 0.754867 -0.448001 0.479032
vn 0.886954 -0.376514 0.267487
vn 0.991177 0.128138 0.033902
vn 0.996028 0.071349 0.053266
vn 0.988411 0.000000 0.151804
vn 0.977958 -0.000000 0.208803
vn 0.012237 -0.238162 0.971148
vn 0.062920 -0.368815 0.927371
vn 0.197437 -0.391744 0.898641
vn 0.685067 -0.000000 0.728480
vn 0.701407 -0.673257 0.233997
vn 0.588200 -0.343991 0.731909
vn 0.519969 -0.000000 0.854185
vn 0.982769 0.184770 0.004994
vn 0.983188 0.182507 0.005659
vn 0.142349 -0.989817 0.000000
vn 0.144308 -0.989533 0.000000
vn 0.312177 -0.950024 0.000000
vn 0.312179 -0.950023 0.000000
vn 0.620638 -0.682021 0.386854
vn 0.974304 0.222707 -0.033658
vn 0.979793 0.199519 -0.014064
vn -0.895010 -0.349809 0.276750
vn -0.991177 0.128137 0.033902
vn -0.996028 0.071347 0.053266
vn -0.011799 -0.250585 0.968023
vn -0.197438 -0.391742 0.898641
vn -0.047835 -0.365811 0.929459
vn -0.753063 -0.438295 0.490708
vn -0.700196 -0.662962 0.264967
vn -0.588201 -0.343991 0.731909
vn -0.982769 0.184772 0.004994
vn -0.983188 0.182508 0.005659
vn 0.000000 -0.005064 0.999987
vn 0.000000 0.005064 0.999987
vn -0.312177 -0.950024 0.000000
vn -0.144308 -0.989533 0.000000
vn -0.312176 -0.950024 0.000000
vn -0.142349 -0.989817 0.000000
vn -0.600075 -0.687444 0.409060
vn -0.974304 0.222707 -0.033658
vn -0.979793 0.199520 -0.014064
vn 0.886954 0.376514 0.267489
vn 0.754867 0.447999 0.479033
vn 0.991177 -0.128140 0.033902
vn 0.996028 -0.071349 0.053265
vn 0.011799 0.250585 0.968023
vn 0.197438 0.391745 0.898640
vn 0.047835 0.365812 0.929459
vn 0.701406 0.673257 0.233996
vn 0.588201 0.343990 0.731909
vn 0.982769 -0.184769 0.004994
vn 0.983188 -0.182507 0.005659
vn 0.312186 0.950021 0.000000
vn 0.144312 0.989532 0.000000
vn 0.312185 0.950021 0.000000
vn 0.142353 0.989816 0.000000
vn 0.620640 0.682019 0.386854
vn 0.548812 0.816693 0.178377
vn 0.974304 -0.222707 -0.033656
vn 0.979793 -0.199518 -0.014063
vn 0.975286 0.000001 0.220945
vn 0.548813 -0.816691 0.178382
vn -0.482771 -0.855831 0.185700
vn -0.923879 0.382684 0.000000
vn -0.923879 0.382684 0.000000
vn -0.707110 0.707103 0.000000
vn -0.707110 0.707104 0.000000
vn -0.382684 0.923879 0.000000
vn -0.382684 0.923879 0.000000
vn -0.000001 1.000000 0.000000
vn -0.000001 1.000000 0.000000
vn 0.382684 0.923879 0.000000
vn 0.382683 0.923880 0.000000
vn 0.707109 0.707104 0.000000
vn 0.707108 0.707105 0.000000
vn 0.923880 0.382683 0.000000
vn 0.923880 0.382683 0.000000
vn 1.000000 0.000009 0.000000
vn 1.000000 0.000008 0.000000
vn 0.923879 -0.382684 0.000000
vn 0.923880 -0.382683 0.000000
vn 0.707104 -0.707110 0.000000
vn 0.707105 -0.707109 0.000000
vn 0.382685 -0.923879 0.000000
vn 0.382685 -0.923879 0.000000
vn 0.000000 -1.000000 0.000000
vn 0.000000 -1.000000 0.000000
vn -0.382684 -0.923879 0.000000
vn -0.382684 -0.923879 0.000000
vn -0.707109 -0.707105 0.000000
vn -0.707109 -0.707104 0.000000
vn -0.923880 -0.382683 0.000000
vn -0.923880 -0.382683 0.000000
vn -1.000000 0.000000 0.000000
vn -1.000000 -0.000000 0.000000
vn -0.000000 0.000000 1.000000
vn -0.000000 0.000000 1.000000
vn -0.000000 0.000000 1.000000
vn 0.000001 0.000000 1.000000
vn 0.000001 0.000000 1.000000
vn -0.000000 0.000000 1.000000
vn -0.000001 0.000000 1.000000
vn -0.000001 0.000000 1.000000
vn 0.000000 0.000000 1.000000
vn 0.000000 0.000000 1.000000
vn 0.000000 0.000000 1.000000
vn 0.000000 0.000000 1.000000
vn 0.000000 0.000000 1.000000
vn -0.000001 0.000000 1.000000
vn -0.000000 0.000000 1.000000
vn 0.000000 0.000000 1.000000
vn 0.000000 0.000000 1.000000
vn 0.689370 0.705150 0.165930
vn -0.011155 0.986075 0.165930
vn 0.681265 0.712991 0.165900
vn -0.022430 0.985888 0.165899
vn -0.705147 0.689372 0.165931
vn -0.712988 0.681268 0.165898
vn -0.986074 -0.011154 0.165930
vn -0.985888 -0.022429 0.165899
vn -0.689369 -0.705151 0.165930
vn -0.681265 -0.712990 0.165900
vn 0.011155 -0.986075 0.165929
vn 0.022430 -0.985888 0.165898
vn 0.705147 -0.689373 0.165931
vn 0.712985 -0.681271 0.165898
vn 0.986074 0.011157 0.165930
vn 0.985888 0.022425 0.165899
vn 0.000012 0.000000 1.000000
vn 0.000001 0.000000 1.000000
vn 0.000002 0.000000 1.000000
vn 0.000000 0.000000 1.000000
vn 0.000000 0.000000 1.000000
vn -0.000001 0.000000 1.000000
vn -0.000003 0.000000 1.000000
vn 0.000024 0.000000 1.000000
vn 0.809021 -0.587780 0.000000
vn 0.309015 -0.951057 0.000000
vn 0.809023 -0.587778 0.000000
vn 0.309014 -0.951058 0.000000
vn -0.309016 -0.951057 0.000000
vn -0.309015 -0.951057 0.000000
vn -0.809020 -0.587781 0.000000
vn -0.809019 -0.587783 0.000000
vn -1.000000 0.000001 0.000000
vn -1.000000 -0.000001 0.000000
vn -0.809020 0.587782 0.000000
vn -0.809020 0.587781 0.000000
vn -0.309014 0.951058 0.000000
vn -0.309013 0.951058 0.000000
vn 0.309017 0.951057 0.000000
vn 0.309016 0.951057 0.000000
vn 0.809020 0.587781 0.000000
vn 0.809018 0.587783 0.000000
vn 1.000000 -0.000001 0.000000
vn 1.000000 0.000001 0.000000
vn 0.000000 0.000000 1.000000
vn 0.000000 0.000000 1.000000
vn 0.000000 0.000000 1.000000
vn 0.000000 0.000000 1.000000
vn 0.000000 0.000000 1.000000
vn 0.000000 0.000000 1.000000
vn 0.000000 0.000000 1.000000
vn 0.000000 0.000000 1.000000
vn 0.000002 0.000000 1.000000
vn 0.000002 0.000000 1.000000
vn 0.000000 0.000000 1.000000
vn -0.993558 0.059815 0.096252
vn -0.992096 0.000000 0.125484
vn -0.089395 0.071367 0.993436
vn -0.073484 0.000000 0.997296
vn 0.000211 0.681388 0.731922
vn -0.328806 0.790509 0.516704
vn 0.993386 0.060911 0.097340
vn 0.089708 0.071142 0.993424
vn 0.991919 0.000000 0.126873
vn 0.073437 0.000000 0.997300
vn 0.991447 0.095631 -0.088817
vn 0.343639 0.920679 -0.185104
vn 0.593147 0.782273 0.190332
vn 0.085391 0.083705 -0.992825
vn 0.098230 0.000000 -0.995164
vn 0.997808 0.000000 -0.066173
vn -0.085622 0.083768 -0.992800
vn -0.341098 0.921930 -0.183570
vn 0.000235 0.858988 -0.511997
vn -0.098588 0.000000 -0.995128
vn -0.991684 0.094444 -0.087424
vn -0.997865 0.000000 -0.065303
vn 0.326729 0.789538 0.519498
vn -0.105073 0.931217 0.348991
vn 0.104399 0.931251 0.349102
vn -0.107656 0.987179 0.117844
vn 0.107286 0.987198 0.118021
vn -0.592370 0.782670 0.191117
vn -0.993558 0.059815 0.096252
vn -0.992096 0.000000 0.125484
vn -0.089397 0.071368 0.993436
vn -0.073485 0.000000 0.997296
vn 0.000211 0.681389 0.731922
vn -0.328805 0.790507 0.516707
vn 0.993384 0.060916 0.097349
vn 0.089706 0.071142 0.993424
vn 0.991918 0.000000 0.126883
vn 0.073438 0.000000 0.997300
vn 0.991445 0.095639 -0.088824
vn 0.343634 0.920681 -0.185101
vn 0.593134 0.782282 0.190334
vn 0.085390 0.083705 -0.992825
vn 0.098230 0.000000 -0.995164
vn 0.997808 0.000000 -0.066179
vn -0.085622 0.083767 -0.992800
vn -0.341102 0.921928 -0.183572
vn 0.000236 0.858988 -0.511995
vn -0.098589 0.000000 -0.995128
vn -0.991684 0.094444 -0.087424
vn -0.997865 0.000000 -0.065304
vn 0.326725 0.789541 0.519495
vn -0.105074 0.931216 0.348992
vn 0.104399 0.931252 0.349101
vn -0.107658 0.987179 0.117844
vn 0.107286 0.987198 0.118021
vn -0.592378 0.782664 0.191116
vn -0.993557 0.059821 0.096260
vn -0.992094 0.000000 0.125494
vn -0.089397 0.071367 0.993436
vn -0.073485 0.000000 0.997296
vn 0.000211 0.681389 0.731922
vn -0.328802 0.790511 0.516703
vn 0.993384 0.060916 0.097349
vn 0.089706 0.071142 0.993424
vn 0.991918 0.000000 0.126883
vn 0.073438 0.000000 0.997300
vn 0.991445 0.095639 -0.088824
vn 0.343634 0.920681 -0.185101
vn 0.593134 0.782282 0.190334
vn 0.085390 0.083705 -0.992825
vn 0.098230 0.000000 -0.995164
vn 0.997808 0.000000 -0.066179
vn -0.085622 0.083768 -0.992800
vn -0.341098 0.921930 -0.183569
vn 0.000236 0.858989 -0.511995
vn -0.098588 0.000000 -0.995128
vn -0.991683 0.094452 -0.087431
vn -0.997865 0.000000 -0.065310
vn 0.326723 0.789541 0.519497
vn -0.105075 0.931217 0.348991
vn 0.104399 0.931251 0.349102
vn -0.107658 0.987179 0.117844
vn 0.107286 0.987198 0.118021
vn -0.592365 0.782673 0.191118
vn -0.993558 0.059815 0.096252
vn -0.992096 0.000000 0.125484
vn -0.089397 0.071367 0.993436
vn -0.073485 0.000000 0.997296
vn 0.000211 0.681388 0.731922
vn -0.328804 0.790509 0.516704
vn 0.993385 0.060911 0.097340
vn 0.089706 0.071142 0.993424
vn 0.991919 0.000000 0.126872
vn 0.073438 0.000000 0.997300
vn 0.991447 0.095631 -0.088817
vn 0.343638 0.920679 -0.185104
vn 0.593147 0.782272 0.190332
vn 0.085390 0.083705 -0.992825
vn 0.098231 0.000000 -0.995164
vn 0.997808 0.000000 -0.066172
vn -0.085622 0.083768 -0.992800
vn -0.341099 0.921930 -0.183570
vn 0.000236 0.858987 -0.511997
vn -0.098589 0.000000 -0.995128
vn -0.991684 0.094444 -0.087424
vn -0.997865 0.000000 -0.065304
vn 0.326728 0.789538 0.519499
vn -0.105073 0.931217 0.348991
vn 0.104399 0.931251 0.349102
vn -0.107656 0.987179 0.117844
vn 0.107286 0.987198 0.118021
vn -0.592371 0.782669 0.191117
vn -0.993558 0.059816 0.096252
vn -0.992096 0.000000 0.125484
vn -0.089397 0.071368 0.993436
vn -0.073485 0.000000 0.997296
vn 0.000211 0.681389 0.731922
vn -0.328805 0.790507 0.516707
vn 0.993384 0.060916 0.097349
vn 0.089706 0.071142 0.993424
vn 0.991918 0.000000 0.126883
vn 0.073438 0.000000 0.997300
vn 0.991445 0.095639 -0.088824
vn 0.343634 0.920681 -0.185101
vn 0.593135 0.782282 0.190334
vn 0.085390 0.083705 -0.992825
vn 0.098230 0.000000 -0.995164
vn 0.997808 0.000000 -0.066179
vn -0.085622 0.083768 -0.992800
vn -0.341102 0.921928 -0.183572
vn 0.000236 0.858989 -0.511995
vn -0.098589 0.000000 -0.995128
vn -0.991684 0.094444 -0.087424
vn -0.997865 0.000000 -0.065304
vn 0.326725 0.789541 0.519495
vn -0.105074 0.931217 0.348992
vn 0.104399 0.931252 0.349101
vn -0.107658 0.987179 0.117844
vn 0.107286 0.987198 0.118021
vn -0.592377 0.782665 0.191116
vn -0.689370 0.705150 -0.165928
vn 0.011155 0.986075 -0.165930
vn -0.681264 0.712992 -0.165898
vn 0.022430 0.985888 -0.165898
vn 0.705146 0.689374 -0.165930
vn 0.712987 0.681270 -0.165896
vn 0.986075 -0.011154 -0.165929
vn 0.985888 -0.022429 -0.165898
vn 0.689369 -0.705151 -0.165929
vn 0.681261 -0.712994 -0.165898
vn -0.011155 -0.986075 -0.165929
vn -0.022431 -0.985888 -0.165898
vn -0.705144 -0.689376 -0.165931
vn -0.712984 -0.681273 -0.165897
vn -0.986075 0.011154 -0.165929
vn -0.985888 0.022429 -0.165897
vn 0.000000 0.000000 -1.000000
vn 0.000000 0.000000 -1.000000
vn 0.000001 0.000000 -1.000000
vn 0.000000 0.000000 -1.000000
vn 0.000000 0.000000 -1.000000
vn 0.000002 0.000000 -1.000000
vn 0.000006 0.000000 -1.000000
vn 0.000000 0.000000 -1.000000
vn -0.809015 -0.587788 0.000000
vn -0.309013 -0.951058 0.000000
vn -0.809015 -0.587788 0.000000
vn -0.309013 -0.951058 0.000000
vn 0.309017 -0.951056 0.000000
vn 0.309017 -0.951057 0.000000
vn 0.809021 -0.587779 0.000000
vn 0.809021 -0.587780 0.000000
vn 1.000000 0.000000 0.000000
vn 1.000000 0.000000 0.000000
vn 0.809016 0.587787 0.000000
vn 0.809016 0.587786 0.000000
vn 0.309013 0.951058 0.000000
vn 0.309013 0.951058 0.000000
vn -0.309017 0.951056 0.000000
vn -0.309017 0.951057 0.000000
vn -0.809022 0.587779 0.000000
vn -0.809022 0.587779 0.000000
vn -1.000000 0.000000 0.000000
vn -1.000000 0.000000 0.000000
vn 0.000000 0.000000 -1.000000
vn 0.000000 0.000000 -1.000000
vn -0.000000 0.000000 -1.000000
vn 0.000000 0.000000 -1.000000
vn 0.000000 0.000000 -1.000000
vn 0.000000 0.000000 -1.000000
vn 0.000000 0.000000 -1.000000
vn 0.000000 0.000000 -1.000000
vn -0.000001 0.000000 -1.000000
vn -0.000001 0.000000 -1.000000
vn 0.000000 0.000000 -1.000000
vn 0.881244 0.267105 0.389954
vn 0.896732 -0.209300 0.389955
vn 0.883462 0.259607 0.390000
vn 0.894904 -0.216904 0.390000
vn 0.671940 -0.629629 0.389954
vn 0.666555 -0.635299 0.389999
vn 0.267104 -0.881244 0.389954
vn 0.259605 -0.883462 0.390000
vn -0.209304 -0.896732 0.389954
vn -0.216907 -0.894903 0.390000
vn -0.629624 -0.671944 0.389956
vn -0.635297 -0.666556 0.390001
vn -0.881244 -0.267102 0.389956
vn -0.883463 -0.259602 0.390000
vn -0.896731 0.209307 0.389954
vn -0.894902 0.216909 0.390000
vn -0.671944 0.629624 0.389955
vn -0.666557 0.635298 0.389999
vn -0.267104 0.881244 0.389954
vn -0.259604 0.883463 0.389999
vn 0.209303 0.896732 0.389954
vn 0.216908 0.894903 0.389999
vn 0.629631 0.671938 0.389953
vn 0.635301 0.666553 0.389999
vn 0.000001 0.000000 -1.000000
vn 0.000000 0.000000 -1.000000
vn 0.000000 0.000000 -1.000000
vn 0.000000 0.000000 -1.000000
vn 0.000001 0.000000 -1.000000
vn 0.000001 0.000000 -1.000000
vn -0.000001 0.000000 -1.000000
vn -0.000001 0.000000 -1.000000
vn 0.000001 0.000000 -1.000000
vn 0.000000 0.000000 -1.000000
vn 0.000000 0.000000 -1.000000
vn 0.000000 0.000000 -1.000000
vn 0.000001 0.000000 -1.000000
vn 0.000000 -1.000000 0.000000
vn -1.000000 -0.000003 0.000000
vn -0.000000 -0.996786 -0.080116
vn -0.996786 0.000003 -0.080116
vn -0.000000 1.000000 0.000000
vn 0.000000 0.996786 -0.080116
vn 1.000000 -0.000003 0.000000
vn 0.996786 0.000003 -0.080116
vn 0.000000 0.000000 -1.000000
vn 0.000000 -1.000000 0.000000
vn -1.000000 0.000003 0.000000
vn -0.000000 -0.996786 -0.080116
vn -0.996786 -0.000003 -0.080116
vn -0.000000 1.000000 0.000000
vn 0.000000 0.996786 -0.080116
vn 1.000000 0.000003 0.000000
vn 0.996786 -0.000003 -0.080116
vn 0.000000 0.000000 -1.000000
vn 0.918143 -0.382433 -0.103729
vn 0.701903 -0.704679 -0.103729
vn 0.917650 -0.383613 -0.103728
vn 0.700997 -0.705580 -0.103728
vn 0.378806 -0.919645 -0.103729
vn 0.377622 -0.920131 -0.103729
vn -0.001962 -0.994604 -0.103729
vn -0.003242 -0.994600 -0.103729
vn -0.382431 -0.918143 -0.103729
vn -0.383611 -0.917651 -0.103729
vn -0.704679 -0.701903 -0.103729
vn -0.705579 -0.700998 -0.103729
vn -0.919645 -0.378806 -0.103729
vn -0.920131 -0.377623 -0.103728
vn -0.994604 0.001963 -0.103729
vn -0.994600 0.003242 -0.103728
vn -0.918143 0.382432 -0.103729
vn -0.917650 0.383612 -0.103728
vn -0.701903 0.704679 -0.103729
vn -0.700995 0.705582 -0.103729
vn -0.378805 0.919645 -0.103729
vn -0.377622 0.920132 -0.103729
vn 0.001963 0.994604 -0.103730
vn 0.003242 0.994600 -0.103729
vn 0.382432 0.918143 -0.103729
vn 0.383612 0.917650 -0.103729
vn 0.704678 0.701904 -0.103729
vn 0.705579 0.700998 -0.103728
vn 0.919645 0.378806 -0.103729
vn 0.920131 0.377623 -0.103729
vn 0.994604 -0.001963 -0.103729
vn 0.994600 -0.003242 -0.103728
vn 0.266807 0.000000 -0.963750
vn 0.188661 -0.188661 -0.963750
vn -0.000000 0.000000 -1.000000
vn 0.000000 -0.266808 -0.963750
vn -0.188662 -0.188662 -0.963750
vn -0.266807 0.000000 -0.963750
vn -0.188662 0.188661 -0.963750
vn -0.000001 0.266808 -0.963750
vn 0.188661 0.188662 -0.963750
vn 0.355208 -0.147131 -0.923136
vn 0.147132 -0.355207 -0.923136
vn 0.000001 -0.396535 -0.918020
vn -0.147132 -0.355208 -0.923136
vn -0.280393 -0.280393 -0.918019
vn -0.355207 -0.147131 -0.923136
vn -0.396533 -0.000000 -0.918020
vn -0.355207 0.147131 -0.923136
vn -0.280392 0.280393 -0.918020
vn -0.147131 0.355208 -0.923136
vn 0.000000 0.396536 -0.918019
vn 0.147131 0.355208 -0.923136
vn 0.280391 0.280393 -0.918020
vn 0.355207 0.147131 -0.923136
vn 0.396535 0.000000 -0.918020
vn 0.280393 -0.280392 -0.918020
vn -0.689371 0.705149 -0.165929
vn 0.011155 0.986075 -0.165930
vn -0.681263 0.712993 -0.165898
vn 0.022430 0.985888 -0.165897
vn 0.705148 0.689372 -0.165930
vn 0.712993 0.681262 -0.165901
vn 0.986074 -0.011156 -0.165934
vn 0.985887 -0.022432 -0.165902
vn 0.689371 -0.705148 -0.165933
vn 0.681270 -0.712986 -0.165898
vn -0.011155 -0.986075 -0.165929
vn -0.022431 -0.985888 -0.165897
vn -0.705146 -0.689374 -0.165931
vn -0.712983 -0.681273 -0.165896
vn -0.986075 0.011154 -0.165929
vn -0.985888 0.022428 -0.165897
vn 0.000000 0.000000 -1.000000
vn 0.000000 0.000000 -1.000000
vn 0.000001 0.000000 -1.000000
vn 0.000000 0.000000 -1.000000
vn 0.000000 0.000000 -1.000000
vn 0.000002 0.000000 -1.000000
vn 0.000006 0.000000 -1.000000
vn 0.000000 0.000000 -1.000000
vn -0.809021 -0.587780 0.000000
vn -0.309017 -0.951057 0.000000
vn -0.809021 -0.587780 0.000000
vn -0.309016 -0.951057 0.000000
vn 0.309018 -0.951056 0.000000
vn 0.309017 -0.951057 0.000000
vn 0.809015 -0.587788 0.000000
vn 0.809014 -0.587790 0.000000
vn 1.000000 0.000001 0.000000
vn 1.000000 -0.000001 0.000000
vn 0.809015 0.587788 0.000000
vn 0.809016 0.587787 0.000000
vn 0.309017 0.951057 0.000000
vn 0.309016 0.951057 0.000000
vn -0.309018 0.951056 0.000000
vn -0.309017 0.951057 0.000000
vn -0.809022 0.587779 0.000000
vn -0.809021 0.587780 0.000000
vn -1.000000 -0.000001 0.000000
vn -1.000000 0.000001 0.000000
vn 0.000000 0.000000 -1.000000
vn 0.000000 0.000000 -1.000000
vn -0.000000 0.000000 -1.000000
vn 0.000000 0.000000 -1.000000
vn 0.000000 0.000000 -1.000000
vn 0.000000 0.000000 -1.000000
vn 0.000000 0.000000 -1.000000
vn 0.000000 0.000000 -1.000000
vn -0.000001 0.000000 -1.000000
vn -0.000001 0.000000 -1.000000
vn 0.000000 0.000000 -1.000000
vn -0.689371 0.705149 -0.165929
vn 0.011155 0.986075 -0.165930
vn -0.681263 0.712993 -0.165898
vn 0.022430 0.985888 -0.165897
vn 0.705148 0.689372 -0.165930
vn 0.712993 0.681262 -0.165901
vn 0.986074 -0.011156 -0.165934
vn 0.985887 -0.022432 -0.165902
vn 0.689371 -0.705148 -0.165933
vn 0.681270 -0.712986 -0.165898
vn -0.011155 -0.986075 -0.165929
vn -0.022431 -0.985888 -0.165897
vn -0.705146 -0.689374 -0.165931
vn -0.712983 -0.681273 -0.165896
vn -0.986075 0.011154 -0.165929
vn -0.985888 0.022428 -0.165897
vn 0.000000 0.000000 -1.000000
vn 0.000000 0.000000 -1.000000
vn 0.000001 0.000000 -1.000000
vn 0.000000 0.000000 -1.000000
vn 0.000000 0.000000 -1.000000
vn 0.000002 0.000000 -1.000000
vn 0.000006 0.000000 -1.000000
vn 0.000000 0.000000 -1.000000
vn -0.809021 -0.587780 0.000000
vn -0.309017 -0.951057 0.000000
vn -0.809021 -0.587780 0.000000
vn -0.309016 -0.951057 0.000000
vn 0.309018 -0.951056 0.000000
vn 0.309017 -0.951057 0.000000
vn 0.809015 -0.587788 0.000000
vn 0.809014 -0.587790 0.000000
vn 1.000000 0.000001 0.000000
vn 1.000000 -0.000001 0.000000
vn 0.809015 0.587788 0.000000
vn 0.809016 0.587787 0.000000
vn 0.309017 0.951057 0.000000
vn 0.309016 0.951057 0.000000
vn -0.309018 0.951056 0.000000
vn -0.309017 0.951057 0.000000
vn -0.809022 0.587779 0.000000
vn -0.809021 0.587780 0.000000
vn -1.000000 -0.000001 0.000000
vn -1.000000 0.000001 0.000000
vn 0.000000 0.000000 -1.000000
vn 0.000000 0.000000 -1.000000
vn -0.000000 0.000000 -1.000000
vn 0.000000 0.000000 -1.000000
vn 0.000000 0.000000 -1.000000
vn 0.000000 0.000000 -1.000000
vn 0.000000 0.000000 -1.000000
vn 0.000000 0.000000 -1.000000
vn -0.000001 0.000000 -1.000000
vn -0.000001 0.000000 -1.000000
vn 0.000000 0.000000 -1.000000
vn -0.689372 0.705147 -0.165932
vn 0.011155 0.986075 -0.165930
vn -0.681273 0.712984 -0.165898
vn 0.022430 0.985888 -0.165897
vn 0.705148 0.689372 -0.165930
vn 0.712986 0.681271 -0.165896
vn 0.986075 -0.011154 -0.165929
vn 0.985888 -0.022428 -0.165898
vn 0.689370 -0.705150 -0.165929
vn 0.681260 -0.712995 -0.165898
vn -0.011155 -0.986075 -0.165929
vn -0.022431 -0.985888 -0.165897
vn -0.705146 -0.689374 -0.165931
vn -0.712990 -0.681265 -0.165901
vn -0.986074 0.011156 -0.165934
vn -0.985887 0.022432 -0.165901
vn 0.000000 0.000000 -1.000000
vn 0.000000 0.000000 -1.000000
vn 0.000001 0.000000 -1.000000
vn 0.000000 0.000000 -1.000000
vn 0.000000 0.000000 -1.000000
vn 0.000002 0.000000 -1.000000
vn 0.000006 0.000000 -1.000000
vn 0.000000 0.000000 -1.000000
vn -0.809014 -0.587789 0.000000
vn -0.309017 -0.951057 0.000000
vn -0.809015 -0.587789 0.000000
vn -0.309016 -0.951057 0.000000
vn 0.309018 -0.951056 0.000000
vn 0.309017 -0.951057 0.000000
vn 0.809021 -0.587779 0.000000
vn 0.809020 -0.587781 0.000000
vn 1.000000 0.000001 0.000000
vn 1.000000 -0.000001 0.000000
vn 0.809022 0.587779 0.000000
vn 0.809022 0.587779 0.000000
vn 0.309017 0.951057 0.000000
vn 0.309016 0.951057 0.000000
vn -0.309018 0.951056 0.000000
vn -0.309017 0.951057 0.000000
vn -0.809016 0.587787 0.000000
vn -0.809015 0.587789 0.000000
vn -1.000000 -0.000001 0.000000
vn -1.000000 0.000001 0.000000
vn 0.000000 0.000000 -1.000000
vn 0.000000 0.000000 -1.000000
vn -0.000000 0.000000 -1.000000
vn 0.000000 0.000000 -1.000000
vn 0.000000 0.000000 -1.000000
vn 0.000000 0.000000 -1.000000
vn 0.000000 0.000000 -1.000000
vn 0.000000 0.000000 -1.000000
vn -0.000001 0.000000 -1.000000
vn -0.000001 0.000000 -1.000000
vn 0.000000 0.000000 -1.000000
vn -0.689372 0.705147 -0.165932
vn 0.011155 0.986075 -0.165930
vn -0.681273 0.712984 -0.165898
vn 0.022430 0.985888 -0.165897
vn 0.705148 0.689372 -0.165930
vn 0.712986 0.681271 -0.165896
vn 0.986075 -0.011154 -0.165929
vn 0.985888 -0.022428 -0.165898
vn 0.689370 -0.705150 -0.165929
vn 0.681260 -0.712995 -0.165898
vn -0.011155 -0.986075 -0.165929
vn -0.022431 -0.985888 -0.165897
vn -0.705146 -0.689374 -0.165931
vn -0.712990 -0.681265 -0.165901
vn -0.986074 0.011156 -0.165934
vn -0.985887 0.022432 -0.165901
vn 0.000000 0.000000 -1.000000
vn 0.000000 0.000000 -1.000000
vn 0.000001 0.000000 -1.000000
vn 0.000000 0.000000 -1.000000
vn 0.000000 0.000000 -1.000000
vn 0.000002 0.000000 -1.000000
vn 0.000006 0.000000 -1.000000
vn 0.000000 0.000000 -1.000000
vn -0.809014 -0.587789 0.000000
vn -0.309017 -0.951057 0.000000
vn -0.809015 -0.587789 0.000000
vn -0.309016 -0.951057 0.000000
vn 0.309018 -0.951056 0.000000
vn 0.309017 -0.951057 0.000000
vn 0.809021 -0.587779 0.000000
vn 0.809020 -0.587781 0.000000
vn 1.000000 0.000001 0.000000
vn 1.000000 -0.000001 0.000000
vn 0.809022 0.587779 0.000000
vn 0.809022 0.587779 0.000000
vn 0.309017 0.951057 0.000000
vn 0.309016 0.951057 0.000000
vn -0.309018 0.951056 0.000000
vn -0.309017 0.951057 0.000000
vn -0.809016 0.587787 0.000000
vn -0.809015 0.587789 0.000000
vn -1.000000 -0.000001 0.000000
vn -1.000000 0.000001 0.000000
vn 0.000000 0.000000 -1.000000
vn 0.000000 0.000000 -1.000000
vn -0.000000 0.000000 -1.000000
vn 0.000000 0.000000 -1.000000
vn 0.000000 0.000000 -1.000000
vn 0.000000 0.000000 -1.000000
vn 0.000000 0.000000 -1.000000
vn 0.000000 0.000000 -1.000000
vn -0.000001 0.000000 -1.000000
vn -0.000001 0.000000 -1.000000
vn 0.000000 0.000000 -1.000000
vn -0.689372 0.705147 -0.165932
vn 0.011155 0.986075 -0.165930
vn -0.681272 0.712984 -0.165898
vn 0.022430 0.985888 -0.165898
vn 0.705146 0.689374 -0.165930
vn 0.712987 0.681270 -0.165896
vn 0.986075 -0.011154 -0.165929
vn 0.985888 -0.022429 -0.165898
vn 0.689369 -0.705151 -0.165929
vn 0.681261 -0.712994 -0.165898
vn -0.011155 -0.986075 -0.165929
vn -0.022431 -0.985888 -0.165898
vn -0.705144 -0.689376 -0.165931
vn -0.712992 -0.681263 -0.165902
vn -0.986074 0.011153 -0.165934
vn -0.985887 0.022436 -0.165901
vn 0.000000 0.000000 -1.000000
vn 0.000000 0.000000 -1.000000
vn 0.000001 0.000000 -1.000000
vn 0.000000 0.000000 -1.000000
vn 0.000000 0.000000 -1.000000
vn 0.000002 0.000000 -1.000000
vn 0.000006 0.000000 -1.000000
vn 0.000000 0.000000 -1.000000
vn -0.809016 -0.587787 0.000000
vn -0.309016 -0.951057 0.000000
vn -0.809014 -0.587789 0.000000
vn -0.309016 -0.951057 0.000000
vn 0.309017 -0.951056 0.000000
vn 0.309017 -0.951057 0.000000
vn 0.809021 -0.587779 0.000000
vn 0.809021 -0.587780 0.000000
vn 1.000000 0.000000 0.000000
vn 1.000000 0.000000 0.000000
vn 0.809022 0.587778 0.000000
vn 0.809022 0.587779 0.000000
vn 0.309017 0.951056 0.000000
vn 0.309016 0.951057 0.000000
vn -0.309018 0.951056 0.000000
vn -0.309016 0.951057 0.000000
vn -0.809015 0.587787 0.000000
vn -0.809016 0.587787 0.000000
vn -1.000000 0.000002 0.000000
vn -1.000000 -0.000002 0.000000
vn 0.000000 0.000000 -1.000000
vn 0.000000 0.000000 -1.000000
vn -0.000000 0.000000 -1.000000
vn 0.000000 0.000000 -1.000000
vn 0.000000 0.000000 -1.000000
vn 0.000000 0.000000 -1.000000
vn 0.000000 0.000000 -1.000000
vn 0.000000 0.000000 -1.000000
vn -0.000001 0.000000 -1.000000
vn -0.000001 0.000000 -1.000000
vn 0.000000 0.000000 -1.000000
vn 0.809013 0.000000 -0.587790
vn 0.309017 0.000000 -0.951056
vn 0.809013 0.000000 -0.587791
vn 0.309017 0.000000 -0.951057
vn -0.309017 0.000000 -0.951056
vn -0.309017 0.000000 -0.951056
vn -0.809018 0.000000 -0.587784
vn -0.809018 0.000000 -0.587783
vn -1.000000 0.000000 0.000000
vn -1.000000 0.000000 -0.000000
vn -0.809018 0.000000 0.587784
vn -0.809017 0.000000 0.587785
vn -0.309017 0.000000 0.951056
vn -0.309017 0.000000 0.951057
vn 0.309017 0.000000 0.951056
vn 0.309017 0.000000 0.951056
vn 0.809012 0.000000 0.587792
vn 0.809013 0.000000 0.587791
vn 1.000000 0.000000 0.000000
vn 1.000000 0.000000 -0.000000
vn 0.000000 -1.000000 0.000000
vn 0.000000 -1.000000 0.000000
vn 0.000000 -1.000000 0.000000
vn 0.000000 -1.000000 0.000000
vn 0.000000 -1.000000 0.000000
vn 0.000000 -1.000000 0.000000
vn 0.000000 -1.000000 0.000000
vn 0.000000 -1.000000 0.000000
vn 0.000000 -1.000000 0.000000
vn 0.000000 -1.000000 0.000000
vn 0.000000 -1.000000 0.000000
vn 0.809018 0.000000 -0.587783
vn 0.309017 0.000000 -0.951056
vn 0.809018 0.000000 -0.587784
vn 0.309017 0.000000 -0.951057
vn -0.309017 0.000000 -0.951056
vn -0.309017 0.000000 -0.951056
vn -0.809018 0.000000 -0.587784
vn -0.809018 0.000000 -0.587783
vn -1.000000 0.000000 0.000000
vn -1.000000 0.000000 -0.000000
vn -0.809018 0.000000 0.587784
vn -0.809017 0.000000 0.587785
vn -0.309017 0.000000 0.951056
vn -0.309017 0.000000 0.951057
vn 0.309017 0.000000 0.951056
vn 0.309017 0.000000 0.951056
vn 0.809017 0.000000 0.587785
vn 0.809018 0.000000 0.587784
vn 1.000000 0.000000 -0.000000
vn 1.000000 0.000000 0.000000
vn 0.000000 -1.000000 0.000000
vn 0.000000 -1.000000 0.000000
vn 0.000000 -1.000000 0.000000
vn 0.000000 -1.000000 0.000000
vn 0.000000 -1.000000 0.000000
vn 0.000000 -1.000000 0.000000
vn 0.000000 -1.000000 0.000000
vn 0.000000 -1.000000 0.000000
vn 0.000000 -1.000000 0.000000
vn 0.000000 -1.000000 0.000000
vn 0.000000 -1.000000 0.000000
vn 0.809018 0.000000 -0.587783
vn 0.309017 0.000000 -0.951056
vn 0.809018 0.000000 -0.587784
vn 0.309017 0.000000 -0.951057
vn -0.309017 0.000000 -0.951056
vn -0.309019 0.000000 -0.951056
vn -0.809018 0.000000 -0.587784
vn -0.809019 0.000000 -0.587783
vn -1.000000 0.000000 0.000000
vn -1.000000 0.000000 -0.000000
vn -0.809017 0.000000 0.587785
vn -0.809018 0.000000 0.587784
vn -0.309017 0.000000 0.951056
vn -0.309017 0.000000 0.951057
vn 0.309017 0.000000 0.951056
vn 0.309017 0.000000 0.951056
vn 0.809018 0.000000 0.587784
vn 0.809017 0.000000 0.587785
vn 1.000000 0.000000 -0.000000
vn 1.000000 0.000000 0.000000
vn 0.000000 -1.000000 0.000000
vn 0.000000 -1.000000 0.000000
vn 0.000000 -1.000000 0.000000
vn 0.000000 -1.000000 0.000000
vn 0.000000 -1.000000 0.000000
vn 0.000000 -1.000000 0.000000
vn 0.000000 -1.000000 0.000000
vn 0.000000 -1.000000 0.000000
vn 0.000000 -1.000000 0.000000
vn 0.000000 -1.000000 0.000000
vn 0.000000 -1.000000 0.000000
vn 0.809012 0.000000 -0.587792
vn 0.309017 0.000000 -0.951056
vn 0.809012 0.000000 -0.587792
vn 0.309017 0.000000 -0.951057
vn -0.309017 0.000000 -0.951056
vn -0.309017 0.000000 -0.951056
vn -0.809017 0.000000 -0.587785
vn -0.809017 0.000000 -0.587785
vn -1.000000 0.000000 0.000000
vn -1.000000 0.000000 -0.000000
vn -0.809019 0.000000 0.587783
vn -0.809019 0.000000 0.587783
vn -0.309017 0.000000 0.951056
vn -0.309017 0.000000 0.951057
vn 0.309017 0.000000 0.951056
vn 0.309017 0.000000 0.951056
vn 0.809014 0.000000 0.587790
vn 0.809014 0.000000 0.587790
vn 1.000000 0.000000 -0.000000
vn 1.000000 0.000000 0.000000
vn 0.000000 -1.000000 0.000000
vn 0.000000 -1.000000 0.000000
vn 0.000000 -1.000000 0.000000
vn 0.000000 -1.000000 0.000000
vn 0.000000 -1.000000 0.000000
vn 0.000000 -1.000000 0.000000
vn 0.000000 -1.000000 0.000000
vn 0.000000 -1.000000 0.000000
vn 0.000000 -1.000000 0.000000
vn 0.000000 -1.000000 0.000000
vn 0.000000 -1.000000 0.000000
s 1
g TV_Radium
usemtl M_TV_Radium
f 18/1/1 21/2/2 17/3/3
f 4/5/4 20/6/5 3/4/6
f 3/4/6 20/6/5 19/7/7
f 19/7/7 20/6/5 18/1/1
f 18/1/1 20/6/5 21/2/2
f 19/7/7 6/71/8 3/4/6
f 3/4/6 6/71/8 1/56/9
f 19/7/7 7/70/10 6/71/8
f 18/1/1 8/69/11 7/70/10
f 18/1/1 12/66/12 8/69/11
f 17/3/3 10/68/13 9/65/14
f 11/67/15 10/68/13 16/8/16
f 16/8/16 10/68/13 17/3/3
f 5/60/17 11/67/15 13/9/18
f 13/9/18 11/67/15 16/8/16
f 21/2/2 14/10/19 16/8/16
f 16/8/16 14/10/19 13/9/18
f 20/6/5 15/11/20 21/2/2
f 21/2/2 15/11/20 14/10/19
f 20/6/5 4/5/4 15/11/20
f 15/11/20 4/5/4 2/12/21
f 17/3/3 22/13/22 18/1/1
f 17/3/3 21/2/2 16/8/16
f 18/1/1 7/70/10 19/7/7
f 17/3/3 9/65/14 22/13/22
f 35/14/23 34/15/24 38/16/25
f 36/18/26 37/19/27 24/17/28
f 24/17/28 37/19/27 25/20/29
f 36/18/26 35/14/23 37/19/27
f 37/19/27 35/14/23 38/16/25
f 36/18/26 24/17/28 26/64/30
f 26/64/30 24/17/28 23/21/31
f 36/18/26 26/64/30 27/63/32
f 35/14/23 27/63/32 28/62/33
f 35/14/23 28/62/33 32/58/34
f 34/15/24 29/57/35 30/61/36
f 34/15/24 30/61/36 33/22/37
f 33/22/37 30/61/36 31/59/38
f 33/22/37 31/59/38 13/9/18
f 13/9/18 31/59/38 5/60/17
f 13/9/18 14/10/19 33/22/37
f 33/22/37 14/10/19 38/16/25
f 14/10/19 15/11/20 38/16/25
f 38/16/25 15/11/20 37/19/27
f 37/19/27 15/11/20 25/20/29
f 25/20/29 15/11/20 2/12/21
f 35/14/23 32/58/34 39/23/39
f 34/15/24 33/22/37 38/16/25
f 35/14/23 36/18/26 27/63/32
f 34/15/24 39/23/39 29/57/35
f 34/15/24 35/14/23 39/23/39
f 22/13/22 12/66/12 18/1/1
f 53/24/40 52/25/41 56/26/42
f 54/27/43 55/28/44 3/4/6
f 3/4/6 55/28/44 4/5/4
f 54/27/43 53/24/40 55/28/44
f 55/28/44 53/24/40 56/26/42
f 54/27/43 3/4/6 41/55/45
f 41/55/45 3/4/6 1/56/9
f 54/27/43 41/55/45 42/54/46
f 53/24/40 42/54/46 43/53/47
f 53/24/40 43/53/47 47/50/48
f 52/25/41 44/49/49 45/52/50
f 52/25/41 45/52/50 51/29/51
f 51/29/51 45/52/50 46/51/52
f 51/29/51 46/51/52 48/30/53
f 48/30/53 46/51/52 40/44/54
f 48/30/53 49/31/55 51/29/51
f 51/29/51 49/31/55 56/26/42
f 49/31/55 50/32/56 56/26/42
f 56/26/42 50/32/56 55/28/44
f 55/28/44 50/32/56 4/5/4
f 4/5/4 50/32/56 2/12/21
f 52/25/41 53/24/40 57/33/57
f 52/25/41 51/29/51 56/26/42
f 53/24/40 54/27/43 42/54/46
f 52/25/41 57/33/57 44/49/49
f 67/34/58 70/35/59 66/36/60
f 25/20/29 69/37/61 24/17/28
f 24/17/28 69/37/61 68/38/62
f 68/38/62 69/37/61 67/34/58
f 67/34/58 69/37/61 70/35/59
f 68/38/62 58/48/63 24/17/28
f 24/17/28 58/48/63 23/21/31
f 68/38/62 59/47/64 58/48/63
f 67/34/58 60/46/65 59/47/64
f 67/34/58 64/42/66 60/46/65
f 66/36/60 62/45/67 61/41/68
f 63/43/69 62/45/67 65/39/70
f 65/39/70 62/45/67 66/36/60
f 40/44/54 63/43/69 48/30/53
f 48/30/53 63/43/69 65/39/70
f 70/35/59 49/31/55 65/39/70
f 65/39/70 49/31/55 48/30/53
f 69/37/61 50/32/56 70/35/59
f 70/35/59 50/32/56 49/31/55
f 69/37/61 25/20/29 50/32/56
f 50/32/56 25/20/29 2/12/21
f 67/34/58 71/40/71 64/42/66
f 66/36/60 70/35/59 65/39/70
f 67/34/58 59/47/64 68/38/62
f 66/36/60 61/41/68 71/40/71
f 66/36/60 71/40/71 67/34/58
f 57/33/57 53/24/40 47/50/48
s 15
f 77/72/72 75/73/73 76/74/74
f 77/72/72 72/75/75 75/73/73
s 16
f 103/76/76 111/77/77 196/79/78
f 196/79/78 111/77/77 197/78/79
f 115/80/80 86/81/81 112/83/82
f 112/83/82 86/81/81 85/82/83
f 95/84/84 102/85/85 113/87/86
f 113/87/86 102/85/85 114/86/87
f 93/88/88 94/89/89 98/91/90
f 98/91/90 94/89/89 99/90/91
f 98/92/90 99/93/91 97/95/92
f 97/95/92 99/93/91 100/94/93
f 97/95/92 100/94/93 96/97/94
f 96/97/94 100/94/93 101/96/95
f 96/97/94 101/96/95 95/84/84
f 95/84/84 101/96/95 102/85/85
f 72/99/96 82/100/97 106/98/98
f 106/98/98 82/100/97 108/101/99
f 106/98/98 108/101/99 105/103/100
f 105/103/100 108/101/99 109/102/101
f 105/103/100 109/102/101 104/105/102
f 104/105/102 109/102/101 110/104/103
f 104/105/102 110/104/103 103/76/76
f 103/76/76 110/104/103 111/77/77
f 113/87/86 114/86/87 112/83/82
f 112/83/82 114/86/87 115/80/80
s 21
f 74/106/104 116/107/105 107/109/106
f 107/109/106 116/107/105 117/108/107
f 107/109/106 117/108/107 108/111/108
f 108/111/108 117/108/107 118/110/109
f 118/110/109 119/112/110 108/111/108
f 108/111/108 119/112/110 109/113/111
f 119/112/110 120/114/112 109/113/111
f 109/113/111 120/114/112 110/115/113
f 110/115/113 120/114/112 111/117/114
f 111/117/114 120/114/112 121/116/115
f 121/116/115 198/118/116 111/117/114
f 111/117/114 198/118/116 197/119/117
f 122/121/118 123/122/119 94/120/120
f 94/120/120 123/122/119 99/123/121
f 99/123/121 123/122/119 100/125/122
f 100/125/122 123/122/119 124/124/123
f 100/125/122 124/124/123 101/127/124
f 101/127/124 124/124/123 125/126/125
f 125/126/125 126/128/126 101/127/124
f 101/127/124 126/128/126 102/129/127
f 126/128/126 127/130/128 102/129/127
f 102/129/127 127/130/128 114/131/129
f 114/131/129 127/130/128 115/133/130
f 115/133/130 127/130/128 128/132/131
f 115/133/130 128/132/131 86/135/132
f 86/135/132 128/132/131 87/134/133
f 129/136/134 130/137/135 116/107/105
f 116/107/105 130/137/135 117/108/107
f 130/137/135 131/138/136 117/108/107
f 117/108/107 131/138/136 118/110/109
f 131/138/136 132/139/137 118/110/109
f 118/110/109 132/139/137 119/112/110
f 133/140/138 120/114/112 132/139/137
f 132/139/137 120/114/112 119/112/110
f 134/141/139 121/116/115 133/140/138
f 133/140/138 121/116/115 120/114/112
f 199/142/140 198/118/116 134/141/139
f 134/141/139 198/118/116 121/116/115
f 136/144/141 123/122/119 135/143/142
f 135/143/142 123/122/119 122/121/118
f 136/144/141 137/145/143 123/122/119
f 123/122/119 137/145/143 124/124/123
f 137/145/143 138/146/144 124/124/123
f 124/124/123 138/146/144 125/126/125
f 139/147/145 126/128/126 138/146/144
f 138/146/144 126/128/126 125/126/125
f 140/148/146 127/130/128 139/147/145
f 139/147/145 127/130/128 126/128/126
f 140/148/146 141/149/147 127/130/128
f 127/130/128 141/149/147 128/132/131
f 141/149/147 88/150/148 128/132/131
f 128/132/131 88/150/148 87/134/133
f 130/137/135 129/136/134 230/151/149
f 230/151/149 129/136/134 231/152/150
f 229/153/151 131/138/136 230/151/149
f 230/151/149 131/138/136 130/137/135
f 132/139/137 131/138/136 228/154/152
f 228/154/152 131/138/136 229/153/151
f 227/155/153 133/140/138 228/154/152
f 228/154/152 133/140/138 132/139/137
f 134/141/139 133/140/138 226/156/154
f 226/156/154 133/140/138 227/155/153
f 134/141/139 226/156/154 199/142/140
f 199/142/140 226/156/154 225/157/155
f 222/158/156 136/144/141 223/159/157
f 223/159/157 136/144/141 135/143/142
f 137/145/143 136/144/141 221/160/158
f 221/160/158 136/144/141 222/158/156
f 220/161/159 138/146/144 221/160/158
f 221/160/158 138/146/144 137/145/143
f 139/147/145 138/146/144 219/162/160
f 219/162/160 138/146/144 220/161/159
f 218/163/161 140/148/146 219/162/160
f 219/162/160 140/148/146 139/147/145
f 217/164/162 141/149/147 218/163/161
f 218/163/161 141/149/147 140/148/146
f 88/150/148 141/149/147 216/165/163
f 216/165/163 141/149/147 217/164/162
f 155/166/164 156/167/165 383/169/166
f 383/169/166 156/167/165 413/168/167
f 157/170/168 412/171/169 156/167/165
f 156/167/165 412/171/169 413/168/167
f 157/170/168 158/172/170 412/171/169
f 412/171/169 158/172/170 411/173/171
f 158/172/170 159/174/172 411/173/171
f 411/173/171 159/174/172 410/175/173
f 159/174/172 160/176/174 410/175/173
f 410/175/173 160/176/174 409/177/175
f 201/178/176 408/179/177 160/176/174
f 160/176/174 408/179/177 409/177/175
f 161/180/178 162/181/179 406/183/180
f 406/183/180 162/181/179 405/182/181
f 163/184/182 404/185/183 162/181/179
f 162/181/179 404/185/183 405/182/181
f 163/184/182 164/186/184 404/185/183
f 404/185/183 164/186/184 403/187/185
f 165/188/186 402/189/187 164/186/184
f 164/186/184 402/189/187 403/187/185
f 166/190/188 401/191/189 165/188/186
f 165/188/186 401/191/189 402/189/187
f 166/190/188 167/192/190 401/191/189
f 401/191/189 167/192/190 400/193/191
f 167/192/190 90/194/192 400/193/191
f 400/193/191 90/194/192 399/195/193
f 178/196/194 168/197/195 179/199/196
f 179/199/196 168/197/195 169/198/197
f 169/198/197 170/200/198 179/199/196
f 179/199/196 170/200/198 180/201/199
f 170/200/198 171/202/200 180/201/199
f 180/201/199 171/202/200 181/203/201
f 181/203/201 171/202/200 202/204/202
f 172/206/203 173/207/204 182/205/205
f 182/205/205 173/207/204 183/208/206
f 183/208/206 173/207/204 184/210/207
f 184/210/207 173/207/204 174/209/208
f 184/210/207 174/209/208 185/212/209
f 185/212/209 174/209/208 175/211/210
f 185/212/209 175/211/210 186/214/211
f 186/214/211 175/211/210 176/213/212
f 186/214/211 176/213/212 187/216/213
f 187/216/213 176/213/212 177/215/214
f 187/216/213 177/215/214 92/218/215
f 92/218/215 177/215/214 91/217/216
f 155/166/164 178/196/194 156/167/165
f 156/167/165 178/196/194 157/170/168
f 157/170/168 178/196/194 179/199/196
f 157/170/168 179/199/196 158/172/170
f 158/172/170 179/199/196 180/201/199
f 158/172/170 180/201/199 159/174/172
f 180/201/199 181/203/201 159/174/172
f 159/174/172 181/203/201 160/176/174
f 160/176/174 181/203/201 201/178/176
f 201/178/176 181/203/201 202/204/202
f 161/180/178 182/205/205 162/181/179
f 162/181/179 182/205/205 183/208/206
f 162/181/179 183/208/206 163/184/182
f 163/184/182 183/208/206 184/210/207
f 163/184/182 184/210/207 164/186/184
f 184/210/207 185/212/209 164/186/184
f 164/186/184 185/212/209 165/188/186
f 165/188/186 185/212/209 166/190/188
f 166/190/188 185/212/209 186/214/211
f 166/190/188 186/214/211 167/192/190
f 167/192/190 186/214/211 187/216/213
f 167/192/190 187/216/213 90/194/192
f 90/194/192 187/216/213 92/218/215
s 16
f 189/219/217 94/89/89 188/220/218
f 188/220/218 94/89/89 93/88/88
s 21
f 190/221/219 122/121/118 189/222/220
f 189/222/220 122/121/118 94/120/120
f 135/143/142 122/121/118 191/223/221
f 191/223/221 122/121/118 190/221/219
f 191/223/221 224/224/222 135/143/142
f 135/143/142 224/224/222 223/159/157
f 193/225/223 161/180/178 407/226/224
f 407/226/224 161/180/178 406/183/180
f 194/227/225 182/205/205 193/225/223
f 193/225/223 182/205/205 161/180/178
f 195/228/226 172/206/203 194/227/225
f 194/227/225 172/206/203 182/205/205
s 16
f 197/78/79 189/219/217 196/79/78
f 196/79/78 189/219/217 188/220/218
s 21
f 198/118/116 190/221/219 197/119/117
f 197/119/117 190/221/219 189/222/220
f 199/142/140 191/223/221 198/118/116
f 198/118/116 191/223/221 190/221/219
f 191/223/221 199/142/140 224/224/222
f 224/224/222 199/142/140 225/157/155
f 201/178/176 193/225/223 408/179/177
f 408/179/177 193/225/223 407/226/224
f 202/204/202 194/227/225 201/178/176
f 201/178/176 194/227/225 193/225/223
f 195/228/226 194/227/225 203/229/227
f 203/229/227 194/227/225 202/204/202
s 42
f 171/230/228 170/231/229 168/233/230
f 168/233/230 170/231/229 169/232/231
f 204/234/232 91/235/233 205/237/234
f 205/237/234 91/235/233 177/236/235
f 212/238/236 214/239/237 215/240/238
f 205/237/234 177/236/235 206/242/239
f 206/242/239 177/236/235 176/241/240
f 206/242/239 176/241/240 175/243/241
f 195/244/242 203/245/243 213/246/244
f 172/247/245 195/244/242 208/248/246
f 214/239/237 212/238/236 211/249/247
f 203/245/243 211/249/247 210/250/248
f 23/251/249 204/234/232 26/252/250
f 26/252/250 204/234/232 205/237/234
f 27/253/251 205/237/234 206/242/239
f 28/254/252 27/253/251 206/242/239
f 32/255/253 206/242/239 207/256/254
f 208/248/246 39/257/255 207/256/254
f 208/248/246 29/258/256 39/257/255
f 209/259/257 29/258/256 208/248/246
f 31/260/258 209/259/257 213/246/244
f 210/250/248 9/261/259 10/262/260
f 22/263/261 9/261/259 210/250/248
f 211/249/247 12/264/262 22/263/261
f 212/238/236 12/264/262 211/249/247
f 6/265/263 7/266/264 215/240/238
f 212/238/236 8/267/265 12/264/262
f 211/249/247 22/263/261 210/250/248
f 209/259/257 31/260/258 30/268/266
f 32/255/253 28/254/252 206/242/239
f 210/250/248 10/262/260 213/246/244
f 203/245/243 210/250/248 213/246/244
f 195/244/242 213/246/244 209/259/257
f 5/269/267 31/260/258 213/246/244
f 11/270/268 5/269/267 213/246/244
f 10/262/260 11/270/268 213/246/244
f 203/245/243 214/239/237 211/249/247
f 367/271/269 215/240/238 366/272/270
f 366/272/270 215/240/238 214/239/237
f 206/242/239 175/243/241 207/256/254
f 195/244/242 209/259/257 208/248/246
f 27/253/251 26/252/250 205/237/234
f 39/257/255 32/255/253 207/256/254
f 209/259/257 30/268/266 29/258/256
f 212/238/236 7/266/264 8/267/265
f 7/266/264 212/238/236 215/240/238
s 21
f 171/202/200 203/229/227 202/204/202
f 217/164/162 154/273/271 216/165/163
f 216/165/163 154/273/271 89/274/272
f 154/273/271 217/164/162 153/275/273
f 153/275/273 217/164/162 218/163/161
f 153/275/273 218/163/161 152/276/274
f 152/276/274 218/163/161 219/162/160
f 219/162/160 220/161/159 152/276/274
f 152/276/274 220/161/159 151/277/275
f 220/161/159 221/160/158 151/277/275
f 151/277/275 221/160/158 150/278/276
f 150/278/276 221/160/158 149/279/277
f 149/279/277 221/160/158 222/158/156
f 149/279/277 222/158/156 148/280/278
f 148/280/278 222/158/156 223/159/157
f 224/224/222 192/281/279 223/159/157
f 223/159/157 192/281/279 148/280/278
f 225/157/155 200/282/280 224/224/222
f 224/224/222 200/282/280 192/281/279
f 226/156/154 147/283/281 225/157/155
f 225/157/155 147/283/281 200/282/280
f 226/156/154 227/155/153 147/283/281
f 147/283/281 227/155/153 146/284/282
f 227/155/153 228/154/152 146/284/282
f 146/284/282 228/154/152 145/285/283
f 145/285/283 228/154/152 144/286/284
f 144/286/284 228/154/152 229/153/151
f 144/286/284 229/153/151 143/287/285
f 143/287/285 229/153/151 230/151/149
f 230/151/149 231/152/150 143/287/285
f 143/287/285 231/152/150 142/288/286
s 42
f 172/247/245 207/256/254 175/243/241
f 173/290/287 172/247/245 174/289/288
f 174/289/288 172/247/245 175/243/241
f 172/247/245 208/248/246 207/256/254
s 16
f 82/100/97 84/291/289 108/101/99
f 83/292/290 74/293/291 107/294/292
f 84/291/289 83/292/290 107/294/292
f 84/291/289 107/294/292 108/101/99
s 15
f 93/295/293 95/296/294 188/298/295
f 188/298/295 95/296/294 113/297/296
f 96/300/297 95/296/294 98/299/298
f 98/299/298 95/296/294 93/295/293
f 96/300/297 98/299/298 97/301/299
f 75/73/73 72/75/75 196/302/300
f 196/302/300 72/75/75 103/303/301
f 103/303/301 72/75/75 104/305/302
f 104/305/302 72/75/75 106/304/303
f 106/304/303 105/306/304 104/305/302
f 188/298/295 113/297/296 112/307/305
f 75/73/73 196/302/300 81/308/306
f 188/298/295 112/307/305 85/309/307
s 54
f 232/310/308 240/311/309 236/313/310
f 236/313/310 240/311/309 241/312/311
f 78/314/312 237/315/313 73/317/314
f 73/317/314 237/315/313 233/316/315
s 56
f 236/318/316 241/319/317 235/321/318
f 235/321/318 241/319/317 238/320/319
f 237/322/320 78/323/321 238/320/319
f 238/320/319 78/323/321 79/324/322
s 15
f 236/325/323 235/326/324 234/327/325
f 236/325/323 234/327/325 232/328/326
s 59
f 235/329/327 238/330/328 234/332/329
f 234/332/329 238/330/328 239/331/330
s 60
f 238/333/331 79/334/332 239/336/333
f 239/336/333 79/334/332 80/335/334
s 61
f 234/337/335 239/338/336 81/340/337
f 81/340/337 239/338/336 80/339/338
s 54
f 240/311/309 243/341/339 241/312/311
f 241/312/311 243/341/339 244/342/340
f 243/341/339 242/343/341 244/342/340
f 244/342/340 242/343/341 245/344/342
f 242/343/341 233/316/315 245/344/342
f 245/344/342 233/316/315 237/315/313
s 56
f 238/320/319 241/319/317 244/345/343
f 238/320/319 244/345/343 245/346/344
f 238/320/319 245/346/344 237/322/320
s 21
f 269/347/345 421/348/346 233/350/347
f 233/350/347 421/348/346 73/349/348
f 420/351/349 421/348/346 282/352/350
f 282/352/350 421/348/346 269/347/345
f 419/353/351 420/351/349 382/354/352
f 382/354/352 420/351/349 282/352/350
f 308/355/353 416/356/354 384/358/355
f 384/358/355 416/356/354 417/357/356
f 416/356/354 308/355/353 415/359/357
f 415/359/357 308/355/353 331/360/358
f 414/361/359 415/359/357 321/362/360
f 321/362/360 415/359/357 331/360/358
s 16
f 256/363/361 349/364/362 264/366/363
f 264/366/363 349/364/362 350/365/364
f 268/367/365 265/368/366 86/81/81
f 86/81/81 265/368/366 85/82/83
f 248/369/367 266/370/368 255/372/369
f 255/372/369 266/370/368 267/371/370
f 246/373/371 251/374/372 247/376/373
f 247/376/373 251/374/372 252/375/374
f 251/374/372 250/377/375 252/375/374
f 252/375/374 250/377/375 253/378/376
f 250/377/375 249/379/377 253/378/376
f 253/378/376 249/379/377 254/380/378
f 249/379/377 248/369/367 254/380/378
f 254/380/378 248/369/367 255/372/369
f 261/382/379 240/383/380 259/381/381
f 259/381/381 240/383/380 232/384/382
f 259/381/381 258/385/383 261/382/379
f 261/382/379 258/385/383 262/386/384
f 258/385/383 257/387/385 262/386/384
f 262/386/384 257/387/385 263/388/386
f 257/387/385 256/363/361 263/388/386
f 263/388/386 256/363/361 264/366/363
f 266/370/368 265/368/366 267/371/370
f 267/371/370 265/368/366 268/367/365
s 21
f 233/350/347 260/389/387 269/347/345
f 269/347/345 260/389/387 270/390/388
f 260/389/387 261/391/389 270/390/388
f 270/390/388 261/391/389 271/392/390
f 262/393/391 272/394/392 261/391/389
f 261/391/389 272/394/392 271/392/390
f 263/395/393 273/396/394 262/393/391
f 262/393/391 273/396/394 272/394/392
f 263/395/393 264/397/395 273/396/394
f 273/396/394 264/397/395 274/398/396
f 350/399/397 351/400/398 264/397/395
f 264/397/395 351/400/398 274/398/396
f 252/402/399 276/403/400 247/401/401
f 247/401/401 276/403/400 275/404/402
f 252/402/399 253/405/403 276/403/400
f 276/403/400 253/405/403 277/406/404
f 253/405/403 254/407/405 277/406/404
f 277/406/404 254/407/405 278/408/406
f 255/409/407 279/410/408 254/407/405
f 254/407/405 279/410/408 278/408/406
f 267/411/409 280/412/410 255/409/407
f 255/409/407 280/412/410 279/410/408
f 267/411/409 268/413/411 280/412/410
f 280/412/410 268/413/411 281/414/412
f 268/413/411 86/415/132 281/414/412
f 281/414/412 86/415/132 87/416/133
f 282/352/350 269/347/345 283/417/413
f 283/417/413 269/347/345 270/390/388
f 283/417/413 270/390/388 284/418/414
f 284/418/414 270/390/388 271/392/390
f 284/418/414 271/392/390 285/419/415
f 285/419/415 271/392/390 272/394/392
f 272/394/392 273/396/394 285/419/415
f 285/419/415 273/396/394 286/420/416
f 273/396/394 274/398/396 286/420/416
f 286/420/416 274/398/396 287/421/417
f 274/398/396 351/400/398 287/421/417
f 287/421/417 351/400/398 352/422/418
f 275/404/402 276/403/400 288/423/419
f 288/423/419 276/403/400 289/424/420
f 289/424/420 276/403/400 290/425/421
f 290/425/421 276/403/400 277/406/404
f 290/425/421 277/406/404 291/426/422
f 291/426/422 277/406/404 278/408/406
f 278/408/406 279/410/408 291/426/422
f 291/426/422 279/410/408 292/427/423
f 279/410/408 280/412/410 292/427/423
f 292/427/423 280/412/410 293/428/424
f 293/428/424 280/412/410 294/429/425
f 294/429/425 280/412/410 281/414/412
f 294/429/425 281/414/412 88/430/148
f 88/430/148 281/414/412 87/416/133
f 382/354/352 282/352/350 381/431/426
f 381/431/426 282/352/350 283/417/413
f 380/432/427 381/431/426 284/418/414
f 284/418/414 381/431/426 283/417/413
f 380/432/427 284/418/414 379/433/428
f 379/433/428 284/418/414 285/419/415
f 378/434/429 379/433/428 286/420/416
f 286/420/416 379/433/428 285/419/415
f 378/434/429 286/420/416 377/435/430
f 377/435/430 286/420/416 287/421/417
f 376/436/431 377/435/430 352/422/418
f 352/422/418 377/435/430 287/421/417
f 373/437/432 374/438/433 289/424/420
f 289/424/420 374/438/433 288/423/419
f 373/437/432 289/424/420 372/439/434
f 372/439/434 289/424/420 290/425/421
f 371/440/435 372/439/434 291/426/422
f 291/426/422 372/439/434 290/425/421
f 371/440/435 291/426/422 370/441/436
f 370/441/436 291/426/422 292/427/423
f 369/442/437 370/441/436 293/428/424
f 293/428/424 370/441/436 292/427/423
f 368/443/438 369/442/437 294/429/425
f 294/429/425 369/442/437 293/428/424
f 88/430/148 216/444/163 294/429/425
f 294/429/425 216/444/163 368/443/438
f 308/355/353 384/358/355 309/445/439
f 309/445/439 384/358/355 385/446/440
f 310/447/441 309/445/439 386/448/442
f 386/448/442 309/445/439 385/446/440
f 311/449/443 310/447/441 387/450/444
f 387/450/444 310/447/441 386/448/442
f 312/451/445 311/449/443 388/452/446
f 388/452/446 311/449/443 387/450/444
f 312/451/445 388/452/446 313/453/447
f 313/453/447 388/452/446 389/454/448
f 354/455/449 313/453/447 390/456/450
f 390/456/450 313/453/447 389/454/448
f 314/458/451 392/459/452 315/457/453
f 315/457/453 392/459/452 393/460/454
f 316/461/455 315/457/453 394/462/456
f 394/462/456 315/457/453 393/460/454
f 316/461/455 394/462/456 317/463/457
f 317/463/457 394/462/456 395/464/458
f 318/465/459 317/463/457 396/466/460
f 396/466/460 317/463/457 395/464/458
f 319/467/461 318/465/459 397/468/462
f 397/468/462 318/465/459 396/466/460
f 320/469/463 319/467/461 398/470/464
f 398/470/464 319/467/461 397/468/462
f 398/470/464 399/471/193 320/469/463
f 320/469/463 399/471/193 90/472/192
f 331/360/358 332/473/465 321/362/360
f 321/362/360 332/473/465 322/474/466
f 333/475/467 323/476/468 332/473/465
f 332/473/465 323/476/468 322/474/466
f 334/477/469 324/478/470 333/475/467
f 333/475/467 324/478/470 323/476/468
f 334/477/469 355/479/471 324/478/470
f 336/481/472 326/482/473 335/480/474
f 335/480/474 326/482/473 325/483/475
f 336/481/472 337/484/476 326/482/473
f 326/482/473 337/484/476 327/485/477
f 337/484/476 338/486/478 327/485/477
f 327/485/477 338/486/478 328/487/479
f 338/486/478 339/488/480 328/487/479
f 328/487/479 339/488/480 329/489/481
f 339/488/480 340/490/482 329/489/481
f 329/489/481 340/490/482 330/491/483
f 340/490/482 92/492/215 330/491/483
f 330/491/483 92/492/215 91/493/216
f 308/355/353 309/445/439 331/360/358
f 309/445/439 310/447/441 331/360/358
f 331/360/358 310/447/441 332/473/465
f 310/447/441 311/449/443 332/473/465
f 311/449/443 333/475/467 332/473/465
f 311/449/443 312/451/445 333/475/467
f 313/453/447 334/477/469 312/451/445
f 312/451/445 334/477/469 333/475/467
f 313/453/447 354/455/449 334/477/469
f 334/477/469 354/455/449 355/479/471
f 314/458/451 315/457/453 335/480/474
f 335/480/474 315/457/453 336/481/472
f 315/457/453 316/461/455 336/481/472
f 316/461/455 337/484/476 336/481/472
f 316/461/455 317/463/457 337/484/476
f 318/465/459 338/486/478 317/463/457
f 317/463/457 338/486/478 337/484/476
f 318/465/459 319/467/461 338/486/478
f 338/486/478 319/467/461 339/488/480
f 319/467/461 320/469/463 339/488/480
f 339/488/480 320/469/463 340/490/482
f 320/469/463 90/472/192 340/490/482
f 340/490/482 90/472/192 92/492/215
s 16
f 342/494/484 341/495/485 247/376/373
f 247/376/373 341/495/485 246/373/371
s 21
f 343/496/486 342/497/487 275/404/402
f 275/404/402 342/497/487 247/401/401
f 343/496/486 275/404/402 344/498/488
f 344/498/488 275/404/402 288/423/419
f 374/438/433 375/499/489 288/423/419
f 288/423/419 375/499/489 344/498/488
f 346/500/490 391/501/491 314/458/451
f 314/458/451 391/501/491 392/459/452
f 347/502/492 346/500/490 335/480/474
f 335/480/474 346/500/490 314/458/451
f 348/503/493 347/502/492 325/483/475
f 325/483/475 347/502/492 335/480/474
s 16
f 350/365/364 349/364/362 342/494/484
f 342/494/484 349/364/362 341/495/485
s 21
f 351/400/398 350/399/397 343/496/486
f 343/496/486 350/399/397 342/497/487
f 352/422/418 351/400/398 344/498/488
f 344/498/488 351/400/398 343/496/486
f 344/498/488 375/499/489 352/422/418
f 352/422/418 375/499/489 376/436/431
f 346/500/490 354/455/449 391/501/491
f 391/501/491 354/455/449 390/456/450
f 355/479/471 354/455/449 347/502/492
f 347/502/492 354/455/449 346/500/490
f 355/479/471 347/502/492 356/504/494
f 356/504/494 347/502/492 348/503/493
s 42
f 324/505/495 321/506/496 323/508/497
f 323/508/497 321/506/496 322/507/498
f 324/505/495 356/509/499 171/230/228
f 171/230/228 356/509/499 203/245/243
f 171/230/228 414/510/500 324/505/495
f 204/234/232 357/511/501 91/235/233
f 91/235/233 357/511/501 330/512/502
f 364/513/503 367/271/269 366/272/270
f 357/511/501 358/514/504 330/512/502
f 330/512/502 358/514/504 329/515/505
f 358/514/504 328/516/506 329/515/505
f 328/516/506 325/518/507 327/517/508
f 327/517/508 325/518/507 326/519/509
f 348/520/510 365/521/511 356/509/499
f 325/518/507 360/522/512 348/520/510
f 366/272/270 363/523/513 364/513/503
f 356/509/499 362/524/514 363/523/513
f 23/251/249 58/525/515 204/234/232
f 204/234/232 58/525/515 357/511/501
f 59/526/516 358/514/504 357/511/501
f 60/527/517 358/514/504 59/526/516
f 64/528/518 359/529/519 358/514/504
f 360/522/512 359/529/519 71/530/520
f 360/522/512 71/530/520 61/531/521
f 361/532/522 360/522/512 61/531/521
f 63/533/523 365/521/511 361/532/522
f 362/524/514 45/534/524 44/535/525
f 57/536/526 362/524/514 44/535/525
f 363/523/513 57/536/526 47/537/527
f 364/513/503 363/523/513 47/537/527
f 41/538/528 367/271/269 42/539/529
f 364/513/503 47/537/527 43/540/530
f 363/523/513 362/524/514 57/536/526
f 361/532/522 62/541/531 63/533/523
f 64/528/518 358/514/504 60/527/517
f 362/524/514 365/521/511 45/534/524
f 356/509/499 365/521/511 362/524/514
f 348/520/510 361/532/522 365/521/511
f 40/542/532 365/521/511 63/533/523
f 46/543/533 365/521/511 40/542/532
f 45/534/524 365/521/511 46/543/533
f 203/245/243 356/509/499 214/239/237
f 214/239/237 356/509/499 366/272/270
f 356/509/499 363/523/513 366/272/270
f 215/240/238 1/544/534 6/265/263
f 358/514/504 359/529/519 328/516/506
f 348/520/510 360/522/512 361/532/522
f 59/526/516 357/511/501 58/525/515
f 71/530/520 359/529/519 64/528/518
f 361/532/522 61/531/521 62/541/531
f 364/513/503 43/540/530 42/539/529
f 42/539/529 367/271/269 364/513/503
s 21
f 324/478/470 355/479/471 356/504/494
f 368/443/438 216/444/163 307/546/535
f 307/546/535 216/444/163 89/545/272
f 307/546/535 306/547/536 368/443/438
f 368/443/438 306/547/536 369/442/437
f 306/547/536 305/548/537 369/442/437
f 369/442/437 305/548/537 370/441/436
f 304/549/538 371/440/435 305/548/537
f 305/548/537 371/440/435 370/441/436
f 303/550/539 372/439/434 304/549/538
f 304/549/538 372/439/434 371/440/435
f 303/550/539 302/551/540 372/439/434
f 372/439/434 302/551/540 373/437/432
f 302/551/540 301/552/541 373/437/432
f 373/437/432 301/552/541 374/438/433
f 375/499/489 374/438/433 345/553/542
f 345/553/542 374/438/433 301/552/541
f 376/436/431 375/499/489 353/554/543
f 353/554/543 375/499/489 345/553/542
f 377/435/430 376/436/431 300/555/544
f 300/555/544 376/436/431 353/554/543
f 299/556/545 378/434/429 300/555/544
f 300/555/544 378/434/429 377/435/430
f 298/557/546 379/433/428 299/556/545
f 299/556/545 379/433/428 378/434/429
f 298/557/546 297/558/547 379/433/428
f 379/433/428 297/558/547 380/432/427
f 297/558/547 296/559/548 380/432/427
f 380/432/427 296/559/548 381/431/426
f 295/560/549 382/354/352 296/559/548
f 296/559/548 382/354/352 381/431/426
f 418/561/550 419/353/351 295/560/549
f 295/560/549 419/353/351 382/354/352
s 42
f 325/518/507 328/516/506 359/529/519
f 325/518/507 359/529/519 360/522/512
s 16
f 240/383/380 261/382/379 243/562/551
f 242/563/552 260/564/553 233/565/554
f 243/562/551 260/564/553 242/563/552
f 243/562/551 261/382/379 260/564/553
s 15
f 246/566/555 341/567/556 248/569/557
f 248/569/557 341/567/556 266/568/558
f 246/566/555 248/569/557 251/570/559
f 251/570/559 248/569/557 249/571/560
f 249/571/560 250/572/561 251/570/559
f 256/574/562 232/328/326 349/573/563
f 349/573/563 232/328/326 234/327/325
f 256/574/562 257/575/564 232/328/326
f 232/328/326 257/575/564 259/576/565
f 259/576/565 257/575/564 258/577/566
f 341/567/556 265/578/567 266/568/558
f 234/327/325 81/308/306 349/573/563
f 341/567/556 85/309/307 265/578/567
f 85/309/307 341/567/556 188/298/295
s 42
f 1/544/534 367/271/269 41/538/528
f 215/240/238 367/271/269 1/544/534
s 15
f 196/302/300 349/573/563 81/308/306
f 188/298/295 341/567/556 196/302/300
f 196/302/300 341/567/556 349/573/563
s 21
f 384/358/355 417/357/356 295/560/549
f 295/560/549 417/357/356 418/561/550
f 384/358/355 295/560/549 385/446/440
f 385/446/440 295/560/549 296/559/548
f 386/448/442 385/446/440 297/558/547
f 297/558/547 385/446/440 296/559/548
f 387/450/444 386/448/442 298/557/546
f 298/557/546 386/448/442 297/558/547
f 388/452/446 387/450/444 299/556/545
f 299/556/545 387/450/444 298/557/546
f 388/452/446 299/556/545 389/454/448
f 389/454/448 299/556/545 300/555/544
f 390/456/450 389/454/448 353/554/543
f 353/554/543 389/454/448 300/555/544
f 391/501/491 390/456/450 345/553/542
f 345/553/542 390/456/450 353/554/543
f 391/501/491 345/553/542 392/459/452
f 392/459/452 345/553/542 301/552/541
f 392/459/452 301/552/541 393/460/454
f 393/460/454 301/552/541 302/551/540
f 394/462/456 393/460/454 303/550/539
f 303/550/539 393/460/454 302/551/540
f 394/462/456 303/550/539 395/464/458
f 395/464/458 303/550/539 304/549/538
f 396/466/460 395/464/458 305/548/537
f 305/548/537 395/464/458 304/549/538
f 397/468/462 396/466/460 306/547/536
f 306/547/536 396/466/460 305/548/537
f 398/470/464 397/468/462 307/546/535
f 307/546/535 397/468/462 306/547/536
f 89/545/272 399/471/193 307/546/535
f 307/546/535 399/471/193 398/470/464
f 400/193/191 399/195/193 154/273/271
f 154/273/271 399/195/193 89/274/272
f 401/191/189 400/193/191 153/275/273
f 153/275/273 400/193/191 154/273/271
f 401/191/189 153/275/273 402/189/187
f 402/189/187 153/275/273 152/276/274
f 402/189/187 152/276/274 403/187/185
f 403/187/185 152/276/274 151/277/275
f 404/185/183 403/187/185 150/278/276
f 150/278/276 403/187/185 151/277/275
f 404/185/183 150/278/276 405/182/181
f 405/182/181 150/278/276 149/279/277
f 406/183/180 405/182/181 148/280/278
f 148/280/278 405/182/181 149/279/277
f 407/226/224 406/183/180 192/281/279
f 192/281/279 406/183/180 148/280/278
f 408/179/177 407/226/224 200/282/280
f 200/282/280 407/226/224 192/281/279
f 408/179/177 200/282/280 409/177/175
f 409/177/175 200/282/280 147/283/281
f 410/175/173 409/177/175 146/284/282
f 146/284/282 409/177/175 147/283/281
f 411/173/171 410/175/173 145/285/283
f 145/285/283 410/175/173 146/284/282
f 412/171/169 411/173/171 144/286/284
f 144/286/284 411/173/171 145/285/283
f 412/171/169 144/286/284 413/168/167
f 413/168/167 144/286/284 143/287/285
f 383/169/166 413/168/167 142/288/286
f 142/288/286 413/168/167 143/287/285
f 178/196/194 415/579/357 168/197/195
f 168/197/195 415/579/357 414/580/359
f 416/581/354 415/579/357 155/166/164
f 155/166/164 415/579/357 178/196/194
f 417/582/356 416/581/354 383/169/166
f 383/169/166 416/581/354 155/166/164
f 418/583/550 417/582/356 142/288/286
f 142/288/286 417/582/356 383/169/166
f 231/152/150 419/584/351 142/288/286
f 142/288/286 419/584/351 418/583/550
f 129/136/134 420/585/349 231/152/150
f 231/152/150 420/585/349 419/584/351
f 116/107/105 421/586/346 129/136/134
f 129/136/134 421/586/346 420/585/349
f 73/587/348 421/586/346 74/106/104
f 74/106/104 421/586/346 116/107/105
s 42
f 168/233/230 414/510/500 171/230/228
f 324/505/495 414/510/500 321/506/496
s 54
f 72/588/568 77/589/569 82/591/570
f 82/591/570 77/589/569 425/590/571
f 78/314/312 73/317/314 422/593/572
f 422/593/572 73/317/314 74/592/573
s 56
f 77/594/574 76/595/575 425/597/576
f 425/597/576 76/595/575 423/596/577
f 422/598/578 423/596/577 78/600/321
f 78/600/321 423/596/577 79/599/322
s 120
f 76/601/579 75/602/580 423/604/581
f 423/604/581 75/602/580 424/603/582
s 60
f 423/605/583 424/606/584 79/608/332
f 79/608/332 424/606/584 80/607/334
s 61
f 75/609/585 81/610/337 424/612/586
f 424/612/586 81/610/337 80/611/338
s 54
f 82/613/570 425/614/571 84/616/587
f 84/616/587 425/614/571 426/615/588
f 84/616/587 426/615/588 83/618/589
f 83/618/589 426/615/588 427/617/590
f 83/618/589 427/617/590 74/592/573
f 74/592/573 427/617/590 422/593/572
s 56
f 423/596/577 426/619/591 425/597/576
f 423/596/577 427/620/592 426/619/591
f 423/596/577 422/598/578 427/620/592
s 121
f 428/621/593 429/622/594 430/624/595
f 430/624/595 429/622/594 431/623/596
s 122
f 430/625/597 431/626/598 432/628/599
f 432/628/599 431/626/598 433/627/600
s 123
f 434/629/601 435/630/602 428/632/603
f 428/632/603 435/630/602 429/631/604
s 124
f 436/633/605 437/634/606 444/636/607
f 444/636/607 437/634/606 445/635/608
f 437/634/606 438/637/609 445/635/608
f 445/635/608 438/637/609 446/638/610
f 438/637/609 439/639/611 446/638/610
f 446/638/610 439/639/611 447/640/612
f 439/639/611 440/641/613 447/640/612
f 447/640/612 440/641/613 448/642/614
f 440/641/613 441/643/615 448/642/614
f 448/642/614 441/643/615 449/644/616
f 441/645/615 442/646/617 449/648/616
f 449/648/616 442/646/617 450/647/618
f 442/646/617 443/649/619 450/647/618
f 450/647/618 443/649/619 451/650/620
f 443/649/619 436/633/605 451/650/620
f 451/650/620 436/633/605 444/636/607
s 125
f 444/651/621 445/652/622 451/653/623
f 445/652/622 446/654/624 451/653/623
f 446/654/624 447/655/625 451/653/623
f 447/655/625 448/656/626 451/653/623
f 448/656/626 449/657/627 451/653/623
f 449/657/627 450/658/628 451/653/623
s 126
f 452/659/629 453/660/630 462/662/631
f 462/662/631 453/660/630 463/661/632
f 453/663/630 454/664/633 463/666/632
f 463/666/632 454/664/633 464/665/634
f 454/664/633 455/667/635 464/665/634
f 464/665/634 455/667/635 465/668/636
f 455/667/635 456/669/637 465/668/636
f 465/668/636 456/669/637 466/670/638
f 456/669/637 457/671/639 466/670/638
f 466/670/638 457/671/639 467/672/640
f 457/671/639 458/673/641 467/672/640
f 467/672/640 458/673/641 468/674/642
f 458/673/641 459/675/643 468/674/642
f 468/674/642 459/675/643 469/676/644
f 459/675/643 460/677/645 469/676/644
f 469/676/644 460/677/645 470/678/646
f 460/677/645 461/679/647 470/678/646
f 470/678/646 461/679/647 471/680/648
f 461/679/647 452/659/629 471/680/648
f 471/680/648 452/659/629 462/662/631
s 127
f 453/681/649 452/682/650 472/683/651
f 454/684/652 453/681/649 472/683/651
f 455/685/653 454/684/652 472/683/651
f 456/686/654 455/685/653 472/683/651
f 457/687/655 456/686/654 472/683/651
f 458/688/656 457/687/655 472/683/651
f 459/689/657 458/688/656 472/683/651
f 460/690/658 459/689/657 472/683/651
f 461/691/659 460/690/658 472/683/651
f 452/682/650 461/691/659 472/683/651
s 128
f 475/692/660 474/693/661 476/695/662
f 476/695/662 474/693/661 473/694/663
s 129
f 476/696/664 473/697/665 479/699/666
f 479/699/666 473/697/665 477/698/667
s 130
f 478/700/668 479/701/669 480/703/670
f 480/703/670 479/701/669 477/702/671
s 131
f 476/704/672 479/705/673 475/707/674
f 475/707/674 479/705/673 478/706/675
s 132
f 474/708/676 480/709/677 473/711/678
f 473/711/678 480/709/677 477/710/679
s 133
f 481/712/680 482/713/681 489/715/682
f 489/715/682 482/713/681 490/714/683
f 482/713/681 483/716/684 490/714/683
f 490/714/683 483/716/684 491/717/685
f 483/716/684 484/718/686 491/717/685
f 491/717/685 484/718/686 492/719/687
f 484/718/686 485/720/688 492/719/687
f 492/719/687 485/720/688 493/721/689
f 485/720/688 486/722/690 493/721/689
f 493/721/689 486/722/690 494/723/691
f 486/724/690 487/725/692 494/727/691
f 494/727/691 487/725/692 495/726/693
f 487/725/692 488/728/694 495/726/693
f 495/726/693 488/728/694 496/729/695
f 488/728/694 481/712/680 496/729/695
f 496/729/695 481/712/680 489/715/682
s 134
f 489/730/696 490/731/697 496/732/698
f 490/731/697 491/733/699 496/732/698
f 491/733/699 492/734/700 496/732/698
f 492/734/700 493/735/701 496/732/698
f 493/735/701 494/736/702 496/732/698
f 494/736/702 495/737/703 496/732/698
s 135
f 497/738/704 498/739/705 507/741/706
f 507/741/706 498/739/705 508/740/707
f 498/742/705 499/743/708 508/745/707
f 508/745/707 499/743/708 509/744/709
f 499/743/708 500/746/710 509/744/709
f 509/744/709 500/746/710 510/747/711
f 500/746/710 501/748/712 510/747/711
f 510/747/711 501/748/712 511/749/713
f 501/748/712 502/750/714 511/749/713
f 511/749/713 502/750/714 512/751/715
f 502/750/714 503/752/716 512/751/715
f 512/751/715 503/752/716 513/753/717
f 503/752/716 504/754/718 513/753/717
f 513/753/717 504/754/718 514/755/719
f 504/754/718 505/756/720 514/755/719
f 514/755/719 505/756/720 515/757/721
f 505/756/720 506/758/722 515/757/721
f 515/757/721 506/758/722 516/759/723
f 506/758/722 497/738/704 516/759/723
f 516/759/723 497/738/704 507/741/706
s 136
f 498/760/724 497/761/725 517/762/726
f 499/763/727 498/760/724 517/762/726
f 500/764/728 499/763/727 517/762/726
f 501/765/729 500/764/728 517/762/726
f 502/766/730 501/765/729 517/762/726
f 503/767/731 502/766/730 517/762/726
f 504/768/732 503/767/731 517/762/726
f 505/769/733 504/768/732 517/762/726
f 506/770/734 505/769/733 517/762/726
f 497/761/725 506/770/734 517/762/726
s 137
f 518/771/735 521/772/736 519/773/737
s 138
f 523/774/738 528/775/739 522/777/740
f 522/777/740 528/775/739 526/776/741
s 139
f 523/778/742 524/779/743 565/780/744
s 137
f 520/781/745 525/782/746 519/773/737
f 527/783/747 520/781/745 521/772/736
f 522/784/748 526/785/749 525/782/746
s 138
f 524/786/750 523/774/738 531/787/751
s 143
f 529/789/752 567/790/753 524/788/754
f 524/788/754 567/790/753 565/791/755
s 137
f 531/792/756 522/784/748 520/781/745
f 530/793/757 531/792/756 527/783/747
s 138
f 523/774/738 522/777/740 531/787/751
s 137
f 520/781/745 522/784/748 525/782/746
s 138
f 530/794/758 529/795/759 531/787/751
f 529/795/759 524/786/750 531/787/751
s 144
f 533/796/760 535/797/761 534/798/762
s 145
f 537/799/763 542/800/764 536/802/765
f 536/802/765 542/800/764 540/801/766
s 139
f 537/803/767 538/804/768 569/805/769
s 144
f 534/798/762 539/806/770 533/796/760
f 541/807/771 534/798/762 535/797/761
f 536/808/772 540/809/773 539/806/770
s 145
f 538/810/774 537/799/763 545/811/775
s 148
f 543/813/776 571/814/777 538/812/778
f 538/812/778 571/814/777 569/815/779
s 144
f 545/816/780 536/808/772 534/798/762
f 541/807/771 545/816/780 534/798/762
s 145
f 537/799/763 536/802/765 545/811/775
s 144
f 534/798/762 536/808/772 539/806/770
s 145
f 544/817/781 543/818/782 545/811/775
f 543/818/782 538/810/774 545/811/775
s 137
f 518/771/735 519/773/737 547/819/783
s 138
f 549/820/784 548/821/785 528/775/739
f 528/775/739 548/821/785 526/776/741
s 139
f 549/822/786 568/823/787 550/824/788
s 137
f 546/825/789 519/773/737 525/782/746
f 551/826/790 547/819/783 546/825/789
f 548/827/791 525/782/746 526/785/749
s 138
f 550/828/792 554/829/793 549/820/784
s 139
f 537/803/767 549/822/786 542/831/794
f 542/831/794 549/822/786 528/830/795
s 148
f 568/833/796 570/834/797 550/832/798
f 550/832/798 570/834/797 552/835/799
s 137
f 554/836/800 546/825/789 548/827/791
f 554/836/800 551/826/790 546/825/789
s 138
f 549/820/784 554/829/793 548/821/785
s 137
f 546/825/789 525/782/746 548/827/791
s 138
f 553/837/801 554/829/793 552/838/802
f 552/838/802 554/829/793 550/828/792
s 144
f 556/839/803 533/796/760 555/840/804
s 145
f 558/841/805 557/842/806 542/800/764
f 542/800/764 557/842/806 540/801/766
s 139
f 558/843/807 564/844/808 559/845/809
s 144
f 555/840/804 533/796/760 539/806/770
f 560/846/810 556/839/803 555/840/804
f 557/847/811 539/806/770 540/809/773
s 145
f 559/848/812 563/849/813 558/841/805
s 139
f 523/778/742 558/843/807 528/830/795
f 528/830/795 558/843/807 542/831/794
s 143
f 564/851/814 566/852/815 559/850/816
f 559/850/816 566/852/815 561/853/817
s 144
f 563/854/818 555/840/804 557/847/811
f 562/855/819 560/846/810 563/854/818
s 145
f 558/841/805 563/849/813 557/842/806
s 144
f 555/840/804 539/806/770 557/847/811
s 145
f 562/856/820 563/849/813 561/857/821
f 561/857/821 563/849/813 559/848/812
s 139
f 565/780/744 564/844/808 523/778/742
f 523/778/742 564/844/808 558/843/807
f 569/805/769 568/823/787 537/803/767
f 537/803/767 568/823/787 549/822/786
s 143
f 564/851/814 565/791/755 566/852/815
f 566/852/815 565/791/755 567/790/753
s 148
f 568/833/796 569/815/779 570/834/797
f 570/834/797 569/815/779 571/814/777
s 144
f 563/854/818 560/846/810 555/840/804
f 532/858/822 533/796/760 556/839/803
f 532/858/822 535/797/761 533/796/760
f 544/859/823 545/816/780 541/807/771
s 137
f 527/783/747 531/792/756 520/781/745
f 553/860/824 551/826/790 554/836/800
f 519/773/737 521/772/736 520/781/745
f 547/819/783 519/773/737 546/825/789
s 158
f 572/861/825 573/862/826 588/864/827
f 588/864/827 573/862/826 589/863/828
f 573/862/826 574/865/829 589/863/828
f 589/863/828 574/865/829 590/866/830
f 574/865/829 575/867/831 590/866/830
f 590/866/830 575/867/831 591/868/832
f 575/867/831 576/869/833 591/868/832
f 591/868/832 576/869/833 592/870/834
f 576/869/833 577/871/835 592/870/834
f 592/870/834 577/871/835 593/872/836
f 577/871/835 578/873/837 593/872/836
f 593/872/836 578/873/837 594/874/838
f 578/873/837 579/875/839 594/874/838
f 594/874/838 579/875/839 595/876/840
f 579/875/839 580/877/841 595/876/840
f 595/876/840 580/877/841 596/878/842
f 580/877/841 581/879/843 596/878/842
f 596/878/842 581/879/843 597/880/844
f 581/879/843 582/881/845 597/880/844
f 597/880/844 582/881/845 598/882/846
f 582/881/845 583/883/847 598/882/846
f 598/882/846 583/883/847 599/884/848
f 583/885/847 584/886/849 599/888/848
f 599/888/848 584/886/849 600/887/850
f 584/886/849 585/889/851 600/887/850
f 600/887/850 585/889/851 601/890/852
f 585/889/851 586/891/853 601/890/852
f 601/890/852 586/891/853 602/892/854
f 586/891/853 587/893/855 602/892/854
f 602/892/854 587/893/855 603/894/856
f 587/893/855 572/861/825 603/894/856
f 603/894/856 572/861/825 588/864/827
s 159
f 588/895/857 589/896/858 604/897/859
f 589/896/858 590/898/860 604/897/859
f 590/898/860 591/899/861 604/897/859
f 591/899/861 592/900/862 604/897/859
f 592/900/862 593/901/863 604/897/859
f 593/901/863 594/902/864 604/897/859
f 594/902/864 595/903/865 604/897/859
f 595/903/865 596/904/866 604/897/859
f 596/904/866 597/905/867 604/897/859
f 597/905/867 598/906/868 604/897/859
f 598/906/868 599/907/869 604/897/859
f 599/907/869 600/908/870 604/897/859
f 600/908/870 601/909/871 604/897/859
f 601/909/871 602/910/872 604/897/859
f 602/910/872 603/911/873 604/897/859
f 603/911/873 588/895/857 604/897/859
s 160
f 605/912/874 606/913/875 608/914/876
s 161
f 610/915/877 609/916/878 615/918/879
f 615/918/879 609/916/878 613/917/880
s 162
f 610/919/881 652/920/882 611/921/883
s 160
f 607/922/884 606/913/875 612/923/885
f 614/924/886 608/914/876 607/922/884
f 609/925/887 612/923/885 613/926/888
s 161
f 611/927/889 618/928/890 610/915/877
s 164
f 652/930/891 654/931/892 611/929/893
f 611/929/893 654/931/892 616/932/894
s 160
f 618/933/895 607/922/884 609/925/887
f 617/934/896 614/924/886 618/933/895
s 161
f 610/915/877 618/928/890 609/916/878
s 160
f 607/922/884 612/923/885 609/925/887
s 161
f 617/935/897 618/928/890 616/936/898
f 616/936/898 618/928/890 611/927/889
s 165
f 620/937/899 621/938/900 622/939/901
s 166
f 624/940/902 623/941/903 629/943/904
f 629/943/904 623/941/903 627/942/905
s 162
f 624/944/906 656/945/907 625/946/908
s 165
f 621/938/900 620/937/899 626/947/909
f 628/948/910 622/939/901 621/938/900
f 623/949/911 626/947/909 627/950/912
s 166
f 625/951/913 632/952/914 624/940/902
s 169
f 656/954/915 658/955/916 625/953/917
f 625/953/917 658/955/916 630/956/918
s 165
f 632/957/919 621/938/900 623/949/911
f 628/948/910 621/938/900 632/957/919
s 166
f 624/940/902 632/952/914 623/941/903
s 165
f 621/938/900 626/947/909 623/949/911
s 166
f 631/958/920 632/952/914 630/959/921
f 630/959/921 632/952/914 625/951/913
s 160
f 605/912/874 634/960/922 606/913/875
s 161
f 636/961/923 615/918/879 635/962/924
f 635/962/924 615/918/879 613/917/880
s 162
f 636/963/925 637/964/926 655/965/927
s 160
f 633/966/928 612/923/885 606/913/875
f 638/967/929 633/966/928 634/960/922
f 635/968/930 613/926/888 612/923/885
s 161
f 637/969/931 636/961/923 641/970/932
s 162
f 624/944/906 629/971/933 636/963/925
f 636/963/925 629/971/933 615/972/934
s 169
f 639/974/935 657/975/936 637/973/937
f 637/973/937 657/975/936 655/976/938
s 160
f 641/977/939 635/968/930 633/966/928
f 641/977/939 633/966/928 638/967/929
s 161
f 636/961/923 635/962/924 641/970/932
s 160
f 633/966/928 635/968/930 612/923/885
s 161
f 640/978/940 639/979/941 641/970/932
f 639/979/941 637/969/931 641/970/932
s 165
f 643/980/942 642/981/943 620/937/899
s 166
f 645/982/944 629/943/904 644/983/945
f 644/983/945 629/943/904 627/942/905
s 162
f 645/984/946 646/985/947 651/986/948
s 165
f 642/981/943 626/947/909 620/937/899
f 647/987/949 642/981/943 643/980/942
f 644/988/950 627/950/912 626/947/909
s 166
f 646/989/951 645/982/944 650/990/952
s 162
f 610/919/881 615/972/934 645/984/946
f 645/984/946 615/972/934 629/971/933
s 164
f 648/992/953 653/993/954 646/991/955
f 646/991/955 653/993/954 651/994/956
s 165
f 650/995/957 644/988/950 642/981/943
f 649/996/958 650/995/957 647/987/949
s 166
f 645/982/944 644/983/945 650/990/952
s 165
f 642/981/943 644/988/950 626/947/909
s 166
f 649/997/959 648/998/960 650/990/952
f 648/998/960 646/989/951 650/990/952
s 162
f 652/920/882 610/919/881 651/986/948
f 651/986/948 610/919/881 645/984/946
f 656/945/907 624/944/906 655/965/927
f 655/965/927 624/944/906 636/963/925
s 164
f 651/994/956 653/993/954 652/930/891
f 652/930/891 653/993/954 654/931/892
s 169
f 655/976/938 657/975/936 656/954/915
f 656/954/915 657/975/936 658/955/916
s 165
f 650/995/957 642/981/943 647/987/949
f 619/999/961 643/980/942 620/937/899
f 619/999/961 620/937/899 622/939/901
f 631/1000/962 628/948/910 632/957/919
s 160
f 614/924/886 607/922/884 618/933/895
f 640/1001/963 641/977/939 638/967/929
f 606/913/875 607/922/884 608/914/876
f 634/960/922 633/966/928 606/913/875
s 177
f 659/1002/964 675/1003/965 660/1005/966
f 660/1005/966 675/1003/965 676/1004/967
f 660/1005/966 676/1004/967 661/1007/968
f 661/1007/968 676/1004/967 677/1006/969
f 661/1007/968 677/1006/969 662/1009/970
f 662/1009/970 677/1006/969 678/1008/971
f 662/1009/970 678/1008/971 663/1011/972
f 663/1011/972 678/1008/971 679/1010/973
f 663/1011/972 679/1010/973 664/1013/974
f 664/1013/974 679/1010/973 680/1012/975
f 664/1013/974 680/1012/975 665/1015/976
f 665/1015/976 680/1012/975 681/1014/977
f 665/1015/976 681/1014/977 666/1017/978
f 666/1017/978 681/1014/977 682/1016/979
f 666/1017/978 682/1016/979 667/1019/980
f 667/1019/980 682/1016/979 683/1018/981
f 667/1019/980 683/1018/981 668/1021/982
f 668/1021/982 683/1018/981 684/1020/983
f 668/1021/982 684/1020/983 669/1023/984
f 669/1023/984 684/1020/983 685/1022/985
f 669/1023/984 685/1022/985 670/1025/986
f 670/1025/986 685/1022/985 686/1024/987
f 670/1026/986 686/1027/987 671/1029/988
f 671/1029/988 686/1027/987 687/1028/989
f 671/1029/988 687/1028/989 672/1031/990
f 672/1031/990 687/1028/989 688/1030/991
f 672/1031/990 688/1030/991 673/1033/992
f 673/1033/992 688/1030/991 689/1032/993
f 673/1033/992 689/1032/993 674/1035/994
f 674/1035/994 689/1032/993 690/1034/995
f 674/1035/994 690/1034/995 659/1002/964
f 659/1002/964 690/1034/995 675/1003/965
s 178
f 675/1036/996 691/1037/997 676/1038/998
f 676/1038/998 691/1037/997 677/1039/999
f 677/1039/999 691/1037/997 678/1040/1000
f 678/1040/1000 691/1037/997 679/1041/1001
f 679/1041/1001 691/1037/997 680/1042/1002
f 680/1042/1002 691/1037/997 681/1043/1003
f 681/1043/1003 691/1037/997 682/1044/1004
f 682/1044/1004 691/1037/997 683/1045/1005
f 683/1045/1005 691/1037/997 684/1046/1006
f 684/1046/1006 691/1037/997 685/1047/1007
f 685/1047/1007 691/1037/997 686/1048/1008
f 686/1048/1008 691/1037/997 687/1049/1009
f 687/1049/1009 691/1037/997 688/1050/1010
f 688/1050/1010 691/1037/997 689/1051/1011
f 689/1051/1011 691/1037/997 690/1052/1012
f 690/1052/1012 691/1037/997 675/1036/996
s 179
f 692/1053/1013 693/1054/1014 700/1056/1015
f 700/1056/1015 693/1054/1014 701/1055/1016
f 693/1054/1014 694/1057/1017 701/1055/1016
f 701/1055/1016 694/1057/1017 702/1058/1018
f 694/1057/1017 695/1059/1019 702/1058/1018
f 702/1058/1018 695/1059/1019 703/1060/1020
f 695/1059/1019 696/1061/1021 703/1060/1020
f 703/1060/1020 696/1061/1021 704/1062/1022
f 696/1061/1021 697/1063/1023 704/1062/1022
f 704/1062/1022 697/1063/1023 705/1064/1024
f 697/1065/1023 698/1066/1025 705/1068/1024
f 705/1068/1024 698/1066/1025 706/1067/1026
f 698/1066/1025 699/1069/1027 706/1067/1026
f 706/1067/1026 699/1069/1027 707/1070/1028
f 699/1069/1027 692/1053/1013 707/1070/1028
f 707/1070/1028 692/1053/1013 700/1056/1015
s 180
f 700/1071/1029 701/1072/1030 707/1073/1031
f 701/1072/1030 702/1074/1032 707/1073/1031
f 702/1074/1032 703/1075/1033 707/1073/1031
f 703/1075/1033 704/1076/1034 707/1073/1031
f 704/1076/1034 705/1077/1035 707/1073/1031
f 705/1077/1035 706/1078/1036 707/1073/1031
s 181
f 708/1079/1037 709/1080/1038 718/1082/1039
f 718/1082/1039 709/1080/1038 719/1081/1040
f 709/1083/1038 710/1084/1041 719/1086/1040
f 719/1086/1040 710/1084/1041 720/1085/1042
f 710/1084/1041 711/1087/1043 720/1085/1042
f 720/1085/1042 711/1087/1043 721/1088/1044
f 711/1087/1043 712/1089/1045 721/1088/1044
f 721/1088/1044 712/1089/1045 722/1090/1046
f 712/1089/1045 713/1091/1047 722/1090/1046
f 722/1090/1046 713/1091/1047 723/1092/1048
f 713/1091/1047 714/1093/1049 723/1092/1048
f 723/1092/1048 714/1093/1049 724/1094/1050
f 714/1093/1049 715/1095/1051 724/1094/1050
f 724/1094/1050 715/1095/1051 725/1096/1052
f 715/1095/1051 716/1097/1053 725/1096/1052
f 725/1096/1052 716/1097/1053 726/1098/1054
f 716/1097/1053 717/1099/1055 726/1098/1054
f 726/1098/1054 717/1099/1055 727/1100/1056
f 717/1099/1055 708/1079/1037 727/1100/1056
f 727/1100/1056 708/1079/1037 718/1082/1039
s 182
f 709/1101/1057 708/1102/1058 728/1103/1059
f 710/1104/1060 709/1101/1057 728/1103/1059
f 711/1105/1061 710/1104/1060 728/1103/1059
f 712/1106/1062 711/1105/1061 728/1103/1059
f 713/1107/1063 712/1106/1062 728/1103/1059
f 714/1108/1064 713/1107/1063 728/1103/1059
f 715/1109/1065 714/1108/1064 728/1103/1059
f 716/1110/1066 715/1109/1065 728/1103/1059
f 717/1111/1067 716/1110/1066 728/1103/1059
f 708/1102/1058 717/1111/1067 728/1103/1059
s 183
f 739/1113/1068 729/1114/1069 740/1112/1070
f 740/1112/1070 729/1114/1069 730/1115/1071
f 740/1112/1070 752/1116/1072 738/1117/1073
f 743/1118/1074 742/1119/1075 731/1121/1076
f 731/1121/1076 742/1119/1075 732/1120/1077
f 745/1122/1078 744/1123/1079 751/1124/1080
f 746/1125/1081 745/1126/1078 736/1128/1082
f 736/1128/1082 745/1126/1078 735/1127/1083
f 748/1129/1084 747/1130/1085 753/1131/1086
f 748/1133/1084 734/1134/1087 749/1132/1088
f 749/1132/1088 734/1134/1087 733/1135/1089
f 732/1120/1077 742/1119/1075 730/1115/1071
f 730/1115/1071 742/1119/1075 740/1112/1070
f 745/1126/1078 743/1118/1074 735/1127/1083
f 735/1127/1083 743/1118/1074 731/1121/1076
f 734/1136/1087 748/1137/1084 736/1128/1082
f 736/1128/1082 748/1137/1084 746/1125/1081
f 729/1114/1069 739/1113/1068 733/1135/1089
f 733/1135/1089 739/1113/1068 749/1132/1088
f 739/1113/1068 740/1112/1070 738/1117/1073
f 742/1119/1075 743/1118/1074 741/1138/1090
f 745/1122/1078 746/1139/1081 744/1123/1079
f 748/1129/1084 749/1140/1088 747/1130/1085
f 755/1141/1091 756/1142/1092 754/1144/1093
f 754/1144/1093 756/1142/1092 737/1143/1094
f 749/1140/1088 750/1145/1095 747/1130/1085
f 750/1145/1095 739/1113/1068 738/1117/1073
f 749/1140/1088 739/1113/1068 750/1145/1095
f 743/1118/1074 751/1124/1080 741/1138/1090
f 745/1122/1078 751/1124/1080 743/1118/1074
f 742/1119/1075 741/1138/1090 752/1116/1072
f 746/1139/1081 753/1131/1086 744/1123/1079
f 748/1129/1084 753/1131/1086 746/1139/1081
f 742/1119/1075 752/1116/1072 740/1112/1070
f 754/1144/1093 747/1130/1085 750/1145/1095
f 755/1141/1091 754/1144/1093 750/1145/1095
f 752/1116/1072 756/1142/1092 755/1141/1091
f 741/1138/1090 756/1142/1092 752/1116/1072
f 751/1124/1080 756/1142/1092 741/1138/1090
f 744/1123/1079 737/1143/1094 751/1124/1080
f 753/1131/1086 737/1143/1094 744/1123/1079
f 747/1130/1085 754/1144/1093 753/1131/1086
f 755/1141/1091 750/1145/1095 738/1117/1073
f 752/1116/1072 755/1141/1091 738/1117/1073
f 751/1124/1080 737/1143/1094 756/1142/1092
f 753/1131/1086 754/1144/1093 737/1143/1094
s 190
f 767/1147/1096 757/1148/1097 768/1146/1098
f 768/1146/1098 757/1148/1097 758/1149/1099
f 768/1146/1098 780/1150/1100 766/1151/1101
f 771/1152/1102 770/1153/1103 759/1155/1104
f 759/1155/1104 770/1153/1103 760/1154/1105
f 773/1156/1106 772/1157/1107 779/1158/1108
f 774/1159/1109 773/1160/1106 764/1162/1110
f 764/1162/1110 773/1160/1106 763/1161/1111
f 776/1163/1112 775/1164/1113 781/1165/1114
f 776/1167/1112 762/1168/1115 777/1166/1116
f 777/1166/1116 762/1168/1115 761/1169/1117
f 760/1154/1105 770/1153/1103 758/1149/1099
f 758/1149/1099 770/1153/1103 768/1146/1098
f 773/1160/1106 771/1152/1102 763/1161/1111
f 763/1161/1111 771/1152/1102 759/1155/1104
f 762/1170/1115 776/1171/1112 764/1162/1110
f 764/1162/1110 776/1171/1112 774/1159/1109
f 757/1148/1097 767/1147/1096 761/1169/1117
f 761/1169/1117 767/1147/1096 777/1166/1116
f 767/1147/1096 768/1146/1098 766/1151/1101
f 770/1153/1103 771/1152/1102 769/1172/1118
f 773/1156/1106 774/1173/1109 772/1157/1107
f 776/1163/1112 777/1174/1116 775/1164/1113
f 783/1175/1119 784/1176/1120 782/1178/1121
f 782/1178/1121 784/1176/1120 765/1177/1122
f 777/1174/1116 778/1179/1123 775/1164/1113
f 778/1179/1123 767/1147/1096 766/1151/1101
f 777/1174/1116 767/1147/1096 778/1179/1123
f 771/1152/1102 779/1158/1108 769/1172/1118
f 773/1156/1106 779/1158/1108 771/1152/1102
f 770/1153/1103 769/1172/1118 780/1150/1100
f 774/1173/1109 781/1165/1114 772/1157/1107
f 776/1163/1112 781/1165/1114 774/1173/1109
f 770/1153/1103 780/1150/1100 768/1146/1098
f 782/1178/1121 775/1164/1113 778/1179/1123
f 783/1175/1119 782/1178/1121 778/1179/1123
f 780/1150/1100 784/1176/1120 783/1175/1119
f 769/1172/1118 784/1176/1120 780/1150/1100
f 779/1158/1108 784/1176/1120 769/1172/1118
f 772/1157/1107 765/1177/1122 779/1158/1108
f 781/1165/1114 765/1177/1122 772/1157/1107
f 775/1164/1113 782/1178/1121 781/1165/1114
f 783/1175/1119 778/1179/1123 766/1151/1101
f 780/1150/1100 783/1175/1119 766/1151/1101
f 779/1158/1108 765/1177/1122 784/1176/1120
f 781/1165/1114 782/1178/1121 765/1177/1122
s 197
f 795/1181/1124 785/1182/1125 796/1180/1126
f 796/1180/1126 785/1182/1125 786/1183/1127
f 796/1180/1126 808/1184/1128 794/1185/1129
f 799/1186/1130 798/1187/1131 787/1189/1132
f 787/1189/1132 798/1187/1131 788/1188/1133
f 801/1190/1134 800/1191/1135 807/1192/1136
f 802/1193/1137 801/1194/1134 792/1196/1138
f 792/1196/1138 801/1194/1134 791/1195/1139
f 804/1197/1140 803/1198/1141 809/1199/1142
f 804/1201/1140 790/1202/1143 805/1200/1144
f 805/1200/1144 790/1202/1143 789/1203/1145
f 788/1188/1133 798/1187/1131 786/1183/1127
f 786/1183/1127 798/1187/1131 796/1180/1126
f 801/1194/1134 799/1186/1130 791/1195/1139
f 791/1195/1139 799/1186/1130 787/1189/1132
f 790/1204/1143 804/1205/1140 792/1196/1138
f 792/1196/1138 804/1205/1140 802/1193/1137
f 785/1182/1125 795/1181/1124 789/1203/1145
f 789/1203/1145 795/1181/1124 805/1200/1144
f 795/1181/1124 796/1180/1126 794/1185/1129
f 798/1187/1131 799/1186/1130 797/1206/1146
f 801/1190/1134 802/1207/1137 800/1191/1135
f 804/1197/1140 805/1208/1144 803/1198/1141
f 811/1209/1147 812/1210/1148 810/1212/1149
f 810/1212/1149 812/1210/1148 793/1211/1150
f 805/1208/1144 806/1213/1151 803/1198/1141
f 806/1213/1151 795/1181/1124 794/1185/1129
f 805/1208/1144 795/1181/1124 806/1213/1151
f 799/1186/1130 807/1192/1136 797/1206/1146
f 801/1190/1134 807/1192/1136 799/1186/1130
f 798/1187/1131 797/1206/1146 808/1184/1128
f 802/1207/1137 809/1199/1142 800/1191/1135
f 804/1197/1140 809/1199/1142 802/1207/1137
f 798/1187/1131 808/1184/1128 796/1180/1126
f 810/1212/1149 803/1198/1141 806/1213/1151
f 811/1209/1147 810/1212/1149 806/1213/1151
f 808/1184/1128 812/1210/1148 811/1209/1147
f 797/1206/1146 812/1210/1148 808/1184/1128
f 807/1192/1136 812/1210/1148 797/1206/1146
f 800/1191/1135 793/1211/1150 807/1192/1136
f 809/1199/1142 793/1211/1150 800/1191/1135
f 803/1198/1141 810/1212/1149 809/1199/1142
f 811/1209/1147 806/1213/1151 794/1185/1129
f 808/1184/1128 811/1209/1147 794/1185/1129
f 807/1192/1136 793/1211/1150 812/1210/1148
f 809/1199/1142 810/1212/1149 793/1211/1150
s 204
f 823/1215/1152 813/1216/1153 824/1214/1154
f 824/1214/1154 813/1216/1153 814/1217/1155
f 824/1214/1154 836/1218/1156 822/1219/1157
f 827/1220/1158 826/1221/1159 815/1223/1160
f 815/1223/1160 826/1221/1159 816/1222/1161
f 829/1224/1162 828/1225/1163 835/1226/1164
f 830/1227/1165 829/1228/1162 820/1230/1166
f 820/1230/1166 829/1228/1162 819/1229/1167
f 832/1231/1168 831/1232/1169 837/1233/1170
f 832/1235/1168 818/1236/1171 833/1234/1172
f 833/1234/1172 818/1236/1171 817/1237/1173
f 816/1222/1161 826/1221/1159 814/1217/1155
f 814/1217/1155 826/1221/1159 824/1214/1154
f 829/1228/1162 827/1220/1158 819/1229/1167
f 819/1229/1167 827/1220/1158 815/1223/1160
f 818/1238/1171 832/1239/1168 820/1230/1166
f 820/1230/1166 832/1239/1168 830/1227/1165
f 813/1216/1153 823/1215/1152 817/1237/1173
f 817/1237/1173 823/1215/1152 833/1234/1172
f 823/1215/1152 824/1214/1154 822/1219/1157
f 826/1221/1159 827/1220/1158 825/1240/1174
f 829/1224/1162 830/1241/1165 828/1225/1163
f 832/1231/1168 833/1242/1172 831/1232/1169
f 839/1243/1175 840/1244/1176 838/1246/1177
f 838/1246/1177 840/1244/1176 821/1245/1178
f 833/1242/1172 834/1247/1179 831/1232/1169
f 834/1247/1179 823/1215/1152 822/1219/1157
f 833/1242/1172 823/1215/1152 834/1247/1179
f 827/1220/1158 835/1226/1164 825/1240/1174
f 829/1224/1162 835/1226/1164 827/1220/1158
f 826/1221/1159 825/1240/1174 836/1218/1156
f 830/1241/1165 837/1233/1170 828/1225/1163
f 832/1231/1168 837/1233/1170 830/1241/1165
f 826/1221/1159 836/1218/1156 824/1214/1154
f 838/1246/1177 831/1232/1169 834/1247/1179
f 839/1243/1175 838/1246/1177 834/1247/1179
f 836/1218/1156 840/1244/1176 839/1243/1175
f 825/1240/1174 840/1244/1176 836/1218/1156
f 835/1226/1164 840/1244/1176 825/1240/1174
f 828/1225/1163 821/1245/1178 835/1226/1164
f 837/1233/1170 821/1245/1178 828/1225/1163
f 831/1232/1169 838/1246/1177 837/1233/1170
f 839/1243/1175 834/1247/1179 822/1219/1157
f 836/1218/1156 839/1243/1175 822/1219/1157
f 835/1226/1164 821/1245/1178 840/1244/1176
f 837/1233/1170 838/1246/1177 821/1245/1178
s 211
f 851/1249/1180 841/1250/1181 852/1248/1182
f 852/1248/1182 841/1250/1181 842/1251/1183
f 852/1248/1182 864/1252/1184 850/1253/1185
f 855/1254/1186 854/1255/1187 843/1257/1188
f 843/1257/1188 854/1255/1187 844/1256/1189
f 857/1258/1190 856/1259/1191 863/1260/1192
f 858/1261/1193 857/1262/1190 848/1264/1194
f 848/1264/1194 857/1262/1190 847/1263/1195
f 860/1265/1196 859/1266/1197 865/1267/1198
f 860/1269/1196 846/1270/1199 861/1268/1200
f 861/1268/1200 846/1270/1199 845/1271/1201
f 844/1256/1189 854/1255/1187 842/1251/1183
f 842/1251/1183 854/1255/1187 852/1248/1182
f 857/1262/1190 855/1254/1186 847/1263/1195
f 847/1263/1195 855/1254/1186 843/1257/1188
f 846/1272/1199 860/1273/1196 848/1264/1194
f 848/1264/1194 860/1273/1196 858/1261/1193
f 841/1250/1181 851/1249/1180 845/1271/1201
f 845/1271/1201 851/1249/1180 861/1268/1200
f 851/1249/1180 852/1248/1182 850/1253/1185
f 854/1255/1187 855/1254/1186 853/1274/1202
f 857/1258/1190 858/1275/1193 856/1259/1191
f 860/1265/1196 861/1276/1200 859/1266/1197
f 867/1277/1203 868/1278/1204 866/1280/1205
f 866/1280/1205 868/1278/1204 849/1279/1206
f 861/1276/1200 862/1281/1207 859/1266/1197
f 862/1281/1207 851/1249/1180 850/1253/1185
f 861/1276/1200 851/1249/1180 862/1281/1207
f 855/1254/1186 863/1260/1192 853/1274/1202
f 857/1258/1190 863/1260/1192 855/1254/1186
f 854/1255/1187 853/1274/1202 864/1252/1184
f 858/1275/1193 865/1267/1198 856/1259/1191
f 860/1265/1196 865/1267/1198 858/1275/1193
f 854/1255/1187 864/1252/1184 852/1248/1182
f 866/1280/1205 859/1266/1197 862/1281/1207
f 867/1277/1203 866/1280/1205 862/1281/1207
f 864/1252/1184 868/1278/1204 867/1277/1203
f 853/1274/1202 868/1278/1204 864/1252/1184
f 863/1260/1192 868/1278/1204 853/1274/1202
f 856/1259/1191 849/1279/1206 863/1260/1192
f 865/1267/1198 849/1279/1206 856/1259/1191
f 859/1266/1197 866/1280/1205 865/1267/1198
f 867/1277/1203 862/1281/1207 850/1253/1185
f 864/1252/1184 867/1277/1203 850/1253/1185
f 863/1260/1192 849/1279/1206 868/1278/1204
f 865/1267/1198 866/1280/1205 849/1279/1206
s 218
f 869/1282/1208 870/1283/1209 877/1285/1210
f 877/1285/1210 870/1283/1209 878/1284/1211
f 870/1283/1209 871/1286/1212 878/1284/1211
f 878/1284/1211 871/1286/1212 879/1287/1213
f 871/1286/1212 872/1288/1214 879/1287/1213
f 879/1287/1213 872/1288/1214 880/1289/1215
f 872/1288/1214 873/1290/1216 880/1289/1215
f 880/1289/1215 873/1290/1216 881/1291/1217
f 873/1290/1216 874/1292/1218 881/1291/1217
f 881/1291/1217 874/1292/1218 882/1293/1219
f 874/1294/1218 875/1295/1220 882/1297/1219
f 882/1297/1219 875/1295/1220 883/1296/1221
f 875/1295/1220 876/1298/1222 883/1296/1221
f 883/1296/1221 876/1298/1222 884/1299/1223
f 876/1298/1222 869/1282/1208 884/1299/1223
f 884/1299/1223 869/1282/1208 877/1285/1210
s 219
f 877/1300/1224 878/1301/1225 884/1302/1226
f 878/1301/1225 879/1303/1227 884/1302/1226
f 879/1303/1227 880/1304/1228 884/1302/1226
f 880/1304/1228 881/1305/1229 884/1302/1226
f 881/1305/1229 882/1306/1230 884/1302/1226
f 882/1306/1230 883/1307/1231 884/1302/1226
s 220
f 885/1308/1232 886/1309/1233 895/1311/1234
f 895/1311/1234 886/1309/1233 896/1310/1235
f 886/1312/1233 887/1313/1236 896/1315/1235
f 896/1315/1235 887/1313/1236 897/1314/1237
f 887/1313/1236 888/1316/1238 897/1314/1237
f 897/1314/1237 888/1316/1238 898/1317/1239
f 888/1316/1238 889/1318/1240 898/1317/1239
f 898/1317/1239 889/1318/1240 899/1319/1241
f 889/1318/1240 890/1320/1242 899/1319/1241
f 899/1319/1241 890/1320/1242 900/1321/1243
f 890/1320/1242 891/1322/1244 900/1321/1243
f 900/1321/1243 891/1322/1244 901/1323/1245
f 891/1322/1244 892/1324/1246 901/1323/1245
f 901/1323/1245 892/1324/1246 902/1325/1247
f 892/1324/1246 893/1326/1248 902/1325/1247
f 902/1325/1247 893/1326/1248 903/1327/1249
f 893/1326/1248 894/1328/1250 903/1327/1249
f 903/1327/1249 894/1328/1250 904/1329/1251
f 894/1328/1250 885/1308/1232 904/1329/1251
f 904/1329/1251 885/1308/1232 895/1311/1234
s 221
f 886/1330/1252 885/1331/1253 905/1332/1254
f 887/1333/1255 886/1330/1252 905/1332/1254
f 888/1334/1256 887/1333/1255 905/1332/1254
f 889/1335/1257 888/1334/1256 905/1332/1254
f 890/1336/1258 889/1335/1257 905/1332/1254
f 891/1337/1259 890/1336/1258 905/1332/1254
f 892/1338/1260 891/1337/1259 905/1332/1254
f 893/1339/1261 892/1338/1260 905/1332/1254
f 894/1340/1262 893/1339/1261 905/1332/1254
f 885/1331/1253 894/1340/1262 905/1332/1254
s 222
f 906/1341/1263 907/1342/1264 918/1344/1265
f 918/1344/1265 907/1342/1264 919/1343/1266
f 907/1342/1264 908/1345/1267 919/1343/1266
f 919/1343/1266 908/1345/1267 920/1346/1268
f 908/1347/1267 909/1348/1269 920/1350/1268
f 920/1350/1268 909/1348/1269 921/1349/1270
f 909/1348/1269 910/1351/1271 921/1349/1270
f 921/1349/1270 910/1351/1271 922/1352/1272
f 910/1351/1271 911/1353/1273 922/1352/1272
f 922/1352/1272 911/1353/1273 923/1354/1274
f 911/1353/1273 912/1355/1275 923/1354/1274
f 923/1354/1274 912/1355/1275 924/1356/1276
f 912/1355/1275 913/1357/1277 924/1356/1276
f 924/1356/1276 913/1357/1277 925/1358/1278
f 913/1357/1277 914/1359/1279 925/1358/1278
f 925/1358/1278 914/1359/1279 926/1360/1280
f 914/1359/1279 915/1361/1281 926/1360/1280
f 926/1360/1280 915/1361/1281 927/1362/1282
f 915/1361/1281 916/1363/1283 927/1362/1282
f 927/1362/1282 916/1363/1283 928/1364/1284
f 916/1363/1283 917/1365/1285 928/1364/1284
f 928/1364/1284 917/1365/1285 929/1366/1286
f 917/1365/1285 906/1341/1263 929/1366/1286
f 929/1366/1286 906/1341/1263 918/1344/1265
s 223
f 918/1367/1287 919/1368/1288 930/1369/1289
f 919/1368/1288 920/1370/1290 930/1369/1289
f 920/1370/1290 921/1371/1291 930/1369/1289
f 921/1371/1291 922/1372/1292 930/1369/1289
f 922/1372/1292 923/1373/1293 930/1369/1289
f 923/1373/1293 924/1374/1294 930/1369/1289
f 924/1374/1294 925/1375/1295 930/1369/1289
f 925/1375/1295 926/1376/1296 930/1369/1289
f 926/1376/1296 927/1377/1297 930/1369/1289
f 927/1377/1297 928/1378/1298 930/1369/1289
f 928/1378/1298 929/1379/1299 930/1369/1289
f 929/1379/1299 918/1367/1287 930/1369/1289
s 224
f 931/1380/1300 932/1381/1301 935/1383/1302
f 935/1383/1302 932/1381/1301 936/1382/1303
f 932/1381/1301 933/1384/1304 936/1382/1303
f 936/1382/1303 933/1384/1304 937/1385/1305
f 933/1384/1304 934/1386/1306 937/1385/1305
f 937/1385/1305 934/1386/1306 938/1387/1307
f 934/1386/1306 931/1388/1300 938/1387/1307
f 938/1387/1307 931/1388/1300 935/1389/1302
f 935/1383/1302 936/1382/1303 939/1390/1308
f 936/1382/1303 937/1385/1305 939/1390/1308
f 937/1385/1305 938/1387/1307 939/1391/1308
f 938/1387/1307 935/1389/1302 939/1391/1308
s 225
f 940/1392/1309 941/1393/1310 944/1395/1311
f 944/1395/1311 941/1393/1310 945/1394/1312
f 941/1393/1310 942/1396/1313 945/1394/1312
f 945/1394/1312 942/1396/1313 946/1397/1314
f 942/1396/1313 943/1398/1315 946/1397/1314
f 946/1397/1314 943/1398/1315 947/1399/1316
f 943/1398/1315 940/1400/1309 947/1399/1316
f 947/1399/1316 940/1400/1309 944/1401/1311
f 944/1395/1311 945/1394/1312 948/1402/1317
f 945/1394/1312 946/1397/1314 948/1402/1317
f 946/1397/1314 947/1399/1316 948/1403/1317
f 947/1399/1316 944/1401/1311 948/1403/1317
s 226
f 949/1404/1318 950/1405/1319 965/1407/1320
f 965/1407/1320 950/1405/1319 966/1406/1321
f 950/1405/1319 951/1408/1322 966/1406/1321
f 966/1406/1321 951/1408/1322 967/1409/1323
f 951/1408/1322 952/1410/1324 967/1409/1323
f 967/1409/1323 952/1410/1324 968/1411/1325
f 952/1412/1324 953/1413/1326 968/1415/1325
f 968/1415/1325 953/1413/1326 969/1414/1327
f 953/1413/1326 954/1416/1328 969/1414/1327
f 969/1414/1327 954/1416/1328 970/1417/1329
f 954/1416/1328 955/1418/1330 970/1417/1329
f 970/1417/1329 955/1418/1330 971/1419/1331
f 955/1418/1330 956/1420/1332 971/1419/1331
f 971/1419/1331 956/1420/1332 972/1421/1333
f 956/1420/1332 957/1422/1334 972/1421/1333
f 972/1421/1333 957/1422/1334 973/1423/1335
f 957/1422/1334 958/1424/1336 973/1423/1335
f 973/1423/1335 958/1424/1336 974/1425/1337
f 958/1424/1336 959/1426/1338 974/1425/1337
f 974/1425/1337 959/1426/1338 975/1427/1339
f 959/1426/1338 960/1428/1340 975/1427/1339
f 975/1427/1339 960/1428/1340 976/1429/1341
f 960/1428/1340 961/1430/1342 976/1429/1341
f 976/1429/1341 961/1430/1342 977/1431/1343
f 961/1430/1342 962/1432/1344 977/1431/1343
f 977/1431/1343 962/1432/1344 978/1433/1345
f 962/1432/1344 963/1434/1346 978/1433/1345
f 978/1433/1345 963/1434/1346 979/1435/1347
f 963/1434/1346 964/1436/1348 979/1435/1347
f 979/1435/1347 964/1436/1348 980/1437/1349
f 964/1436/1348 949/1404/1318 980/1437/1349
f 980/1437/1349 949/1404/1318 965/1407/1320
s 227
f 981/1438/1350 982/1439/1351 983/1440/1352
f 982/1439/1351 984/1441/1353 983/1440/1352
f 984/1441/1353 985/1442/1354 983/1440/1352
f 985/1442/1354 986/1443/1355 983/1440/1352
f 986/1443/1355 987/1444/1356 983/1440/1352
f 987/1444/1356 988/1445/1357 983/1440/1352
f 988/1445/1357 989/1446/1358 983/1440/1352
f 989/1446/1358 981/1438/1350 983/1440/1352
f 965/1447/1359 982/1439/1351 981/1438/1350
f 982/1439/1351 967/1448/1360 984/1441/1353
f 967/1448/1360 968/1449/1361 984/1441/1353
f 968/1449/1361 969/1450/1362 984/1441/1353
f 969/1450/1362 970/1451/1363 985/1442/1354
f 970/1451/1363 971/1452/1364 985/1442/1354
f 971/1452/1364 972/1453/1365 986/1443/1355
f 972/1453/1365 973/1454/1366 986/1443/1355
f 973/1454/1366 974/1455/1367 987/1444/1356
f 974/1455/1367 975/1456/1368 987/1444/1356
f 975/1456/1368 976/1457/1369 988/1445/1357
f 976/1457/1369 977/1458/1370 988/1445/1357
f 977/1458/1370 978/1459/1371 989/1446/1358
f 978/1459/1371 979/1460/1372 989/1446/1358
f 979/1460/1372 980/1461/1373 981/1438/1350
f 980/1461/1373 965/1447/1359 981/1438/1350
f 989/1446/1358 979/1460/1372 981/1438/1350
f 977/1458/1370 989/1446/1358 988/1445/1357
f 987/1444/1356 975/1456/1368 988/1445/1357
f 973/1454/1366 987/1444/1356 986/1443/1355
f 985/1442/1354 971/1452/1364 986/1443/1355
f 969/1450/1362 985/1442/1354 984/1441/1353
f 965/1447/1359 966/1462/1374 982/1439/1351
f 966/1462/1374 967/1448/1360 982/1439/1351
s 233
f 990/1463/1375 991/1464/1376 998/1466/1377
f 998/1466/1377 991/1464/1376 999/1465/1378
f 991/1464/1376 992/1467/1379 999/1465/1378
f 999/1465/1378 992/1467/1379 1000/1468/1380
f 992/1467/1379 993/1469/1381 1000/1468/1380
f 1000/1468/1380 993/1469/1381 1001/1470/1382
f 993/1469/1381 994/1471/1383 1001/1470/1382
f 1001/1470/1382 994/1471/1383 1002/1472/1384
f 994/1471/1383 995/1473/1385 1002/1472/1384
f 1002/1472/1384 995/1473/1385 1003/1474/1386
f 995/1475/1385 996/1476/1387 1003/1478/1386
f 1003/1478/1386 996/1476/1387 1004/1477/1388
f 996/1476/1387 997/1479/1389 1004/1477/1388
f 1004/1477/1388 997/1479/1389 1005/1480/1390
f 997/1479/1389 990/1463/1375 1005/1480/1390
f 1005/1480/1390 990/1463/1375 998/1466/1377
s 234
f 998/1481/1391 999/1482/1392 1005/1483/1393
f 999/1482/1392 1000/1484/1394 1005/1483/1393
f 1000/1484/1394 1001/1485/1395 1005/1483/1393
f 1001/1485/1395 1002/1486/1396 1005/1483/1393
f 1002/1486/1396 1003/1487/1397 1005/1483/1393
f 1003/1487/1397 1004/1488/1398 1005/1483/1393
s 235
f 1006/1489/1399 1007/1490/1400 1016/1492/1401
f 1016/1492/1401 1007/1490/1400 1017/1491/1402
f 1007/1493/1400 1008/1494/1403 1017/1496/1402
f 1017/1496/1402 1008/1494/1403 1018/1495/1404
f 1008/1494/1403 1009/1497/1405 1018/1495/1404
f 1018/1495/1404 1009/1497/1405 1019/1498/1406
f 1009/1497/1405 1010/1499/1407 1019/1498/1406
f 1019/1498/1406 1010/1499/1407 1020/1500/1408
f 1010/1499/1407 1011/1501/1409 1020/1500/1408
f 1020/1500/1408 1011/1501/1409 1021/1502/1410
f 1011/1501/1409 1012/1503/1411 1021/1502/1410
f 1021/1502/1410 1012/1503/1411 1022/1504/1412
f 1012/1503/1411 1013/1505/1413 1022/1504/1412
f 1022/1504/1412 1013/1505/1413 1023/1506/1414
f 1013/1505/1413 1014/1507/1415 1023/1506/1414
f 1023/1506/1414 1014/1507/1415 1024/1508/1416
f 1014/1507/1415 1015/1509/1417 1024/1508/1416
f 1024/1508/1416 1015/1509/1417 1025/1510/1418
f 1015/1509/1417 1006/1489/1399 1025/1510/1418
f 1025/1510/1418 1006/1489/1399 1016/1492/1401
s 236
f 1007/1511/1419 1006/1512/1420 1026/1513/1421
f 1008/1514/1422 1007/1511/1419 1026/1513/1421
f 1009/1515/1423 1008/1514/1422 1026/1513/1421
f 1010/1516/1424 1009/1515/1423 1026/1513/1421
f 1011/1517/1425 1010/1516/1424 1026/1513/1421
f 1012/1518/1426 1011/1517/1425 1026/1513/1421
f 1013/1519/1427 1012/1518/1426 1026/1513/1421
f 1014/1520/1428 1013/1519/1427 1026/1513/1421
f 1015/1521/1429 1014/1520/1428 1026/1513/1421
f 1006/1512/1420 1015/1521/1429 1026/1513/1421
s 237
f 1027/1522/1430 1028/1523/1431 1035/1525/1432
f 1035/1525/1432 1028/1523/1431 1036/1524/1433
f 1028/1523/1431 1029/1526/1434 1036/1524/1433
f 1036/1524/1433 1029/1526/1434 1037/1527/1435
f 1029/1526/1434 1030/1528/1436 1037/1527/1435
f 1037/1527/1435 1030/1528/1436 1038/1529/1437
f 1030/1528/1436 1031/1530/1438 1038/1529/1437
f 1038/1529/1437 1031/1530/1438 1039/1531/1439
f 1031/1530/1438 1032/1532/1440 1039/1531/1439
f 1039/1531/1439 1032/1532/1440 1040/1533/1441
f 1032/1534/1440 1033/1535/1442 1040/1537/1441
f 1040/1537/1441 1033/1535/1442 1041/1536/1443
f 1033/1535/1442 1034/1538/1444 1041/1536/1443
f 1041/1536/1443 1034/1538/1444 1042/1539/1445
f 1034/1538/1444 1027/1522/1430 1042/1539/1445
f 1042/1539/1445 1027/1522/1430 1035/1525/1432
s 238
f 1035/1540/1446 1036/1541/1447 1042/1542/1448
f 1036/1541/1447 1037/1543/1449 1042/1542/1448
f 1037/1543/1449 1038/1544/1450 1042/1542/1448
f 1038/1544/1450 1039/1545/1451 1042/1542/1448
f 1039/1545/1451 1040/1546/1452 1042/1542/1448
f 1040/1546/1452 1041/1547/1453 1042/1542/1448
s 239
f 1043/1548/1454 1044/1549/1455 1053/1551/1456
f 1053/1551/1456 1044/1549/1455 1054/1550/1457
f 1044/1552/1455 1045/1553/1458 1054/1555/1457
f 1054/1555/1457 1045/1553/1458 1055/1554/1459
f 1045/1553/1458 1046/1556/1460 1055/1554/1459
f 1055/1554/1459 1046/1556/1460 1056/1557/1461
f 1046/1556/1460 1047/1558/1462 1056/1557/1461
f 1056/1557/1461 1047/1558/1462 1057/1559/1463
f 1047/1558/1462 1048/1560/1464 1057/1559/1463
f 1057/1559/1463 1048/1560/1464 1058/1561/1465
f 1048/1560/1464 1049/1562/1466 1058/1561/1465
f 1058/1561/1465 1049/1562/1466 1059/1563/1467
f 1049/1562/1466 1050/1564/1468 1059/1563/1467
f 1059/1563/1467 1050/1564/1468 1060/1565/1469
f 1050/1564/1468 1051/1566/1470 1060/1565/1469
f 1060/1565/1469 1051/1566/1470 1061/1567/1471
f 1051/1566/1470 1052/1568/1472 1061/1567/1471
f 1061/1567/1471 1052/1568/1472 1062/1569/1473
f 1052/1568/1472 1043/1548/1454 1062/1569/1473
f 1062/1569/1473 1043/1548/1454 1053/1551/1456
s 240
f 1044/1570/1474 1043/1571/1475 1063/1572/1476
f 1045/1573/1477 1044/1570/1474 1063/1572/1476
f 1046/1574/1478 1045/1573/1477 1063/1572/1476
f 1047/1575/1479 1046/1574/1478 1063/1572/1476
f 1048/1576/1480 1047/1575/1479 1063/1572/1476
f 1049/1577/1481 1048/1576/1480 1063/1572/1476
f 1050/1578/1482 1049/1577/1481 1063/1572/1476
f 1051/1579/1483 1050/1578/1482 1063/1572/1476
f 1052/1580/1484 1051/1579/1483 1063/1572/1476
f 1043/1571/1475 1052/1580/1484 1063/1572/1476
s 241
f 1064/1581/1485 1065/1582/1486 1072/1584/1487
f 1072/1584/1487 1065/1582/1486 1073/1583/1488
f 1065/1582/1486 1066/1585/1489 1073/1583/1488
f 1073/1583/1488 1066/1585/1489 1074/1586/1490
f 1066/1585/1489 1067/1587/1491 1074/1586/1490
f 1074/1586/1490 1067/1587/1491 1075/1588/1492
f 1067/1587/1491 1068/1589/1493 1075/1588/1492
f 1075/1588/1492 1068/1589/1493 1076/1590/1494
f 1068/1589/1493 1069/1591/1495 1076/1590/1494
f 1076/1590/1494 1069/1591/1495 1077/1592/1496
f 1069/1593/1495 1070/1594/1497 1077/1596/1496
f 1077/1596/1496 1070/1594/1497 1078/1595/1498
f 1070/1594/1497 1071/1597/1499 1078/1595/1498
f 1078/1595/1498 1071/1597/1499 1079/1598/1500
f 1071/1597/1499 1064/1581/1485 1079/1598/1500
f 1079/1598/1500 1064/1581/1485 1072/1584/1487
s 242
f 1072/1599/1501 1073/1600/1502 1079/1601/1503
f 1073/1600/1502 1074/1602/1504 1079/1601/1503
f 1074/1602/1504 1075/1603/1505 1079/1601/1503
f 1075/1603/1505 1076/1604/1506 1079/1601/1503
f 1076/1604/1506 1077/1605/1507 1079/1601/1503
f 1077/1605/1507 1078/1606/1508 1079/1601/1503
s 243
f 1080/1607/1509 1081/1608/1510 1090/1610/1511
f 1090/1610/1511 1081/1608/1510 1091/1609/1512
f 1081/1611/1510 1082/1612/1513 1091/1614/1512
f 1091/1614/1512 1082/1612/1513 1092/1613/1514
f 1082/1612/1513 1083/1615/1515 1092/1613/1514
f 1092/1613/1514 1083/1615/1515 1093/1616/1516
f 1083/1615/1515 1084/1617/1517 1093/1616/1516
f 1093/1616/1516 1084/1617/1517 1094/1618/1518
f 1084/1617/1517 1085/1619/1519 1094/1618/1518
f 1094/1618/1518 1085/1619/1519 1095/1620/1520
f 1085/1619/1519 1086/1621/1521 1095/1620/1520
f 1095/1620/1520 1086/1621/1521 1096/1622/1522
f 1086/1621/1521 1087/1623/1523 1096/1622/1522
f 1096/1622/1522 1087/1623/1523 1097/1624/1524
f 1087/1623/1523 1088/1625/1525 1097/1624/1524
f 1097/1624/1524 1088/1625/1525 1098/1626/1526
f 1088/1625/1525 1089/1627/1527 1098/1626/1526
f 1098/1626/1526 1089/1627/1527 1099/1628/1528
f 1089/1627/1527 1080/1607/1509 1099/1628/1528
f 1099/1628/1528 1080/1607/1509 1090/1610/1511
s 244
f 1081/1629/1529 1080/1630/1530 1100/1631/1531
f 1082/1632/1532 1081/1629/1529 1100/1631/1531
f 1083/1633/1533 1082/1632/1532 1100/1631/1531
f 1084/1634/1534 1083/1633/1533 1100/1631/1531
f 1085/1635/1535 1084/1634/1534 1100/1631/1531
f 1086/1636/1536 1085/1635/1535 1100/1631/1531
f 1087/1637/1537 1086/1636/1536 1100/1631/1531
f 1088/1638/1538 1087/1637/1537 1100/1631/1531
f 1089/1639/1539 1088/1638/1538 1100/1631/1531
f 1080/1630/1530 1089/1639/1539 1100/1631/1531
s 245
f 1101/1640/1540 1102/1641/1541 1109/1643/1542
f 1109/1643/1542 1102/1641/1541 1110/1642/1543
f 1102/1641/1541 1103/1644/1544 1110/1642/1543
f 1110/1642/1543 1103/1644/1544 1111/1645/1545
f 1103/1644/1544 1104/1646/1546 1111/1645/1545
f 1111/1645/1545 1104/1646/1546 1112/1647/1547
f 1104/1646/1546 1105/1648/1548 1112/1647/1547
f 1112/1647/1547 1105/1648/1548 1113/1649/1549
f 1105/1648/1548 1106/1650/1550 1113/1649/1549
f 1113/1649/1549 1106/1650/1550 1114/1651/1551
f 1106/1652/1550 1107/1653/1552 1114/1655/1551
f 1114/1655/1551 1107/1653/1552 1115/1654/1553
f 1107/1653/1552 1108/1656/1554 1115/1654/1553
f 1115/1654/1553 1108/1656/1554 1116/1657/1555
f 1108/1656/1554 1101/1640/1540 1116/1657/1555
f 1116/1657/1555 1101/1640/1540 1109/1643/1542
s 246
f 1109/1658/1556 1110/1659/1557 1116/1660/1558
f 1110/1659/1557 1111/1661/1559 1116/1660/1558
f 1111/1661/1559 1112/1662/1560 1116/1660/1558
f 1112/1662/1560 1113/1663/1561 1116/1660/1558
f 1113/1663/1561 1114/1664/1562 1116/1660/1558
f 1114/1664/1562 1115/1665/1563 1116/1660/1558
s 247
f 1117/1666/1564 1118/1667/1565 1127/1669/1566
f 1127/1669/1566 1118/1667/1565 1128/1668/1567
f 1118/1670/1565 1119/1671/1568 1128/1673/1567
f 1128/1673/1567 1119/1671/1568 1129/1672/1569
f 1119/1671/1568 1120/1674/1570 1129/1672/1569
f 1129/1672/1569 1120/1674/1570 1130/1675/1571
f 1120/1674/1570 1121/1676/1572 1130/1675/1571
f 1130/1675/1571 1121/1676/1572 1131/1677/1573
f 1121/1676/1572 1122/1678/1574 1131/1677/1573
f 1131/1677/1573 1122/1678/1574 1132/1679/1575
f 1122/1678/1574 1123/1680/1576 1132/1679/1575
f 1132/1679/1575 1123/1680/1576 1133/1681/1577
f 1123/1680/1576 1124/1682/1578 1133/1681/1577
f 1133/1681/1577 1124/1682/1578 1134/1683/1579
f 1124/1682/1578 1125/1684/1580 1134/1683/1579
f 1134/1683/1579 1125/1684/1580 1135/1685/1581
f 1125/1684/1580 1126/1686/1582 1135/1685/1581
f 1135/1685/1581 1126/1686/1582 1136/1687/1583
f 1126/1686/1582 1117/1666/1564 1136/1687/1583
f 1136/1687/1583 1117/1666/1564 1127/1669/1566
s 248
f 1118/1688/1584 1117/1689/1585 1137/1690/1586
f 1119/1691/1587 1118/1688/1584 1137/1690/1586
f 1120/1692/1588 1119/1691/1587 1137/1690/1586
f 1121/1693/1589 1120/1692/1588 1137/1690/1586
f 1122/1694/1590 1121/1693/1589 1137/1690/1586
f 1123/1695/1591 1122/1694/1590 1137/1690/1586
f 1124/1696/1592 1123/1695/1591 1137/1690/1586
f 1125/1697/1593 1124/1696/1592 1137/1690/1586
f 1126/1698/1594 1125/1697/1593 1137/1690/1586
f 1117/1689/1585 1126/1698/1594 1137/1690/1586
s 249
f 1138/1699/1595 1139/1700/1596 1146/1702/1597
f 1146/1702/1597 1139/1700/1596 1147/1701/1598
f 1139/1700/1596 1140/1703/1599 1147/1701/1598
f 1147/1701/1598 1140/1703/1599 1148/1704/1600
f 1140/1703/1599 1141/1705/1601 1148/1704/1600
f 1148/1704/1600 1141/1705/1601 1149/1706/1602
f 1141/1705/1601 1142/1707/1603 1149/1706/1602
f 1149/1706/1602 1142/1707/1603 1150/1708/1604
f 1142/1707/1603 1143/1709/1605 1150/1708/1604
f 1150/1708/1604 1143/1709/1605 1151/1710/1606
f 1143/1711/1605 1144/1712/1607 1151/1714/1606
f 1151/1714/1606 1144/1712/1607 1152/1713/1608
f 1144/1712/1607 1145/1715/1609 1152/1713/1608
f 1152/1713/1608 1145/1715/1609 1153/1716/1610
f 1145/1715/1609 1138/1699/1595 1153/1716/1610
f 1153/1716/1610 1138/1699/1595 1146/1702/1597
s 250
f 1146/1717/1611 1147/1718/1612 1153/1719/1613
f 1147/1718/1612 1148/1720/1614 1153/1719/1613
f 1148/1720/1614 1149/1721/1615 1153/1719/1613
f 1149/1721/1615 1150/1722/1616 1153/1719/1613
f 1150/1722/1616 1151/1723/1617 1153/1719/1613
f 1151/1723/1617 1152/1724/1618 1153/1719/1613
s 251
f 1154/1725/1619 1155/1726/1620 1164/1728/1621
f 1164/1728/1621 1155/1726/1620 1165/1727/1622
f 1155/1729/1620 1156/1730/1623 1165/1732/1622
f 1165/1732/1622 1156/1730/1623 1166/1731/1624
f 1156/1730/1623 1157/1733/1625 1166/1731/1624
f 1166/1731/1624 1157/1733/1625 1167/1734/1626
f 1157/1733/1625 1158/1735/1627 1167/1734/1626
f 1167/1734/1626 1158/1735/1627 1168/1736/1628
f 1158/1735/1627 1159/1737/1629 1168/1736/1628
f 1168/1736/1628 1159/1737/1629 1169/1738/1630
f 1159/1737/1629 1160/1739/1631 1169/1738/1630
f 1169/1738/1630 1160/1739/1631 1170/1740/1632
f 1160/1739/1631 1161/1741/1633 1170/1740/1632
f 1170/1740/1632 1161/1741/1633 1171/1742/1634
f 1161/1741/1633 1162/1743/1635 1171/1742/1634
f 1171/1742/1634 1162/1743/1635 1172/1744/1636
f 1162/1743/1635 1163/1745/1637 1172/1744/1636
f 1172/1744/1636 1163/1745/1637 1173/1746/1638
f 1163/1745/1637 1154/1725/1619 1173/1746/1638
f 1173/1746/1638 1154/1725/1619 1164/1728/1621
s 252
f 1155/1747/1639 1154/1748/1640 1174/1749/1641
f 1156/1750/1642 1155/1747/1639 1174/1749/1641
f 1157/1751/1643 1156/1750/1642 1174/1749/1641
f 1158/1752/1644 1157/1751/1643 1174/1749/1641
f 1159/1753/1645 1158/1752/1644 1174/1749/1641
f 1160/1754/1646 1159/1753/1645 1174/1749/1641
f 1161/1755/1647 1160/1754/1646 1174/1749/1641
f 1162/1756/1648 1161/1755/1647 1174/1749/1641
f 1163/1757/1649 1162/1756/1648 1174/1749/1641
f 1154/1748/1640 1163/1757/1649 1174/1749/1641
s 253
f 1175/1758/1650 1176/1759/1651 1185/1761/1652
f 1185/1761/1652 1176/1759/1651 1186/1760/1653
f 1176/1759/1651 1177/1762/1654 1186/1760/1653
f 1186/1760/1653 1177/1762/1654 1187/1763/1655
f 1177/1762/1654 1178/1764/1656 1187/1763/1655
f 1187/1763/1655 1178/1764/1656 1188/1765/1657
f 1178/1764/1656 1179/1766/1658 1188/1765/1657
f 1188/1765/1657 1179/1766/1658 1189/1767/1659
f 1179/1766/1658 1180/1768/1660 1189/1767/1659
f 1189/1767/1659 1180/1768/1660 1190/1769/1661
f 1180/1768/1660 1181/1770/1662 1190/1769/1661
f 1190/1769/1661 1181/1770/1662 1191/1771/1663
f 1181/1770/1662 1182/1772/1664 1191/1771/1663
f 1191/1771/1663 1182/1772/1664 1192/1773/1665
f 1182/1772/1664 1183/1774/1666 1192/1773/1665
f 1192/1773/1665 1183/1774/1666 1193/1775/1667
f 1183/1774/1666 1184/1776/1668 1193/1775/1667
f 1193/1775/1667 1184/1776/1668 1194/1777/1669
f 1184/1776/1668 1175/1778/1650 1194/1777/1669
f 1194/1777/1669 1175/1778/1650 1185/1779/1652
s 254
f 1176/1780/1670 1175/1781/1671 1195/1782/1672
f 1177/1783/1673 1176/1780/1670 1195/1782/1672
f 1178/1784/1674 1177/1783/1673 1195/1782/1672
f 1179/1785/1675 1178/1784/1674 1195/1782/1672
f 1180/1786/1676 1179/1785/1675 1195/1782/1672
f 1181/1787/1677 1180/1786/1676 1195/1782/1672
f 1182/1788/1678 1181/1787/1677 1195/1782/1672
f 1183/1789/1679 1182/1788/1678 1195/1782/1672
f 1184/1790/1680 1183/1789/1679 1195/1782/1672
f 1175/1781/1671 1184/1790/1680 1195/1782/1672
s 255
f 1196/1791/1681 1197/1792/1682 1206/1794/1683
f 1206/1794/1683 1197/1792/1682 1207/1793/1684
f 1197/1792/1682 1198/1795/1685 1207/1793/1684
f 1207/1793/1684 1198/1795/1685 1208/1796/1686
f 1198/1795/1685 1199/1797/1687 1208/1796/1686
f 1208/1796/1686 1199/1797/1687 1209/1798/1688
f 1199/1797/1687 1200/1799/1689 1209/1798/1688
f 1209/1798/1688 1200/1799/1689 1210/1800/1690
f 1200/1799/1689 1201/1801/1691 1210/1800/1690
f 1210/1800/1690 1201/1801/1691 1211/1802/1692
f 1201/1801/1691 1202/1803/1693 1211/1802/1692
f 1211/1802/1692 1202/1803/1693 1212/1804/1694
f 1202/1803/1693 1203/1805/1695 1212/1804/1694
f 1212/1804/1694 1203/1805/1695 1213/1806/1696
f 1203/1805/1695 1204/1807/1697 1213/1806/1696
f 1213/1806/1696 1204/1807/1697 1214/1808/1698
f 1204/1807/1697 1205/1809/1699 1214/1808/1698
f 1214/1808/1698 1205/1809/1699 1215/1810/1700
f 1205/1809/1699 1196/1811/1681 1215/1810/1700
f 1215/1810/1700 1196/1811/1681 1206/1812/1683
s 256
f 1197/1813/1701 1196/1814/1702 1216/1815/1703
f 1198/1816/1704 1197/1813/1701 1216/1815/1703
f 1199/1817/1705 1198/1816/1704 1216/1815/1703
f 1200/1818/1706 1199/1817/1705 1216/1815/1703
f 1201/1819/1707 1200/1818/1706 1216/1815/1703
f 1202/1820/1708 1201/1819/1707 1216/1815/1703
f 1203/1821/1709 1202/1820/1708 1216/1815/1703
f 1204/1822/1710 1203/1821/1709 1216/1815/1703
f 1205/1823/1711 1204/1822/1710 1216/1815/1703
f 1196/1814/1702 1205/1823/1711 1216/1815/1703
s 257
f 1217/1824/1712 1218/1825/1713 1227/1827/1714
f 1227/1827/1714 1218/1825/1713 1228/1826/1715
f 1218/1825/1713 1219/1828/1716 1228/1826/1715
f 1228/1826/1715 1219/1828/1716 1229/1829/1717
f 1219/1828/1716 1220/1830/1718 1229/1829/1717
f 1229/1829/1717 1220/1830/1718 1230/1831/1719
f 1220/1830/1718 1221/1832/1720 1230/1831/1719
f 1230/1831/1719 1221/1832/1720 1231/1833/1721
f 1221/1832/1720 1222/1834/1722 1231/1833/1721
f 1231/1833/1721 1222/1834/1722 1232/1835/1723
f 1222/1834/1722 1223/1836/1724 1232/1835/1723
f 1232/1835/1723 1223/1836/1724 1233/1837/1725
f 1223/1836/1724 1224/1838/1726 1233/1837/1725
f 1233/1837/1725 1224/1838/1726 1234/1839/1727
f 1224/1838/1726 1225/1840/1728 1234/1839/1727
f 1234/1839/1727 1225/1840/1728 1235/1841/1729
f 1225/1840/1728 1226/1842/1730 1235/1841/1729
f 1235/1841/1729 1226/1842/1730 1236/1843/1731
f 1226/1842/1730 1217/1844/1712 1236/1843/1731
f 1236/1843/1731 1217/1844/1712 1227/1845/1714
s 258
f 1218/1846/1732 1217/1847/1733 1237/1848/1734
f 1219/1849/1735 1218/1846/1732 1237/1848/1734
f 1220/1850/1736 1219/1849/1735 1237/1848/1734
f 1221/1851/1737 1220/1850/1736 1237/1848/1734
f 1222/1852/1738 1221/1851/1737 1237/1848/1734
f 1223/1853/1739 1222/1852/1738 1237/1848/1734
f 1224/1854/1740 1223/1853/1739 1237/1848/1734
f 1225/1855/1741 1224/1854/1740 1237/1848/1734
f 1226/1856/1742 1225/1855/1741 1237/1848/1734
f 1217/1847/1733 1226/1856/1742 1237/1848/1734
s 259
f 1238/1857/1743 1239/1858/1744 1248/1860/1745
f 1248/1860/1745 1239/1858/1744 1249/1859/1746
f 1239/1858/1744 1240/1861/1747 1249/1859/1746
f 1249/1859/1746 1240/1861/1747 1250/1862/1748
f 1240/1861/1747 1241/1863/1749 1250/1862/1748
f 1250/1862/1748 1241/1863/1749 1251/1864/1750
f 1241/1863/1749 1242/1865/1751 1251/1864/1750
f 1251/1864/1750 1242/1865/1751 1252/1866/1752
f 1242/1865/1751 1243/1867/1753 1252/1866/1752
f 1252/1866/1752 1243/1867/1753 1253/1868/1754
f 1243/1867/1753 1244/1869/1755 1253/1868/1754
f 1253/1868/1754 1244/1869/1755 1254/1870/1756
f 1244/1869/1755 1245/1871/1757 1254/1870/1756
f 1254/1870/1756 1245/1871/1757 1255/1872/1758
f 1245/1871/1757 1246/1873/1759 1255/1872/1758
f 1255/1872/1758 1246/1873/1759 1256/1874/1760
f 1246/1873/1759 1247/1875/1761 1256/1874/1760
f 1256/1874/1760 1247/1875/1761 1257/1876/1762
f 1247/1875/1761 1238/1877/1743 1257/1876/1762
f 1257/1876/1762 1238/1877/1743 1248/1878/1745
s 260
f 1239/1879/1763 1238/1880/1764 1258/1881/1765
f 1240/1882/1766 1239/1879/1763 1258/1881/1765
f 1241/1883/1767 1240/1882/1766 1258/1881/1765
f 1242/1884/1768 1241/1883/1767 1258/1881/1765
f 1243/1885/1769 1242/1884/1768 1258/1881/1765
f 1244/1886/1770 1243/1885/1769 1258/1881/1765
f 1245/1887/1771 1244/1886/1770 1258/1881/1765
f 1246/1888/1772 1245/1887/1771 1258/1881/1765
f 1247/1889/1773 1246/1888/1772 1258/1881/1765
f 1238/1880/1764 1247/1889/1773 1258/1881/1765
g default
v -21.972183 43.049587 20.049999
v -19.510818 47.911812 20.049999
v -21.926941 45.385799 20.049999
v -21.972290 14.099701 20.049999
v 21.972290 14.099701 20.049999
v 21.972183 43.049587 20.049999
v -7.330887 48.571278 20.049999
v -13.464691 48.331074 20.049999
v 0.000000 48.693325 20.049999
v 7.330887 48.571278 20.049999
v 13.464691 48.331074 20.049999
v 19.510818 47.911812 20.049999
v 21.926941 45.385799 20.049999
v 21.614975 46.616920 20.049999
v 20.761230 47.532616 20.049999
v -20.761230 47.532616 20.049999
v -21.614975 46.616920 20.049999
vt 0.003906 0.657482
vt 0.059459 0.767260
vt 0.004920 0.710225
vt 0.003996 0.003906
vt 0.996094 0.004047
vt 0.995999 0.657622
vt 0.334432 0.782187
vt 0.195955 0.776745
vt 0.499934 0.784966
vt 0.665438 0.782234
vt 0.803916 0.776831
vt 0.940415 0.767385
vt 0.994970 0.710365
vt 0.987923 0.738158
vt 0.968646 0.758828
vt 0.031231 0.758695
vt 0.011959 0.738020
vn 0.000000 0.000000 1.000000
vn 0.000000 0.000000 1.000000
vn -0.000001 0.000000 1.000000
vn 0.000000 0.000000 1.000000
vn 0.000000 0.000000 1.000000
vn -0.000000 0.000000 1.000000
vn 0.000000 0.000000 1.000000
vn 0.000000 0.000000 1.000000
vn 0.000000 0.000000 1.000000
vn 0.000000 0.000000 1.000000
vn -0.000000 0.000000 1.000000
vn -0.000000 0.000000 1.000000
vn 0.000001 0.000000 1.000000
vn -0.000001 0.000000 1.000000
vn -0.000005 0.000000 1.000000
vn 0.000000 0.000000 1.000000
vn 0.000005 0.000000 1.000000
s 1
g TV_Radium_Glass
usemtl M_TV_Radium_Glass
f 1259/1890/1774 1260/1891/1775 1261/1892/1776
f 1262/1893/1777 1263/1894/1778 1259/1890/1774
f 1259/1890/1774 1263/1894/1778 1264/1895/1779
f 1259/1890/1774 1265/1896/1780 1266/1897/1781
f 1259/1890/1774 1267/1898/1782 1265/1896/1780
f 1267/1898/1782 1264/1895/1779 1268/1899/1783
f 1259/1890/1774 1264/1895/1779 1267/1898/1782
f 1269/1900/1784 1264/1895/1779 1270/1901/1785
f 1268/1899/1783 1264/1895/1779 1269/1900/1784
f 1270/1901/1785 1271/1902/1786 1273/1904/1787
f 1273/1904/1787 1271/1902/1786 1272/1903/1788
f 1270/1901/1785 1264/1895/1779 1271/1902/1786
f 1259/1890/1774 1266/1897/1781 1260/1891/1775
f 1260/1891/1775 1274/1905/1789 1261/1892/1776
f 1261/1892/1776 1274/1905/1789 1275/1906/1790
