# Blender 4.4.0
# www.blender.org
mtllib Meshy_AI_Red_Star_Soldier_at_R_0501102304_texture.mtl
o Meshy_AI_Red_Star_Soldier_at_R_0501102304_texture
v -0.133165 -0.251256 -0.951895
v -0.162106 -0.229703 -0.951945
v -0.082495 -0.214575 -0.937860
v -0.147832 -0.192960 -0.932753
v -0.167184 -0.214650 -0.940501
v -0.109864 -0.196637 -0.932228
v -0.082689 -0.218645 -0.914842
v -0.192354 -0.369524 -0.638061
v -0.114720 -0.248323 -0.926164
v -0.107420 -0.222401 -0.911074
v -0.191943 -0.270162 -0.765844
v -0.149826 -0.262431 -0.759338
v -0.134749 -0.299630 -0.773063
v 0.046154 -0.026454 -0.833672
v 0.059245 0.131582 -0.837367
v 0.169624 0.033126 -0.853598
v 0.205369 0.170796 -0.847658
v 0.276029 0.143549 -0.844874
v -0.132367 -0.278647 -0.770576
v 0.275949 0.009777 -0.839057
v -0.181415 -0.259716 -0.756820
v 0.189249 -0.041512 -0.834629
v 0.101092 -0.097586 -0.814976
v 0.319244 0.084703 -0.831554
v 0.244422 -0.128622 -0.790993
v -0.033335 0.103414 -0.829488
v 0.303169 -0.005733 -0.823973
v -0.540108 -0.580437 -0.832145
v -0.540374 -0.565969 -0.834853
v -0.386934 -0.548413 -0.784128
v 0.121325 -0.085146 -0.810789
v -0.031232 0.057669 -0.829322
v -0.543710 -0.569707 -0.813485
v 0.071741 -0.112385 -0.805319
v -0.526408 -0.565381 -0.805512
v 0.284435 0.229300 -0.810945
v -0.416242 -0.574517 -0.802494
v 0.084965 0.290257 -0.769982
v -0.167597 -0.029512 -0.772777
v 0.373991 0.171270 -0.799156
v 0.374466 0.221391 -0.783264
v -0.434546 -0.589356 -0.786921
v -0.580798 -0.577186 -0.812237
v -0.516531 -0.548797 -0.798443
v -0.542216 -0.569695 -0.806102
v -0.076103 -0.021330 -0.796538
v -0.069544 0.163530 -0.810788
v -0.490127 -0.588125 -0.802627
v -0.483134 -0.555210 -0.792302
v -0.392383 -0.530926 -0.787631
v -0.323098 -0.449438 -0.800978
v -0.336230 -0.550418 -0.802013
v -0.313287 -0.480338 -0.801434
v 0.116619 -0.141271 -0.798101
v 0.015408 -0.136769 -0.782990
v 0.338883 -0.012884 -0.792059
v 0.205527 0.286322 -0.752694
v -0.564782 -0.551049 -0.791042
v 0.394067 0.116115 -0.788384
v -0.494095 -0.564599 -0.788526
v -0.586606 -0.568684 -0.792077
v -0.291626 -0.490970 -0.780240
v 0.034461 0.279423 -0.778659
v -0.384506 -0.581244 -0.780088
v -0.356948 -0.565414 -0.771484
v 0.405182 0.057600 -0.763920
v -0.580477 -0.577076 -0.788172
v -0.513295 -0.535326 -0.774874
v -0.244960 -0.292898 -0.790481
v -0.314646 -0.368831 -0.792127
v -0.313829 -0.290918 -0.778955
v -0.217304 -0.241234 -0.790971
v 0.180119 -0.236581 -0.752910
v 0.229090 -0.160439 -0.759913
v -0.207340 0.020669 -0.776598
v -0.312907 -0.563071 -0.769475
v -0.345742 -0.553947 -0.794567
v -0.360400 -0.548583 -0.785363
v -0.389215 -0.455527 -0.768314
v -0.267158 -0.195844 -0.783778
v -0.244654 -0.210708 -0.790475
v 0.102772 -0.167219 -0.777432
v 0.089002 -0.196182 -0.767657
v -0.234807 0.122800 -0.761473
v -0.110318 0.186074 -0.787322
v -0.193915 -0.224258 -0.767653
v -0.185146 -0.117245 -0.774174
v -0.247020 -0.008178 -0.769891
v -0.220218 -0.023406 -0.770795
v -0.173790 -0.070381 -0.778418
v -0.561523 -0.561969 -0.773912
v -0.342850 -0.515767 -0.777693
v -0.409317 -0.529597 -0.763914
v -0.239251 -0.180533 -0.770410
v 0.056535 -0.187882 -0.758021
v -0.186191 -0.185516 -0.774395
v -0.234240 -0.146303 -0.778045
v -0.206433 -0.148808 -0.775420
v -0.255150 -0.087197 -0.759617
v -0.250257 0.040242 -0.766225
v -0.080685 0.241019 -0.761398
v -0.513697 -0.553381 -0.755340
v -0.321979 -0.527393 -0.766877
v -0.364444 -0.373293 -0.756529
v -0.203235 -0.202444 -0.762993
v 0.299085 -0.152331 -0.753851
v 0.434362 0.128053 -0.725159
v -0.047203 0.274697 -0.755484
v -0.462036 -0.574338 -0.767691
v -0.599260 -0.562432 -0.764510
v -0.589110 -0.553466 -0.771305
v -0.341335 -0.295132 -0.756476
v -0.201039 -0.315410 -0.724590
v 0.144656 -0.165415 -0.774395
v -0.217087 -0.126415 -0.761843
v -0.136329 -0.088540 -0.743870
v 0.357445 -0.081328 -0.728938
v 0.443294 -0.020514 -0.645291
v -0.249682 0.084648 -0.764038
v -0.270095 -0.174906 -0.757317
v 0.263812 -0.200157 -0.742132
v -0.291757 -0.023492 -0.744388
v 0.363335 0.276095 -0.717679
v 0.148530 0.304370 -0.722261
v 0.109946 0.306201 -0.755418
v -0.596146 -0.568891 -0.751107
v -0.599404 -0.551432 -0.751146
v -0.331729 -0.543171 -0.759664
v -0.521335 -0.526861 -0.734720
v -0.127083 -0.326254 -0.705772
v -0.178345 -0.161629 -0.744830
v -0.304751 -0.143770 -0.732045
v -0.273655 -0.102748 -0.763126
v -0.141070 0.222592 -0.739912
v 0.018638 0.324289 -0.756461
v -0.345257 -0.575465 -0.749642
v -0.316878 -0.226720 -0.755727
v -0.313375 -0.203251 -0.725505
v -0.462421 -0.564328 -0.722152
v -0.424370 -0.517547 -0.733047
v 0.101508 -0.232212 -0.743984
v 0.385048 0.252983 -0.744883
v -0.047871 0.310026 -0.725690
v -0.179391 -0.235943 -0.727439
v 0.113950 -0.255127 -0.723971
v -0.317045 -0.185710 -0.728898
v -0.306283 -0.161831 -0.720570
v -0.296878 -0.050503 -0.725703
v 0.089379 0.342125 -0.732868
v -0.150984 0.469634 -0.747438
v -0.042322 0.493640 -0.747902
v -0.093615 0.455955 -0.753192
v -0.096978 0.515527 -0.740289
v -0.306050 -0.566823 -0.703003
v -0.130882 -0.276205 -0.723232
v -0.129273 -0.124823 -0.704374
v -0.142554 -0.152961 -0.725810
v -0.298765 0.020078 -0.698156
v -0.590769 -0.557842 -0.734577
v 0.072784 -0.260076 -0.716781
v -0.255489 0.173692 -0.697998
v 0.058845 0.335438 -0.737930
v 0.018884 0.341221 -0.743445
v -0.102257 0.440456 -0.735623
v -0.072808 0.520029 -0.724977
v -0.530244 -0.551490 -0.727039
v -0.324673 -0.564194 -0.725563
v -0.162560 -0.227778 -0.725373
v 0.060645 -0.212393 -0.725530
v 0.455610 0.060755 -0.669510
v -0.521946 -0.549261 -0.696124
v -0.529349 -0.521252 -0.704401
v -0.119981 -0.297661 -0.730154
v 0.259764 -0.247987 -0.719675
v 0.207767 -0.263967 -0.721511
v -0.167620 -0.190904 -0.729841
v -0.050881 0.338448 -0.707532
v 0.058079 0.366349 -0.713415
v -0.156235 0.420302 -0.724835
v -0.174785 0.436010 -0.731910
v -0.038027 0.451153 -0.733368
v -0.043454 0.475298 -0.731536
v -0.458370 -0.572396 -0.674310
v 0.186827 -0.315942 -0.685695
v 0.178288 -0.304233 -0.683944
v 0.221784 -0.306433 -0.689484
v 0.369058 -0.129737 -0.657486
v -0.303557 -0.120030 -0.701075
v -0.057370 0.554542 -0.715684
v -0.582273 -0.571758 -0.712168
v 0.131770 -0.300216 -0.694767
v 0.096646 -0.314924 -0.672755
v 0.328242 -0.247322 -0.680493
v 0.247924 0.296121 -0.701753
v 0.109405 0.342864 -0.710434
v -0.096642 0.412332 -0.718942
v -0.135551 0.578333 -0.688311
v -0.006876 0.539250 -0.715663
v -0.347041 -0.567629 -0.697006
v 0.439029 0.182488 -0.670497
v -0.003338 0.490505 -0.711793
v -0.003853 0.499842 -0.724508
v -0.346520 -0.568401 -0.726411
v -0.594691 -0.550949 -0.715070
v -0.208142 -0.325591 -0.669387
v -0.400304 -0.405436 -0.691740
v -0.179482 -0.274781 -0.717841
v -0.149415 -0.180135 -0.694804
v -0.154565 0.233180 -0.690148
v 0.379186 0.275064 -0.651666
v -0.205398 0.457550 -0.708502
v -0.009972 0.457967 -0.716162
v -0.411569 -0.455309 -0.679294
v -0.338020 -0.212078 -0.705494
v -0.157271 -0.224574 -0.695204
v -0.318406 -0.147213 -0.697614
v -0.077327 0.323025 -0.680281
v 0.021706 0.357614 -0.708526
v -0.144595 0.401608 -0.708574
v -0.201287 0.554030 -0.645444
v -0.364655 -0.318309 -0.706835
v -0.367399 -0.298923 -0.675415
v -0.355547 -0.258588 -0.698304
v 0.019681 -0.256006 -0.700091
v -0.304360 -0.063478 -0.639737
v 0.389343 0.268039 -0.698231
v 0.023646 0.355064 -0.714760
v -0.119165 0.364585 -0.694960
v -0.342074 -0.206458 -0.655806
v -0.133596 -0.140974 -0.666221
v 0.403128 -0.055745 -0.657271
v -0.101278 0.264191 -0.693715
v 0.080637 0.366939 -0.697579
v -0.212856 0.413654 -0.669826
v -0.336985 -0.577490 -0.687627
v -0.178815 -0.204412 -0.608974
v -0.322468 -0.122253 -0.659131
v 0.050300 0.354152 -0.702514
v 0.026046 0.527932 -0.689272
v -0.080833 0.601614 -0.652688
v -0.565132 -0.544743 -0.697958
v -0.188957 -0.385321 -0.589811
v 0.207958 0.303776 -0.688374
v 0.117369 0.337827 -0.666857
v 0.023777 0.555283 -0.676471
v -0.432587 -0.526274 -0.676539
v 0.223500 -0.300293 -0.679088
v -0.152133 -0.306812 -0.598653
v 0.053274 0.385212 -0.676701
v 0.035011 0.490709 -0.677347
v -0.070014 -0.312214 -0.692676
v -0.079848 -0.291631 -0.688940
v -0.069854 -0.288793 -0.684168
v -0.121355 -0.330818 -0.611051
v 0.268622 -0.289646 -0.675630
v -0.340238 -0.246692 -0.664178
v -0.249776 0.184578 -0.643682
v 0.166924 0.305056 -0.643780
v 0.177068 0.300140 -0.683708
v -0.139593 0.360896 -0.677293
v 0.040766 0.521333 -0.649893
v -0.376914 -0.581140 -0.661192
v -0.419529 -0.573772 -0.639075
v -0.478918 -0.552038 -0.680291
v -0.060013 -0.301195 -0.686344
v -0.330149 -0.161609 -0.662996
v 0.145289 -0.317789 -0.678800
v -0.364527 -0.380386 -0.640792
v 0.140113 -0.388111 -0.657284
v -0.120948 -0.345383 -0.613132
v 0.292199 -0.293871 -0.678191
v -0.042426 -0.271441 -0.648883
v -0.167625 0.217139 -0.635393
v 0.077521 0.358265 -0.670834
v -0.343283 -0.563444 -0.659727
v -0.290056 0.059913 -0.643914
v 0.267360 0.283258 -0.636200
v 0.129361 0.340301 -0.660028
v 0.047689 0.537875 -0.650305
v -0.364801 -0.568623 -0.664784
v -0.336071 -0.564190 -0.641290
v -0.510126 -0.582209 -0.665088
v -0.533645 -0.565458 -0.660974
v 0.188139 -0.398597 -0.657102
v 0.107982 -0.379393 -0.659829
v -0.015287 -0.330262 -0.635979
v 0.323549 -0.268921 -0.659312
v 0.394555 -0.076648 -0.617155
v -0.298048 -0.052165 -0.647889
v -0.310057 -0.496605 -0.620833
v -0.375249 -0.468471 -0.632027
v 0.226910 -0.385500 -0.656516
v 0.295525 -0.357589 -0.656693
v -0.328293 -0.255460 -0.617646
v 0.370041 -0.250827 -0.630047
v -0.179963 0.382646 -0.594889
v -0.363886 -0.564940 -0.650093
v 0.224395 -0.385429 -0.669685
v 0.274999 -0.421472 -0.652413
v 0.213979 -0.418414 -0.667801
v -0.079057 -0.343013 -0.553416
v -0.308842 -0.168874 -0.609836
v 0.056414 0.477048 -0.634353
v 0.000869 0.593869 -0.637537
v -0.404342 -0.469503 -0.641012
v 0.233007 -0.397895 -0.650437
v 0.498349 -0.013944 -0.562374
v 0.107156 0.352050 -0.616886
v -0.154894 0.591372 -0.638132
v 0.197778 -0.411271 -0.652946
v 0.260903 -0.475641 -0.649516
v -0.099948 -0.330593 -0.632126
v -0.201735 -0.307039 -0.650255
v -0.316865 -0.142646 -0.613297
v 0.173177 -0.385192 -0.646540
v 0.255719 -0.370694 -0.644183
v -0.216010 -0.321151 -0.638291
v -0.088538 -0.307917 -0.616366
v -0.091195 0.304553 -0.626379
v -0.521938 -0.578319 -0.634466
v -0.532495 -0.569304 -0.637227
v 0.051537 -0.467638 -0.637844
v -0.003746 -0.391055 -0.628456
v 0.114053 -0.459645 -0.651216
v 0.111057 -0.394925 -0.644479
v -0.374577 -0.470201 -0.613645
v 0.214535 -0.383559 -0.645454
v 0.370015 -0.312787 -0.625105
v -0.333519 -0.205846 -0.633236
v -0.266380 0.068016 -0.573346
v -0.124001 0.242531 -0.640563
v 0.051553 0.520931 -0.603657
v 0.419671 -0.503253 -0.580704
v 0.323157 -0.441811 -0.637309
v 0.346020 -0.339521 -0.628578
v -0.356416 -0.309603 -0.653695
v 0.159124 0.293790 -0.588780
v -0.251300 0.485214 -0.586937
v -0.413999 -0.543147 -0.642097
v -0.300251 -0.419618 -0.604670
v -0.216783 -0.327909 -0.632513
v 0.452872 -0.037261 -0.629089
v 0.478401 0.078763 -0.555923
v -0.099448 0.257923 -0.624284
v 0.233634 0.279709 -0.609603
v -0.402608 -0.538977 -0.625916
v 0.355791 -0.500844 -0.615867
v 0.436456 0.147303 -0.572348
v 0.112311 0.331628 -0.573559
v 0.057644 0.461476 -0.568901
v 0.045068 0.556682 -0.575891
v 0.177766 -0.579509 -0.613048
v -0.324981 -0.292998 -0.609410
v 0.371816 0.259184 -0.601276
v -0.156290 0.362197 -0.612950
v -0.206153 0.395252 -0.626319
v -0.217715 0.559109 -0.559472
v -0.375135 -0.549913 -0.619164
v 0.311381 -0.573194 -0.608661
v 0.079312 -0.577802 -0.596982
v -0.015033 -0.440076 -0.610923
v -0.283060 -0.320749 -0.588910
v -0.144223 -0.371505 -0.624248
v -0.105228 -0.337519 -0.601850
v -0.166233 -0.321527 -0.600708
v 0.385824 -0.104429 -0.575339
v 0.398261 0.213023 -0.581623
v 0.290958 0.239195 -0.573431
v -0.136365 0.335594 -0.608907
v 0.097113 0.342878 -0.613925
v -0.041768 0.620799 -0.606568
v -0.116579 -0.366997 -0.616539
v -0.265802 -0.020074 -0.580902
v -0.247253 0.154719 -0.577255
v -0.166177 0.193244 -0.569561
v -0.293281 -0.193439 -0.592889
v -0.151203 -0.134051 -0.596414
v -0.340443 -0.522801 -0.612919
v -0.344296 -0.477332 -0.613017
v -0.264103 -0.288302 -0.584778
v -0.051073 -0.383360 -0.589267
v -0.058179 -0.318376 -0.595077
v 0.399803 -0.299742 -0.590444
v -0.194338 -0.200750 -0.589834
v -0.177470 0.360155 -0.609565
v 0.012770 -0.514451 -0.593436
v 0.390975 -0.308235 -0.586405
v 0.382800 -0.225639 -0.601739
v 0.037081 0.571289 -0.570994
v -0.096129 0.619173 -0.583283
v 0.273078 -0.579883 -0.601203
v -0.108644 -0.328675 -0.603820
v 0.417421 0.168344 -0.573390
v -0.127125 0.316980 -0.594299
v -0.154632 0.601743 -0.571524
v -0.101647 -0.224496 -0.556141
v 0.391726 -0.196867 -0.554085
v 0.462199 -0.068503 -0.574196
v -0.116597 0.321664 -0.593403
v 0.354594 -0.552536 -0.576982
v 0.414257 -0.526232 -0.569937
v 0.044509 -0.569607 -0.584491
v -0.130119 -0.306861 -0.595026
v -0.133497 0.169436 -0.522310
v 0.159418 0.280795 -0.585619
v -0.149681 0.336401 -0.593364
v 0.144195 -0.569170 -0.593923
v 0.295581 -0.563889 -0.591333
v -0.265523 -0.265313 -0.587585
v -0.138859 -0.152234 -0.544171
v -0.237057 0.177580 -0.589710
v -0.102373 0.221758 -0.573596
v 0.362935 0.213999 -0.553788
v -0.250280 0.440219 -0.551926
v 0.106081 -0.572860 -0.584113
v -0.065375 -0.530266 -0.466606
v -0.060286 -0.424590 -0.561507
v 0.416930 -0.268987 -0.547436
v -0.240630 -0.241417 -0.589592
v -0.285969 -0.237710 -0.586375
v -0.263020 -0.222324 -0.585109
v -0.065514 0.268315 -0.557093
v 0.067364 -0.575826 -0.559877
v 0.329477 -0.558657 -0.582890
v -0.261292 -0.403552 -0.443371
v -0.107515 -0.373339 -0.534019
v -0.197528 -0.165133 -0.573369
v -0.138762 0.343434 -0.584753
v -0.150263 0.353017 -0.576266
v -0.180958 0.388072 -0.575904
v -0.196531 0.395380 -0.559862
v -0.081953 -0.392453 -0.498141
v 0.404115 -0.292801 -0.566827
v -0.144851 -0.332798 -0.527487
v -0.228556 -0.217051 -0.578884
v -0.235923 -0.188070 -0.573577
v -0.273763 -0.146939 -0.577615
v -0.255207 -0.120788 -0.577220
v 0.489742 -0.053022 -0.549760
v 0.097611 0.309793 -0.545649
v 0.064796 0.407475 -0.547031
v 0.043548 0.497648 -0.562337
v -0.000262 -0.580024 -0.519029
v 0.331699 -0.580203 -0.554103
v -0.112499 -0.346473 -0.571840
v -0.115748 -0.342738 -0.567769
v -0.227574 -0.130339 -0.566305
v -0.159718 -0.090216 -0.570551
v 0.454154 0.118230 -0.560251
v 0.014088 0.546246 -0.509681
v 0.435043 -0.529792 -0.532371
v -0.159190 -0.405359 -0.530972
v -0.167996 -0.338492 -0.526829
v -0.269724 -0.105300 -0.562082
v -0.098662 0.286224 -0.546382
v 0.450123 -0.510971 -0.534279
v -0.117135 -0.383827 -0.549080
v -0.109188 -0.344787 -0.527771
v 0.449670 -0.099369 -0.553414
v 0.507685 0.007176 -0.515203
v -0.222686 0.114981 -0.528438
v 0.426359 0.117271 -0.514088
v 0.117135 0.308326 -0.565738
v -0.232760 0.432991 -0.509108
v 0.075605 0.436442 -0.560731
v 0.442998 -0.440638 -0.549068
v -0.236244 -0.100040 -0.549543
v 0.359494 0.186019 -0.545399
v -0.210810 -0.356392 -0.494351
v -0.080737 -0.282892 -0.514878
v 0.411666 -0.175500 -0.541632
v -0.154971 -0.068538 -0.557157
v -0.226523 0.000463 -0.528145
v -0.237736 0.060557 -0.534306
v 0.051708 0.506679 -0.540786
v 0.029991 -0.575841 -0.532235
v 0.394328 -0.536606 -0.547002
v -0.113431 -0.101258 -0.489735
v 0.140312 0.245856 -0.537761
v 0.072009 0.346581 -0.537021
v 0.035226 0.559086 -0.529014
v 0.454741 -0.322185 -0.522910
v 0.417614 -0.191401 -0.543121
v 0.388125 -0.129999 -0.527024
v 0.394551 0.142271 -0.518288
v -0.169729 0.130582 -0.518655
v 0.359503 0.162885 -0.522330
v -0.187593 0.410926 -0.501566
v 0.063797 0.476845 -0.545667
v -0.251613 0.489913 -0.512892
v -0.085249 0.609178 -0.450461
v -0.118840 -0.411142 -0.530303
v 0.484435 0.050303 -0.505052
v 0.321094 0.170162 -0.536756
v 0.106921 0.205122 -0.494238
v -0.212166 0.383560 -0.507783
v 0.074368 0.419196 -0.540416
v 0.423491 -0.520241 -0.524578
v -0.246138 -0.441522 -0.450457
v -0.107461 -0.395329 -0.539365
v -0.125136 0.087635 -0.458830
v 0.273442 0.201804 -0.530024
v 0.106863 0.215689 -0.478170
v 0.056594 0.452690 -0.546887
v 0.406485 -0.580174 -0.447965
v 0.436426 -0.286654 -0.514566
v -0.200178 -0.058357 -0.542561
v 0.511537 -0.031247 -0.514440
v 0.383476 0.154003 -0.536438
v -0.041746 0.253473 -0.526628
v 0.102231 0.298164 -0.546528
v 0.073881 0.297369 -0.541359
v 0.033487 0.491575 -0.523322
v -0.135119 -0.419473 -0.518348
v 0.481854 -0.349750 -0.518241
v 0.418761 -0.267320 -0.521577
v 0.401576 -0.185715 -0.508132
v -0.215372 -0.045288 -0.530404
v -0.057838 0.172365 -0.490207
v -0.218621 0.407429 -0.512075
v -0.247053 -0.388158 -0.444116
v -0.166191 -0.033403 -0.525107
v -0.193554 0.088347 -0.514322
v 0.054085 0.452325 -0.525040
v -0.090931 -0.213218 -0.492589
v 0.319398 0.131671 -0.523178
v 0.338391 0.124361 -0.514367
v -0.043010 0.206646 -0.512893
v 0.070642 0.374200 -0.504605
v -0.220820 0.388846 -0.481261
v -0.101226 -0.375883 -0.502113
v 0.051762 0.271522 -0.521091
v 0.016915 0.525084 -0.493194
v -0.110828 -0.356117 -0.495833
v -0.154701 -0.325420 -0.511561
v 0.472765 -0.306503 -0.506991
v 0.420144 -0.171231 -0.512807
v 0.008213 0.580105 -0.481015
v -0.001575 -0.571316 -0.492327
v 0.443055 -0.506797 -0.496564
v -0.087891 -0.359540 -0.478130
v -0.086012 -0.253700 -0.490289
v 0.401274 -0.148436 -0.491834
v 0.493086 -0.123747 -0.478268
v 0.431217 -0.142622 -0.504375
v 0.282292 0.163222 -0.513224
v 0.056540 0.260875 -0.505942
v -0.232988 0.463770 -0.514344
v -0.229023 0.539747 -0.496682
v -0.186719 0.566571 -0.427817
v -0.182203 0.021110 -0.514874
v 0.323437 0.093058 -0.501560
v -0.161994 0.049526 -0.441437
v 0.022919 0.251506 -0.499861
v 0.046204 0.252183 -0.518891
v -0.140550 0.344441 -0.465622
v 0.424274 -0.560458 -0.455476
v -0.130448 -0.076591 -0.461533
v 0.036595 0.238012 -0.511234
v 0.072739 0.218490 -0.494741
v -0.036283 -0.573088 -0.463609
v -0.085979 -0.181106 -0.460935
v -0.162226 0.077209 -0.476370
v 0.027081 0.285536 -0.429460
v 0.064566 0.335772 -0.476816
v 0.466334 -0.494998 -0.473982
v -0.083986 -0.483777 -0.458886
v 0.527588 -0.372568 -0.433949
v 0.489538 -0.335337 -0.461016
v 0.443570 -0.274882 -0.478410
v -0.116002 -0.177191 -0.432490
v -0.136220 -0.212116 -0.498200
v 0.506996 -0.016579 -0.461154
v -0.060021 0.105574 -0.431025
v 0.281618 0.142122 -0.511257
v 0.005988 0.196136 -0.466841
v -0.063478 0.261966 -0.476916
v -0.152540 -0.324024 -0.476490
v -0.126938 -0.261361 -0.474606
v -0.141373 -0.229036 -0.491427
v 0.081337 0.205650 -0.502266
v 0.107028 0.199060 -0.497045
v -0.206572 -0.490841 -0.288461
v 0.473519 -0.339801 -0.475083
v -0.117193 -0.258972 -0.474288
v 0.387386 -0.165904 -0.495794
v 0.454168 0.053264 -0.467086
v 0.228562 0.143936 -0.490168
v -0.031054 0.147657 -0.455014
v 0.022166 0.219176 -0.508535
v 0.019967 0.199406 -0.492361
v 0.084003 0.218638 -0.471816
v -0.006555 0.263520 -0.426179
v 0.016030 0.436627 -0.437919
v 0.386916 -0.206693 -0.427625
v 0.365956 0.066040 -0.459773
v -0.003353 0.157828 -0.465439
v -0.024500 0.191793 -0.500344
v -0.014188 0.503383 -0.452534
v -0.016867 0.553198 -0.451878
v -0.328035 -0.444178 -0.481807
v -0.371379 -0.457376 -0.481255
v -0.374242 -0.420389 -0.473362
v -0.100280 -0.418020 -0.432774
v -0.171411 -0.355329 -0.447991
v 0.380494 -0.144335 -0.500415
v 0.365360 -0.156220 -0.442866
v 0.522274 -0.097315 -0.451692
v 0.304052 0.092063 -0.477604
v -0.134291 0.077996 -0.438323
v 0.134152 0.133173 -0.463512
v 0.052927 0.127438 -0.447091
v 0.088107 0.205971 -0.473678
v -0.214294 0.478317 -0.438447
v -0.164080 -0.450403 -0.418799
v -0.105967 -0.405498 -0.471410
v -0.170364 -0.338216 -0.450733
v -0.124398 -0.362704 -0.439722
v 0.468938 -0.275338 -0.446142
v 0.466019 -0.162760 -0.439545
v 0.225652 0.105048 -0.439501
v 0.466037 -0.480866 -0.454311
v -0.410341 -0.476668 -0.438971
v -0.106220 -0.350973 -0.451100
v -0.076652 -0.356166 -0.472639
v -0.131574 -0.252274 -0.426059
v 0.368112 -0.142976 -0.471259
v 0.314286 0.023484 -0.451031
v 0.328723 0.035877 -0.474376
v 0.239919 0.068601 -0.424913
v 0.075259 0.133754 -0.434013
v -0.027956 0.259892 -0.437247
v 0.054011 0.350523 -0.450367
v -0.127152 0.368062 -0.442539
v -0.202985 0.433171 -0.441447
v -0.002130 0.531411 -0.461740
v -0.101057 -0.363844 -0.456274
v -0.067409 -0.164580 -0.404230
v 0.289082 0.082202 -0.478850
v 0.250639 0.105604 -0.449715
v -0.161229 0.395704 -0.438255
v -0.207373 0.505441 -0.438819
v -0.019226 -0.579240 -0.368567
v -0.021396 -0.567660 -0.461086
v -0.393452 -0.423158 -0.456825
v -0.116323 -0.355204 -0.441327
v -0.120025 -0.265327 -0.446563
v -0.096544 -0.081506 -0.417605
v -0.105324 -0.058888 -0.430224
v -0.095182 0.302182 -0.443897
v 0.525452 -0.340041 -0.427645
v -0.148955 -0.340141 -0.447594
v 0.450726 0.002455 -0.399389
v -0.158200 0.044766 -0.455598
v 0.266556 0.074836 -0.458180
v -0.198066 0.395493 -0.416967
v -0.178151 0.427048 -0.440167
v 0.075289 0.112239 -0.419503
v -0.204562 0.537036 -0.431812
v -0.416500 -0.436128 -0.428383
v 0.447016 -0.247675 -0.433124
v 0.387416 -0.225691 -0.441377
v -0.026238 0.576151 -0.473707
v 0.458739 -0.171398 -0.404462
v 0.512661 -0.036473 -0.414559
v 0.450943 0.022614 -0.438194
v 0.351115 0.018482 -0.435275
v -0.007624 0.511625 -0.410761
v -0.270174 -0.410759 -0.417861
v -0.198044 -0.384153 -0.416993
v -0.174267 -0.321257 -0.437856
v 0.497746 -0.325000 -0.425348
v 0.497263 -0.132549 -0.397160
v 0.327362 -0.013394 -0.446314
v -0.032780 0.297139 -0.418745
v -0.097703 0.527835 -0.403345
v -0.154268 -0.322720 -0.434924
v 0.373904 0.011724 -0.412290
v 0.105621 0.112345 -0.432652
v -0.018864 0.118740 -0.445261
v 0.042181 0.094047 -0.429181
v 0.044184 0.319889 -0.438812
v -0.029027 0.494883 -0.428870
v -0.054838 0.568047 -0.438517
v -0.273323 -0.456847 -0.415344
v -0.177979 -0.327695 -0.419548
v 0.466245 -0.247205 -0.437328
v -0.058592 -0.125603 -0.411227
v 0.524248 -0.082093 -0.425555
v 0.269074 0.015950 -0.418367
v -0.132220 0.055331 -0.428673
v 0.143750 0.087607 -0.432619
v 0.007470 0.098714 -0.415709
v 0.044386 0.101504 -0.412765
v -0.099435 -0.391488 -0.406399
v -0.149409 -0.350206 -0.418249
v 0.389340 -0.223907 -0.417905
v 0.154494 0.085895 -0.419628
v 0.060110 0.087546 -0.428908
v 0.000560 0.452862 -0.438706
v -0.044618 -0.558695 -0.401610
v 0.479147 -0.441837 -0.419247
v 0.491704 -0.327704 -0.415273
v -0.127094 -0.202146 -0.411606
v -0.078534 -0.179506 -0.431599
v -0.030528 0.468828 -0.407967
v -0.047293 0.527675 -0.415527
v 0.425367 -0.565456 -0.400677
v -0.086068 -0.541797 -0.352782
v -0.095634 -0.412423 -0.409660
v -0.095566 -0.330145 -0.377376
v 0.403416 -0.184105 -0.396121
v 0.332382 -0.053022 -0.427609
v -0.125372 -0.033219 -0.421058
v 0.302646 -0.057080 -0.423449
v -0.123679 0.024067 -0.410103
v -0.063323 0.076211 -0.402157
v 0.016803 0.294829 -0.416200
v -0.153480 0.450436 -0.414245
v -0.187470 0.497950 -0.410904
v -0.117107 -0.449652 -0.353268
v -0.113976 -0.434277 -0.395349
v -0.134768 -0.367360 -0.417408
v 0.492229 -0.265718 -0.402777
v -0.107948 -0.192248 -0.422064
v 0.340191 -0.024397 -0.422347
v 0.209924 0.069393 -0.431838
v -0.041235 0.048022 -0.379940
v -0.057769 0.345404 -0.398825
v -0.137387 0.548480 -0.392252
v -0.186335 -0.383551 -0.375625
v -0.176976 -0.352484 -0.420054
v 0.314240 -0.052844 -0.404779
v 0.105091 0.070513 -0.413537
v 0.063039 0.086218 -0.415227
v -0.079055 0.344100 -0.422170
v -0.104960 0.399562 -0.430098
v -0.080718 0.439112 -0.398247
v -0.049574 0.483144 -0.410058
v -0.020054 0.492375 -0.397507
v -0.264910 -0.466065 -0.376199
v -0.430495 -0.453233 -0.401152
v -0.183691 -0.502487 -0.289423
v 0.533066 -0.398709 -0.385406
v -0.134268 -0.395260 -0.350600
v -0.073884 -0.332084 -0.374881
v 0.414849 -0.217079 -0.399356
v -0.104963 -0.205474 -0.412743
v -0.116578 -0.179682 -0.410631
v -0.070147 -0.155347 -0.393206
v 0.240018 -0.011694 -0.394923
v 0.076324 0.060460 -0.405402
v -0.175858 0.460590 -0.401997
v -0.178341 0.524299 -0.408610
v -0.131494 0.517198 -0.396310
v 0.475633 -0.478818 -0.376242
v -0.424441 -0.481883 -0.408726
v 0.537909 -0.356710 -0.362638
v 0.473074 -0.224805 -0.393807
v 0.447132 -0.216704 -0.380274
v -0.122642 -0.232795 -0.405932
v 0.297427 -0.095215 -0.392106
v 0.301888 -0.071961 -0.424414
v 0.256833 -0.065074 -0.397669
v 0.268814 -0.046902 -0.414363
v 0.356171 -0.030306 -0.396293
v 0.001551 0.368138 -0.416007
v -0.085042 0.418710 -0.406770
v -0.169731 0.439167 -0.329304
v -0.034516 0.389168 -0.407911
v -0.062438 0.421529 -0.422600
v -0.110124 -0.451370 -0.379566
v -0.277365 -0.431472 -0.370814
v -0.279231 -0.425911 -0.352194
v 0.499630 -0.327893 -0.406777
v -0.106942 -0.221537 -0.409582
v 0.076668 0.061628 -0.391037
v -0.025446 0.316163 -0.403702
v 0.515178 -0.414272 -0.383478
v 0.478140 -0.257259 -0.393204
v 0.053704 0.035607 -0.399123
v 0.039414 0.054931 -0.410805
v -0.023215 0.036094 -0.382203
v 0.030459 0.070513 -0.395692
v -0.069413 0.477533 -0.397499
v -0.140338 0.482305 -0.382881
v 0.491278 -0.402519 -0.391809
v -0.091680 -0.249336 -0.396944
v -0.072628 -0.054573 -0.397162
v -0.097112 -0.019308 -0.398102
v 0.383040 -0.018246 -0.390366
v -0.108147 0.021874 -0.414986
v 0.129747 0.039395 -0.410411
v 0.111714 0.018899 -0.391954
v 0.157163 0.015328 -0.406155
v -0.063872 0.362569 -0.375306
v -0.045955 0.363720 -0.397788
v -0.101472 -0.423119 -0.386504
v -0.098179 -0.239758 -0.349072
v -0.092181 -0.191773 -0.341753
v 0.438376 -0.183373 -0.364546
v 0.451431 -0.165767 -0.384637
v 0.478361 -0.132891 -0.362262
v 0.244778 -0.088213 -0.359255
v -0.059421 0.021243 -0.384182
v -0.168556 0.429502 -0.338292
v -0.090033 0.457580 -0.352901
v -0.159756 0.529222 -0.384597
v -0.103064 -0.405973 -0.384814
v 0.307600 -0.065493 -0.359804
v 0.496699 -0.059662 -0.383045
v 0.229654 -0.048552 -0.391534
v 0.139459 0.002255 -0.386406
v -0.057474 0.345985 -0.385695
v -0.047403 0.366163 -0.379186
v -0.051469 0.484167 -0.368132
v -0.068987 0.507407 -0.397483
v -0.098956 -0.411338 -0.371732
v -0.090535 -0.305197 -0.372792
v -0.049214 -0.150719 -0.356198
v 0.431237 -0.014150 -0.386963
v 0.124079 0.014157 -0.363042
v -0.133569 -0.444120 -0.359209
v -0.078339 -0.383336 -0.339342
v -0.078762 -0.345899 -0.350018
v -0.187336 -0.386498 -0.369971
v 0.472660 -0.151786 -0.349952
v -0.035625 -0.065967 -0.384163
v 0.093147 -0.019701 -0.359440
v 0.083908 0.031124 -0.368717
v -0.186513 -0.380089 -0.360559
v 0.398417 -0.193869 -0.360764
v -0.057791 -0.151395 -0.326803
v 0.286422 -0.092758 -0.368128
v -0.049167 -0.100340 -0.388096
v 0.404506 -0.019167 -0.354103
v 0.072165 0.016693 -0.384003
v 0.445157 -0.524940 -0.309880
v 0.502479 -0.266844 -0.363629
v -0.013478 -0.095459 -0.372151
v 0.481507 -0.075853 -0.366326
v 0.326294 -0.042967 -0.365084
v -0.047479 -0.026007 -0.370837
v 0.143639 -0.031427 -0.377916
v -0.152354 0.452466 -0.318456
v -0.148347 -0.403655 -0.338332
v -0.020658 -0.111175 -0.362771
v 0.259590 -0.084549 -0.353633
v 0.162442 -0.045859 -0.364404
v 0.136428 -0.035303 -0.359489
v 0.374894 -0.584155 -0.302041
v 0.491578 -0.337427 -0.366964
v -0.094308 -0.315464 -0.353172
v -0.087518 -0.243157 -0.351519
v -0.033129 -0.151890 -0.370141
v 0.291714 -0.073886 -0.331832
v -0.008763 -0.030703 -0.359562
v -0.003835 -0.125874 -0.364335
v 0.475035 -0.087759 -0.331203
v 0.029739 -0.079487 -0.369208
v 0.095990 -0.050358 -0.369971
v 0.422723 -0.049389 -0.310610
v 0.179750 -0.044621 -0.350100
v 0.078524 -0.589703 -0.098648
v -0.284825 -0.465625 -0.351014
v -0.108433 -0.410839 -0.357116
v -0.188482 -0.393047 -0.341800
v -0.191030 -0.390293 -0.355988
v -0.211900 -0.413133 -0.261858
v -0.059132 -0.319796 -0.345121
v 0.478087 -0.322109 -0.364406
v 0.485766 -0.293104 -0.347661
v 0.476580 -0.299664 -0.345100
v 0.419930 -0.177712 -0.281205
v -0.036900 -0.141288 -0.354681
v -0.012812 -0.151487 -0.357398
v 0.273919 -0.095864 -0.362836
v 0.203616 -0.056155 -0.356256
v 0.110553 -0.083697 -0.355361
v -0.286812 -0.438830 -0.302797
v 0.245569 -0.140084 -0.356270
v 0.278093 -0.130727 -0.361080
v 0.223751 -0.110164 -0.360534
v 0.233953 -0.108095 -0.350610
v 0.272844 -0.108597 -0.361142
v 0.504060 -0.341582 -0.311504
v 0.458084 -0.132743 -0.306646
v 0.262435 -0.136619 -0.344338
v 0.120816 -0.110393 -0.323612
v 0.142288 -0.047107 -0.355242
v 0.106786 -0.018627 -0.356627
v 0.472102 -0.483060 -0.340491
v -0.079271 -0.357404 -0.318568
v -0.196865 -0.387216 -0.331761
v 0.491257 -0.327090 -0.342578
v 0.071358 -0.172247 -0.337375
v 0.016588 -0.157041 -0.344766
v 0.005129 -0.188408 -0.348434
v 0.258942 -0.115039 -0.340213
v 0.173862 -0.077406 -0.348565
v 0.159292 -0.062907 -0.355181
v 0.231463 -0.071107 -0.342904
v 0.147185 -0.044407 -0.343350
v -0.090941 -0.528712 -0.315329
v 0.475836 -0.263169 -0.329503
v 0.482630 -0.215338 -0.298977
v 0.176358 -0.131216 -0.346046
v 0.117306 -0.159028 -0.335113
v 0.145514 -0.068992 -0.346826
v 0.485358 -0.280338 -0.326359
v -0.086153 -0.228678 -0.331546
v 0.035347 -0.193290 -0.325947
v 0.262031 -0.158237 -0.333546
v 0.233049 -0.101537 -0.336722
v 0.452844 -0.094922 -0.315966
v -0.138527 -0.476547 -0.293191
v -0.366238 -0.457891 -0.273430
v -0.196438 -0.404762 -0.310029
v -0.070858 -0.361916 -0.323936
v 0.014846 -0.127140 -0.303022
v 0.021268 -0.125624 -0.316462
v 0.202304 -0.098068 -0.345864
v 0.167276 -0.099047 -0.338809
v 0.255608 -0.103994 -0.341754
v -0.069015 -0.528661 -0.319100
v -0.377051 -0.493564 -0.284525
v -0.033197 -0.266147 -0.306610
v -0.057251 -0.205924 -0.333258
v 0.417035 -0.187069 -0.306940
v -0.056990 -0.174345 -0.327724
v 0.116781 -0.167346 -0.322252
v 0.244775 -0.108177 -0.307682
v 0.411698 -0.039853 -0.330807
v -0.026212 -0.564517 -0.246002
v 0.491210 -0.450963 -0.301875
v -0.299440 -0.465764 -0.308750
v -0.150288 -0.465795 -0.308810
v -0.147287 -0.430595 -0.282212
v 0.499334 -0.286567 -0.321591
v -0.049408 -0.177797 -0.338763
v -0.043845 -0.191664 -0.306485
v 0.129557 -0.143406 -0.326547
v 0.309829 -0.066711 -0.269957
v -0.082900 -0.474611 -0.260937
v -0.244240 -0.426855 -0.280046
v -0.030015 -0.312743 -0.320201
v 0.038663 -0.230670 -0.299482
v 0.257332 -0.186244 -0.322070
v -0.347618 -0.488887 -0.286585
v -0.226581 -0.435589 -0.274168
v -0.115668 -0.425743 -0.324216
v -0.160103 -0.427803 -0.259603
v 0.317084 -0.232466 -0.317334
v 0.329554 -0.218414 -0.329586
v 0.287389 -0.227372 -0.315771
v 0.304283 -0.208706 -0.314497
v 0.216543 -0.143277 -0.294403
v -0.263437 -0.505716 -0.319803
v -0.281237 -0.500544 -0.292031
v -0.250683 -0.492385 -0.312114
v -0.295301 -0.449972 -0.307503
v -0.031949 -0.304976 -0.304972
v 0.338505 -0.218514 -0.310437
v -0.017946 -0.290673 -0.283276
v 0.261350 -0.214132 -0.325759
v 0.250480 -0.235275 -0.302445
v 0.283426 -0.199875 -0.313202
v -0.020818 -0.205128 -0.303067
v 0.236193 -0.182228 -0.317177
v 0.249955 -0.177964 -0.310410
v 0.272158 -0.193260 -0.318184
v 0.248378 -0.199992 -0.309972
v 0.290407 -0.217700 -0.298346
v 0.018213 -0.148582 -0.289253
v -0.302826 -0.475907 -0.287345
v -0.139402 -0.458067 -0.235984
v -0.205429 -0.417438 -0.280747
v -0.163878 -0.428193 -0.271037
v 0.486852 -0.266955 -0.316593
v 0.489721 -0.242474 -0.274511
v 0.475799 -0.249855 -0.320480
v 0.464480 -0.231741 -0.295879
v 0.462707 -0.238610 -0.319529
v 0.163737 -0.194143 -0.294437
v 0.458852 -0.213147 -0.290719
v 0.027249 -0.174213 -0.300068
v -0.083523 -0.395891 -0.293554
v -0.319480 -0.465705 -0.290496
v 0.129645 -0.240939 -0.287891
v 0.145165 -0.232644 -0.273247
v -0.022723 -0.194035 -0.289317
v 0.119464 -0.215198 -0.282811
v 0.027236 -0.169997 -0.290283
v 0.238943 -0.096851 -0.257142
v 0.391093 -0.072089 -0.279275
v -0.292347 -0.458441 -0.281651
v 0.288664 -0.220453 -0.259962
v 0.414380 -0.085348 -0.259093
v -0.064263 -0.482757 -0.267156
v -0.164825 -0.474155 -0.263640
v -0.347368 -0.467821 -0.276591
v -0.072091 -0.334834 -0.267193
v 0.041548 -0.258823 -0.294863
v -0.415799 -0.527678 -0.223035
v 0.173172 -0.255045 -0.283898
v 0.081922 -0.283333 -0.274089
v 0.015149 -0.276203 -0.265000
v 0.002653 -0.221968 -0.285337
v 0.175684 -0.213649 -0.216027
v 0.086973 -0.293204 -0.257225
v 0.146452 -0.251175 -0.280236
v 0.071056 -0.264231 -0.276484
v 0.032260 -0.262848 -0.265044
v 0.219158 -0.119742 -0.282824
v -0.282726 -0.489828 -0.250644
v 0.170486 -0.268614 -0.238941
v 0.025885 -0.284830 -0.281487
v 0.496447 -0.224534 -0.267954
v 0.409802 -0.117943 -0.240183
v -0.151844 -0.486008 -0.252504
v 0.517867 -0.308721 -0.247629
v -0.285797 -0.468168 -0.241142
v 0.010619 -0.306214 -0.267677
v 0.421684 -0.158694 -0.252679
v 0.163410 -0.167098 -0.201485
v -0.166460 -0.460794 -0.244275
v 0.375573 -0.071823 -0.251057
v -0.292616 -0.526542 -0.202517
v -0.210492 -0.544983 -0.111887
v -0.016746 -0.331476 -0.259680
v 0.251053 -0.254829 -0.244003
v -0.055099 -0.336948 -0.243709
v 0.437346 -0.465738 -0.196502
v 0.287542 -0.588067 -0.222465
v -0.441508 -0.494346 -0.182191
v -0.203333 -0.426759 -0.248037
v -0.052858 -0.393302 -0.204213
v 0.321186 -0.078732 -0.223284
v 0.074394 -0.288581 -0.231512
v -0.440655 -0.526505 -0.211102
v -0.295638 -0.475419 -0.188947
v -0.154905 -0.454656 -0.235706
v -0.237600 -0.469332 -0.174570
v 0.039636 -0.311351 -0.230707
v 0.268873 -0.241244 -0.237397
v 0.359227 -0.084728 -0.219177
v -0.402842 -0.495839 -0.214546
v -0.043517 -0.415497 -0.219836
v -0.232021 -0.486605 -0.092711
v -0.037339 -0.480579 -0.110996
v -0.040394 -0.367643 -0.211766
v 0.289338 -0.254970 -0.239635
v 0.291500 -0.220487 -0.219915
v 0.281817 -0.214031 -0.241134
v 0.455903 -0.023912 -0.084176
v -0.202853 -0.491775 -0.114708
v 0.193532 -0.290149 -0.236251
v 0.201763 -0.337117 -0.213265
v 0.315646 -0.223290 -0.234380
v 0.300244 -0.222843 -0.236038
v 0.551970 -0.087284 -0.057062
v -0.252952 -0.541745 -0.128468
v 0.265398 -0.311068 -0.229835
v 0.292551 -0.260885 -0.247796
v 0.309328 -0.225223 -0.201833
v 0.258096 -0.100759 -0.194826
v 0.172012 -0.353506 -0.228086
v 0.151077 -0.348983 -0.204613
v 0.188976 -0.374989 -0.216379
v 0.267385 -0.350407 -0.199684
v 0.181455 -0.239918 -0.222886
v 0.218778 -0.230109 -0.204537
v 0.361876 -0.126242 -0.197183
v -0.437056 -0.501206 -0.215501
v 0.233216 -0.242437 -0.208355
v 0.236474 -0.207695 -0.221021
v 0.265362 -0.194064 -0.227632
v 0.257689 -0.193516 -0.222214
v 0.134763 -0.315633 -0.210370
v 0.216922 -0.213847 -0.211900
v -0.380642 -0.538327 -0.194490
v -0.440497 -0.511630 -0.202569
v 0.251951 -0.384417 -0.206361
v 0.113522 -0.301313 -0.186650
v 0.300776 -0.217228 -0.197490
v 0.182767 -0.203652 -0.201965
v 0.288134 -0.192825 -0.207877
v 0.021629 -0.553952 -0.047001
v -0.464143 -0.521609 -0.192905
v -0.007045 -0.355028 -0.176315
v -0.426608 -0.557870 -0.162933
v 0.308003 -0.513584 -0.177350
v 0.159554 -0.287786 -0.187013
v 0.265352 -0.247259 -0.182681
v 0.163829 -0.215418 -0.189420
v 0.262757 -0.585901 -0.187457
v -0.384032 -0.494777 -0.180260
v 0.489640 -0.303090 -0.046868
v -0.016288 -0.379932 -0.189142
v 0.093523 -0.327074 -0.176547
v 0.125949 -0.296776 -0.173895
v 0.264240 -0.235929 -0.176476
v 0.186325 -0.177641 -0.202766
v 0.178872 -0.167308 -0.194832
v 0.211593 -0.132420 -0.144504
v 0.205248 -0.587820 -0.083283
v -0.310769 -0.527716 -0.193792
v 0.123840 -0.339002 -0.184745
v 0.047332 -0.568692 -0.019819
v 0.168599 -0.259616 -0.177841
v 0.205651 -0.173507 -0.178917
v -0.263316 -0.540042 -0.154193
v 0.254112 -0.466735 -0.160027
v 0.287702 -0.206777 -0.168450
v 0.125119 -0.224897 -0.129266
v 0.192003 -0.166801 -0.171065
v 0.187981 -0.158149 -0.182539
v -0.012789 -0.420559 0.003328
v -0.303780 -0.539799 -0.167729
v 0.156668 -0.238437 -0.179013
v 0.202054 -0.149082 -0.164934
v 0.254439 -0.163247 -0.164479
v 0.224930 -0.166435 -0.193662
v 0.268148 -0.170166 -0.158818
v 0.348739 -0.125575 -0.167153
v -0.438326 -0.511256 -0.148310
v -0.306937 -0.467229 -0.157165
v -0.306001 -0.482659 -0.163033
v -0.286016 -0.475119 -0.159446
v -0.284572 -0.462988 -0.150641
v 0.518825 -0.272007 -0.083855
v 0.019138 -0.352913 -0.170512
v 0.120939 -0.278782 -0.133995
v 0.276915 -0.206348 -0.165270
v 0.213404 -0.198585 -0.124250
v -0.478874 -0.547794 -0.138467
v 0.265286 -0.481013 -0.164542
v -0.422582 -0.509190 -0.137050
v 0.303696 -0.224991 -0.142925
v 0.543709 -0.204771 -0.080215
v 0.290819 -0.147600 -0.167964
v 0.302695 -0.189254 -0.140944
v 0.303002 -0.152411 -0.166872
v -0.291061 -0.502421 -0.148348
v -0.272748 -0.490425 -0.132131
v 0.337982 -0.170158 -0.004166
v 0.333239 -0.139308 -0.140437
v -0.227696 -0.552487 -0.118869
v -0.376487 -0.517285 -0.029846
v 0.094224 -0.333191 -0.106005
v 0.281681 -0.163308 -0.113011
v 0.270944 -0.145763 -0.144171
v 0.262314 -0.185013 -0.146067
v 0.450101 -0.302668 -0.021003
v 0.235521 -0.161140 -0.128818
v 0.230527 -0.151608 -0.140859
v 0.266519 -0.146478 -0.107933
v 0.138380 -0.279251 -0.113694
v 0.072642 -0.317278 -0.118812
v 0.269382 -0.198323 -0.138804
v -0.492027 -0.586367 -0.042176
v 0.063635 -0.333217 -0.002768
v 0.125177 -0.330276 -0.086683
v 0.153154 -0.325853 -0.071429
v 0.096624 -0.308589 -0.135445
v 0.272496 -0.185736 -0.119567
v 0.505374 -0.046278 -0.088102
v -0.251001 -0.503690 -0.103581
v 0.247398 -0.252434 -0.092667
v 0.161646 -0.346951 -0.096771
v -0.017283 -0.494339 -0.036287
v 0.185684 -0.364421 -0.075199
v 0.241437 -0.457473 -0.039249
v 0.230660 -0.261933 -0.064018
v 0.121611 -0.276287 -0.098001
v 0.291704 -0.155869 -0.102425
v 0.086493 -0.320035 -0.104807
v 0.140879 -0.297853 -0.076898
v 0.130592 -0.295118 -0.094342
v 0.175583 -0.309019 -0.090270
v 0.158238 -0.228402 -0.088366
v 0.120993 -0.267898 -0.093939
v 0.312603 -0.190777 -0.109270
v -0.245440 -0.556654 -0.078933
v 0.187754 -0.337978 -0.100880
v -0.497300 -0.554396 0.004088
v -0.212153 -0.511768 -0.092681
v -0.331149 -0.495358 0.004688
v 0.196315 -0.355364 -0.082629
v 0.108244 -0.304320 -0.095892
v 0.221954 -0.300152 -0.068209
v -0.219147 -0.542621 -0.068635
v 0.118174 -0.324586 -0.091006
v 0.227683 -0.542996 -0.003038
v -0.374269 -0.560148 0.026728
v 0.189909 -0.304460 -0.071934
v 0.098506 -0.310006 -0.085065
v 0.354400 -0.072273 -0.019133
v 0.205534 -0.247752 -0.077267
v 0.486977 0.014346 -0.005882
v -0.236295 -0.508988 -0.058025
v 0.105116 -0.327986 -0.063796
v -0.322464 -0.569556 0.052867
v 0.196978 -0.351094 -0.064069
v 0.122769 -0.271337 -0.061720
v 0.149292 -0.288785 -0.068634
v 0.429522 -0.005349 -0.041065
v 0.193542 -0.281178 -0.065522
v 0.162157 -0.297371 -0.053176
v 0.211463 -0.327883 -0.057147
v 0.202725 -0.290167 -0.052447
v 0.422327 -0.253860 0.034059
v 0.551756 -0.150276 -0.032003
v -0.518820 -0.560186 0.044158
v 0.536651 -0.229958 -0.036711
v 0.568381 -0.114581 -0.018011
v 0.381068 -0.033615 -0.018225
v 0.358370 -0.240233 0.015432
v 0.555937 -0.040766 0.001661
v 0.064032 -0.328626 0.107993
v 0.560808 -0.165731 -0.026249
v -0.479797 -0.598710 0.038541
v -0.382139 -0.602476 0.287434
v 0.007778 -0.488155 0.013027
v 0.156014 -0.341801 0.048519
v 0.227386 -0.507178 0.109379
v 0.553039 -0.164444 -0.007786
v -0.000182 -0.490282 0.067760
v 0.418371 0.004961 0.040793
v 0.552214 -0.017758 0.044447
v 0.013335 -0.363679 0.025327
v 0.478238 -0.243368 0.025859
v -0.490012 -0.597465 0.058175
v 0.338359 -0.181864 0.024500
v 0.391291 -0.017820 0.064488
v -0.389062 -0.529085 0.018309
v 0.373197 -0.063312 0.070243
v -0.432350 -0.570195 0.086626
v -0.466766 -0.596861 0.068375
v 0.028502 -0.530349 0.056133
v 0.562637 -0.167540 0.040256
v 0.207789 -0.540623 0.108413
v 0.526944 -0.221331 0.032770
v 0.351931 -0.159805 0.030862
v 0.571867 -0.090424 0.043600
v 0.526177 -0.243581 0.027615
v 0.586388 -0.163723 0.032866
v 0.377933 -0.207733 0.035687
v 0.468064 0.020111 0.063959
v -0.007344 -0.444679 0.108226
v 0.510309 -0.275123 0.043708
v 0.358675 -0.191428 0.039371
v -0.512537 -0.554747 0.062747
v 0.598234 -0.172852 0.046045
v 0.436906 -0.279150 0.043363
v 0.402731 -0.266425 0.050615
v 0.536873 -0.236732 0.042912
v 0.557823 -0.246745 0.060454
v 0.373041 -0.216462 0.054154
v 0.598312 -0.103698 0.049800
v 0.517503 0.005064 0.075386
v 0.599407 -0.156432 0.072685
v -0.487219 -0.613934 0.110478
v -0.516321 -0.568043 0.068358
v 0.225988 -0.398823 0.131209
v 0.436674 -0.282381 0.059012
v 0.506342 -0.278089 0.066579
v 0.352322 -0.204981 0.066836
v 0.573794 -0.224053 0.070944
v -0.344810 -0.500174 0.079921
v 0.132939 -0.340301 0.147897
v 0.365876 -0.056313 0.077908
v 0.584804 -0.154610 0.091384
v 0.025088 -0.526407 0.143764
v 0.502477 -0.263297 0.085466
v 0.390372 -0.253883 0.070625
v 0.571119 -0.201703 0.071085
v 0.437588 0.006922 0.083178
v 0.338578 -0.158037 0.078504
v -0.480704 -0.597580 0.142553
v 0.582394 -0.092171 0.118974
v 0.438374 -0.261677 0.084364
v 0.395937 -0.048752 0.112250
v 0.405506 -0.238964 0.101057
v 0.539915 -0.242399 0.096111
v 0.413763 -0.027322 0.118209
v -0.527061 -0.571695 0.129769
v 0.349942 -0.192246 0.088088
v 0.338838 -0.135182 0.110980
v -0.481875 -0.602761 0.145011
v -0.510607 -0.580578 0.103124
v -0.491804 -0.557731 0.192632
v 0.354166 -0.173959 0.099557
v 0.584362 -0.196845 0.104894
v -0.511983 -0.570018 0.135204
v 0.560575 -0.208844 0.121761
v 0.471866 -0.004590 0.113983
v 0.012023 -0.423061 0.145880
v -0.002388 -0.412066 0.142065
v 0.234011 -0.386594 0.231212
v 0.479295 -0.313977 0.134659
v 0.426193 -0.298678 0.134283
v 0.359141 -0.219514 0.116048
v -0.492825 -0.620921 0.220071
v 0.070901 -0.550191 0.215655
v 0.022013 -0.367012 0.121496
v 0.354338 -0.204210 0.131554
v 0.569524 -0.169194 0.144300
v 0.518014 -0.085049 0.189036
v 0.382343 -0.224399 0.144157
v -0.494241 -0.602120 0.149317
v 0.074874 -0.343374 0.143874
v -0.407511 -0.544495 0.293846
v 0.574561 -0.193735 0.149040
v 0.367356 -0.158957 0.140269
v 0.370832 -0.099702 0.152027
v 0.246812 -0.440653 0.168064
v 0.240590 -0.495470 0.140830
v 0.529351 -0.299329 0.157667
v 0.380939 -0.252594 0.165190
v 0.378948 -0.204642 0.149425
v 0.025639 -0.429104 0.183748
v 0.569053 -0.252397 0.196329
v 0.571277 -0.159532 0.163999
v 0.570084 -0.163279 0.210837
v 0.023014 -0.359164 0.179286
v 0.233623 -0.490497 0.159406
v -0.507716 -0.565434 0.238300
v 0.391023 -0.170955 0.172670
v 0.416794 -0.060320 0.141061
v 0.404738 -0.144881 0.165945
v 0.476612 -0.108017 0.206390
v -0.513859 -0.587277 0.227213
v 0.078489 -0.340152 0.251327
v 0.417031 -0.131506 0.178540
v 0.214059 -0.525948 0.205550
v 0.433473 -0.362217 0.232822
v 0.490188 -0.361205 0.228379
v 0.017534 -0.432943 0.202370
v 0.252941 -0.425607 0.222903
v 0.161555 -0.554717 0.228546
v 0.239746 -0.491133 0.237663
v 0.380708 -0.319741 0.264100
v 0.535230 -0.116729 0.198580
v 0.565917 -0.288335 0.272189
v 0.375101 -0.243007 0.270956
v -0.395683 -0.621236 0.270896
v 0.039188 -0.355335 0.242130
v 0.001240 -0.421664 0.221506
v 0.414759 -0.192208 0.286020
v 0.457426 -0.143049 0.257313
v 0.185086 -0.561435 0.266071
v -0.009197 -0.448978 0.294370
v 0.537445 -0.148579 0.257623
v 0.495685 -0.123727 0.245204
v -0.414099 -0.549785 0.300341
v 0.020597 -0.517948 0.275191
v 0.571438 -0.241791 0.278467
v 0.083656 -0.529451 0.287616
v 0.211922 -0.534028 0.257773
v 0.240843 -0.440422 0.249421
v 0.501689 -0.387959 0.331879
v -0.399626 -0.556752 0.303819
v 0.444964 -0.395171 0.324315
v 0.229004 -0.491055 0.254753
v 0.471337 -0.382632 0.273159
v 0.104133 -0.552906 0.292841
v 0.200022 -0.363613 0.251700
v 0.048775 -0.365543 0.299356
v 0.215618 -0.575309 0.336363
v 0.218909 -0.429652 0.279681
v 0.197121 -0.407939 0.294862
v 0.085943 -0.355011 0.300638
v 0.238202 -0.480878 0.269987
v 0.261874 -0.496548 0.371538
v 0.033687 -0.395140 0.295953
v 0.189640 -0.399770 0.272907
v 0.395885 -0.370013 0.367642
v 0.472499 -0.172924 0.302102
v 0.172034 -0.386997 0.280566
v 0.536181 -0.347585 0.335712
v 0.162230 -0.587824 0.359671
v 0.001038 -0.486640 0.292759
v 0.044106 -0.509816 0.326427
v -0.002542 -0.430245 0.301526
v 0.249049 -0.450488 0.386945
v 0.203409 -0.404975 0.331069
v 0.102162 -0.395440 0.314651
v 0.004417 -0.433406 0.317716
v 0.028120 -0.383257 0.314279
v 0.017327 -0.464279 0.333223
v 0.073905 -0.403062 0.312112
v 0.062112 -0.414400 0.332181
v 0.416070 -0.287565 0.420627
v 0.100419 -0.564558 0.375421
v 0.517896 -0.244389 0.380564
v 0.540274 -0.258753 0.366187
v 0.449017 -0.225024 0.361030
v 0.042347 -0.429549 0.333074
v 0.031631 -0.452559 0.337835
v 0.539537 -0.317445 0.390274
v 0.487875 -0.409408 0.391805
v 0.512946 -0.390243 0.387130
v 0.043458 -0.438376 0.373816
v 0.115040 -0.410380 0.429300
v 0.042016 -0.475963 0.397397
v 0.207907 -0.414338 0.465768
v 0.456129 -0.413510 0.383819
v 0.086860 -0.545615 0.478181
v 0.257633 -0.569445 0.435045
v 0.406745 -0.334890 0.457253
v 0.508688 -0.315387 0.468492
v 0.523118 -0.364548 0.457351
v 0.115554 -0.575078 0.445323
v 0.274576 -0.512171 0.442981
v 0.399471 -0.422831 0.466697
v 0.127460 -0.431431 0.517238
v 0.264281 -0.478135 0.573301
v 0.475492 -0.276913 0.440112
v 0.485258 -0.445739 0.479598
v 0.220734 -0.591371 0.494646
v 0.429280 -0.453420 0.461379
v 0.504848 -0.418924 0.493620
v 0.395558 -0.412532 0.496915
v 0.456328 -0.312060 0.492909
v 0.095714 -0.462496 0.528370
v 0.420272 -0.478103 0.488088
v 0.391749 -0.443082 0.490603
v 0.082385 -0.523057 0.513206
v 0.508539 -0.392851 0.513422
v 0.163078 -0.578773 0.557705
v 0.484830 -0.461991 0.511619
v 0.271838 -0.508559 0.594020
v 0.405581 -0.475871 0.496292
v 0.215773 -0.440030 0.596767
v 0.470966 -0.332021 0.527839
v 0.504094 -0.427473 0.525931
v 0.429570 -0.341006 0.548546
v 0.404727 -0.572622 0.524559
v 0.484533 -0.458151 0.529922
v 0.408541 -0.354675 0.532461
v 0.263393 -0.553868 0.561409
v 0.392082 -0.448529 0.527034
v 0.419076 -0.574125 0.500215
v 0.426737 -0.587440 0.544733
v 0.415274 -0.584928 0.497466
v 0.132088 -0.557968 0.568366
v 0.446241 -0.566297 0.536111
v 0.384154 -0.434358 0.547887
v 0.477653 -0.346901 0.549099
v 0.402402 -0.592322 0.535914
v 0.163655 -0.440289 0.608333
v 0.369007 -0.548014 0.551488
v 0.397813 -0.581565 0.540214
v 0.379759 -0.589499 0.555413
v 0.485592 -0.538043 0.619921
v 0.109691 -0.518723 0.584528
v 0.500138 -0.401092 0.572609
v 0.391755 -0.406557 0.561569
v 0.481527 -0.561382 0.623300
v 0.364173 -0.536438 0.585493
v 0.248662 -0.565111 0.604420
v 0.455803 -0.364986 0.587825
v 0.486937 -0.379131 0.580317
v 0.491886 -0.420869 0.584769
v 0.187360 -0.570717 0.661410
v 0.505530 -0.445198 0.630376
v 0.145568 -0.540836 0.632641
v 0.242430 -0.463939 0.648903
v 0.132406 -0.455211 0.596599
v 0.448289 -0.383227 0.616016
v 0.379359 -0.554399 0.649814
v 0.477569 -0.391555 0.609070
v 0.146340 -0.496885 0.696522
v 0.160315 -0.470945 0.700597
v 0.464115 -0.389826 0.701189
v 0.201097 -0.452561 0.660560
v 0.379727 -0.527033 0.644617
v 0.434441 -0.400638 0.716926
v 0.239406 -0.569792 0.645880
v 0.270132 -0.490499 0.714837
v 0.514523 -0.364056 0.816951
v 0.407739 -0.445076 0.716340
v 0.209691 -0.572760 0.716086
v 0.164099 -0.542345 0.711461
v 0.240272 -0.570881 0.709366
v 0.274796 -0.552553 0.706848
v 0.228275 -0.452810 0.759863
v 0.411004 -0.466243 0.786754
v 0.286097 -0.517049 0.710497
v 0.201906 -0.451168 0.736391
v 0.260942 -0.570691 0.761583
v 0.303077 -0.536211 0.750897
v 0.285540 -0.500936 0.741322
v 0.188299 -0.557086 0.756515
v 0.166346 -0.499908 0.755576
v 0.549709 -0.473243 0.770776
v 0.176597 -0.477101 0.787297
v 0.333521 -0.514344 0.811545
v 0.473329 -0.366005 0.828080
v 0.173124 -0.530303 0.784324
v 0.549268 -0.394344 0.812560
v 0.316069 -0.588743 0.803676
v 0.337155 -0.558969 0.793570
v 0.438464 -0.391190 0.807756
v 0.194103 -0.552991 0.824051
v 0.217289 -0.455242 0.804696
v 0.170661 -0.515312 0.803683
v 0.176481 -0.485482 0.832759
v 0.294893 -0.591597 0.826243
v 0.255361 -0.581001 0.847554
v 0.552854 -0.419379 0.838130
v 0.532352 -0.372235 0.839342
v 0.274806 -0.542540 0.852553
v 0.256171 -0.450918 0.882626
v 0.292352 -0.493522 0.844545
v 0.480855 -0.391211 0.875014
v 0.163407 -0.504259 0.885019
v 0.223037 -0.439067 0.909058
v 0.533211 -0.392608 0.866858
v 0.294846 -0.496653 0.858334
v 0.266092 -0.574000 0.861624
v 0.154648 -0.458754 0.935717
v 0.178126 -0.547097 0.929099
v 0.153173 -0.514421 0.945746
v 0.177401 -0.447841 0.937297
v 0.154172 -0.480952 0.954517
vn 0.3901 -0.7706 -0.5040
vn -0.6437 -0.0793 -0.7612
vn 0.4344 0.3084 -0.8463
vn -0.2907 0.8954 -0.3373
vn -0.8291 0.4126 -0.3773
vn 0.4467 0.8727 0.1972
vn 0.8558 -0.1856 0.4829
vn -0.4776 -0.7807 -0.4031
vn 0.7130 -0.6987 0.0587
vn 0.8331 0.1334 0.5367
vn -0.6097 0.0848 -0.7881
vn 0.4750 0.8234 0.3105
vn 0.7937 -0.5722 -0.2064
vn -0.1601 -0.1805 -0.9704
vn -0.1233 0.1594 -0.9795
vn -0.0082 -0.1032 -0.9946
vn -0.0016 0.3236 -0.9462
vn 0.2381 0.1438 -0.9605
vn 0.9365 0.3505 0.0108
vn 0.2214 -0.2010 -0.9542
vn 0.6100 0.7529 -0.2473
vn 0.1604 -0.4863 -0.8589
vn 0.1041 -0.4422 -0.8908
vn 0.4803 -0.1026 -0.8711
vn 0.1437 -0.5120 -0.8469
vn -0.2132 0.0162 -0.9769
vn 0.4971 -0.3294 -0.8028
vn -0.3686 -0.8379 -0.4027
vn -0.4823 0.7706 -0.4166
vn -0.0385 0.1902 -0.9810
vn 0.2287 -0.5549 -0.7998
vn -0.2775 -0.1961 -0.9405
vn -0.8578 0.4551 -0.2389
vn -0.1835 -0.4049 -0.8958
vn 0.0454 0.8103 -0.5843
vn 0.1688 0.5905 -0.7892
vn 0.3523 -0.3510 -0.8675
vn 0.1514 0.6068 -0.7803
vn -0.0535 -0.1527 -0.9868
vn 0.5237 0.1435 -0.8397
vn 0.5504 0.4808 -0.6826
vn -0.0719 -0.9973 0.0128
vn -0.3551 -0.3068 -0.8830
vn 0.0104 0.6502 -0.7597
vn -0.5936 -0.7252 -0.3489
vn -0.2400 -0.3431 -0.9081
vn -0.2467 0.3523 -0.9028
vn -0.2756 -0.8323 0.4810
vn 0.1270 0.6724 -0.7292
vn -0.5568 -0.0364 -0.8298
vn -0.0168 0.1046 -0.9944
vn 0.0404 -0.4672 -0.8832
vn 0.4961 0.0196 -0.8680
vn 0.1994 -0.3305 -0.9225
vn -0.3574 -0.5371 -0.7641
vn 0.6754 -0.3639 -0.6414
vn 0.1631 0.8956 -0.4140
vn -0.4294 0.8913 -0.1454
vn 0.7255 0.0160 -0.6880
vn -0.1427 -0.9399 0.3102
vn -0.9075 0.2649 0.3261
vn 0.7835 -0.2006 -0.5881
vn -0.1024 0.4715 -0.8759
vn 0.1630 -0.9732 -0.1620
vn 0.4396 -0.5593 -0.7028
vn 0.7569 -0.2277 -0.6126
vn -0.3461 -0.7760 0.5272
vn -0.0803 0.8762 -0.4752
vn 0.2904 -0.1451 -0.9458
vn -0.4306 0.1750 -0.8854
vn -0.3593 0.1389 -0.9228
vn 0.2566 -0.0375 -0.9658
vn 0.0770 -0.4561 -0.8866
vn 0.1492 -0.4416 -0.8847
vn -0.1924 -0.0283 -0.9809
vn 0.0812 -0.9671 -0.2412
vn -0.6861 -0.6466 0.3335
vn 0.1968 -0.8866 -0.4185
vn -0.7749 0.2514 -0.5800
vn -0.4852 0.3393 -0.8059
vn 0.2226 0.3122 -0.9236
vn 0.0311 -0.4651 -0.8847
vn -0.1042 -0.5183 -0.8488
vn -0.4086 0.2726 -0.8711
vn -0.3852 0.5101 -0.7691
vn 0.7257 0.1346 -0.6747
vn 0.2087 -0.2481 -0.9460
vn -0.3812 0.0909 -0.9200
vn -0.0903 0.0064 -0.9959
vn 0.2916 -0.0322 -0.9560
vn -0.5914 -0.7788 0.2089
vn 0.5951 -0.7652 -0.2457
vn -0.6068 0.4331 -0.6665
vn -0.0388 0.1832 -0.9823
vn -0.6194 -0.5712 -0.5386
vn 0.4869 -0.1277 -0.8641
vn -0.2072 0.1626 -0.9647
vn 0.4702 0.4373 -0.7666
vn -0.2719 0.0766 -0.9593
vn -0.4552 0.0225 -0.8901
vn -0.3479 0.5257 -0.7763
vn -0.1610 -0.9559 0.2456
vn -0.9820 -0.1813 0.0535
vn -0.7634 0.2691 -0.5872
vn 0.4283 0.0193 -0.9034
vn 0.5030 -0.4434 -0.7419
vn 0.8939 0.0931 -0.4386
vn -0.4803 0.5739 -0.6633
vn -0.1402 -0.9815 0.1305
vn -0.8725 -0.3396 -0.3512
vn -0.4006 0.5459 -0.7359
vn -0.8038 0.2458 -0.5418
vn 0.1869 -0.7828 -0.5935
vn 0.3412 -0.2864 -0.8953
vn 0.1870 0.1862 -0.9646
vn 0.0474 -0.4963 -0.8669
vn 0.7463 -0.3855 -0.5426
vn 0.7549 -0.3442 -0.5582
vn -0.6195 0.1742 -0.7654
vn -0.5008 0.2544 -0.8274
vn 0.2295 -0.4161 -0.8799
vn -0.7645 0.0757 -0.6402
vn 0.2318 0.9098 -0.3443
vn 0.3679 0.8590 -0.3560
vn 0.2988 0.4708 -0.8301
vn -0.2876 -0.9435 0.1644
vn -0.7640 0.6433 0.0499
vn 0.0291 -0.7328 -0.6798
vn -0.2635 0.9520 -0.1555
vn 0.5884 -0.7564 -0.2858
vn 0.7211 -0.0877 -0.6873
vn -0.7917 0.2194 -0.5702
vn -0.5741 0.0611 -0.8165
vn -0.5765 0.6742 -0.4616
vn -0.1701 0.7310 -0.6608
vn 0.4333 -0.8546 -0.2861
vn -0.7353 0.4345 -0.5201
vn -0.7843 0.3965 -0.4771
vn 0.1545 -0.9750 0.1595
vn -0.5042 0.8252 -0.2544
vn 0.0691 -0.5474 -0.8340
vn 0.6332 0.6312 -0.4480
vn -0.5161 0.4545 -0.7260
vn 0.8459 -0.2942 -0.4450
vn 0.2200 -0.5484 -0.8068
vn -0.9006 0.0977 -0.4236
vn -0.7183 0.2718 -0.6404
vn -0.9281 0.1159 -0.3538
vn 0.2579 0.8346 -0.4868
vn -0.3613 0.2380 -0.9016
vn 0.3108 -0.0470 -0.9493
vn 0.0993 -0.4919 -0.8650
vn 0.0401 0.5841 -0.8107
vn 0.7321 -0.6769 0.0762
vn 0.5309 0.8252 0.1927
vn 0.1520 -0.6671 -0.7293
vn 0.8017 -0.3902 -0.4528
vn -0.9676 0.1453 -0.2066
vn -0.9502 -0.2398 0.1992
vn -0.3729 -0.5637 -0.7370
vn -0.7287 0.5288 -0.4351
vn -0.0522 0.7031 -0.7092
vn -0.1390 0.4420 -0.8862
vn 0.2942 -0.6195 -0.7278
vn -0.0087 0.5898 -0.8075
vn 0.1593 -0.9864 0.0408
vn 0.2421 -0.9640 -0.1097
vn 0.8020 -0.3810 -0.4600
vn -0.5396 -0.5120 -0.6684
vn 0.9333 -0.0287 -0.3579
vn -0.1086 -0.9022 0.4175
vn -0.2450 0.9447 0.2178
vn 0.9934 0.0090 -0.1144
vn 0.3700 -0.3901 -0.8432
vn 0.4710 -0.5241 -0.7095
vn 0.9692 0.0009 -0.2463
vn -0.3829 0.0626 -0.9217
vn -0.0462 0.9815 -0.1860
vn -0.0924 -0.6824 -0.7251
vn -0.4325 -0.4116 -0.8022
vn 0.2115 -0.1673 -0.9630
vn 0.3752 -0.2691 -0.8870
vn -0.0507 -0.9987 0.0067
vn -0.1665 -0.3068 -0.9371
vn -0.1626 -0.5032 -0.8488
vn 0.2600 -0.1211 -0.9580
vn 0.9137 -0.2327 -0.3332
vn -0.8759 0.2133 -0.4327
vn -0.0220 0.6035 -0.7970
vn -0.2807 -0.8854 0.3705
vn 0.1526 -0.4131 -0.8978
vn -0.1822 -0.4750 -0.8609
vn 0.5742 -0.3696 -0.7306
vn 0.1809 0.9752 -0.1274
vn 0.3337 0.9322 -0.1402
vn -0.1833 -0.4013 -0.8974
vn -0.2382 0.6959 -0.6775
vn 0.4321 0.5213 -0.7359
vn 0.1508 -0.9885 0.0116
vn 0.9215 0.3720 -0.1113
vn 0.6343 -0.1828 -0.7511
vn 0.7246 -0.2531 -0.6410
vn -0.4766 -0.8736 0.0989
vn -0.7852 0.5799 0.2173
vn 0.3769 -0.9139 0.1512
vn -0.9477 0.2688 0.1721
vn 0.5944 0.7436 0.3062
vn 0.8334 -0.5090 -0.2155
vn -0.6612 0.7390 -0.1291
vn 0.2928 0.9493 0.1145
vn -0.7976 0.0616 -0.6000
vn 0.5907 0.0622 -0.8045
vn -0.8043 0.5765 0.1443
vn -0.8526 0.4878 -0.1876
vn 0.9912 -0.1108 0.0729
vn -0.9316 0.2263 -0.2846
vn -0.7811 -0.1862 -0.5960
vn 0.2758 0.4882 -0.8280
vn -0.3645 -0.7246 -0.5849
vn -0.7078 0.5577 -0.4336
vn -0.9632 0.2624 -0.0585
vn -0.9639 0.1877 0.1888
vn -0.9466 0.3177 -0.0545
vn -0.3590 -0.5562 -0.7495
vn -0.9373 0.3449 0.0499
vn 0.7819 0.6235 -0.0036
vn -0.0492 0.9651 0.2572
vn -0.4494 -0.4333 -0.7812
vn -0.9516 0.3073 0.0066
vn 0.1277 -0.9860 -0.1072
vn 0.7575 -0.4911 -0.4302
vn -0.7616 0.6360 -0.1244
vn 0.1274 0.9909 0.0438
vn -0.6357 -0.6491 -0.4178
vn -0.0781 -0.9861 0.1465
vn 0.8583 -0.2814 0.4291
vn -0.9514 0.2605 -0.1644
vn -0.0028 0.9978 -0.0664
vn 0.8174 0.0244 -0.5755
vn 0.0765 0.8696 -0.4878
vn -0.3368 -0.0141 0.9415
vn 0.1298 -0.9095 -0.3949
vn 0.0608 0.9886 0.1375
vn 0.1970 0.9777 -0.0724
vn 0.5985 0.6424 -0.4787
vn -0.6211 0.6567 0.4277
vn 0.5773 0.1696 -0.7987
vn -0.1200 0.9868 0.1090
vn 0.7444 0.3116 -0.5905
vn 0.8122 0.1842 -0.5535
vn 0.2298 -0.4229 -0.8766
vn -0.6791 0.5528 -0.4830
vn 0.3641 0.7976 -0.4809
vn 0.6149 0.6882 -0.3851
vn 0.2345 -0.1294 -0.9635
vn -0.9686 0.1090 0.2234
vn -0.7087 0.6981 0.1021
vn 0.5950 0.8024 0.0469
vn 0.1131 0.9882 0.1033
vn -0.6270 -0.5999 -0.4970
vn 0.8948 -0.1993 -0.3995
vn 0.4232 -0.8196 0.3862
vn 0.1231 -0.6655 0.7362
vn -0.8761 -0.4174 -0.2411
vn 0.9171 0.3768 -0.1303
vn -0.9957 -0.0655 0.0648
vn 0.0463 0.1137 -0.9924
vn -0.8179 0.0500 0.5732
vn -0.0957 -0.6867 -0.7207
vn 0.6686 0.0138 -0.7435
vn 0.3424 0.0950 -0.9347
vn -0.6394 -0.5387 -0.5486
vn -0.4782 0.8575 0.1898
vn 0.2495 0.9645 -0.0866
vn 0.3724 -0.9038 0.2109
vn -0.9709 0.1490 0.1876
vn 0.1727 0.9324 0.3174
vn 0.4558 0.8885 0.0535
vn 0.9810 0.0339 -0.1910
vn 0.1922 -0.9070 0.3747
vn 0.2322 -0.8950 0.3809
vn -0.2516 -0.7636 -0.5947
vn -0.8226 -0.0220 -0.5681
vn -0.4605 -0.4295 -0.7768
vn -0.1591 -0.4223 -0.8924
vn -0.4708 -0.3346 -0.8163
vn 0.4810 -0.2383 -0.8437
vn 0.6672 -0.6844 -0.2939
vn -0.9592 0.2325 0.1609
vn 0.5206 -0.3629 0.7728
vn -0.3147 0.7397 0.5949
vn 0.9113 -0.2726 -0.3085
vn 0.2777 -0.2647 -0.9235
vn -0.7931 0.1124 0.5986
vn 0.7495 -0.1348 -0.6481
vn -0.6310 -0.7225 -0.2826
vn 0.0275 -0.9036 0.4276
vn 0.3394 0.7270 -0.5968
vn 0.2555 -0.1007 -0.9616
vn -0.2848 -0.3581 -0.8892
vn -0.6993 -0.2089 -0.6837
vn -0.8699 0.0120 0.4931
vn 0.9703 0.1458 -0.1932
vn 0.5318 0.7766 -0.3378
vn -0.7604 0.3798 0.5269
vn 0.4141 0.7094 -0.5703
vn 0.9272 -0.1624 -0.3374
vn -0.0052 0.9817 0.1902
vn -0.3736 0.8937 -0.2484
vn -0.4337 -0.4436 -0.7843
vn 0.0871 -0.1935 -0.9772
vn -0.6476 -0.5674 -0.5086
vn -0.1301 0.8275 0.5462
vn -0.8731 0.0487 0.4851
vn -0.3169 -0.7312 -0.6040
vn 0.1124 -0.6778 -0.7266
vn 0.5280 -0.3852 0.7569
vn -0.2725 0.9343 0.2298
vn -0.9817 -0.1905 -0.0049
vn -0.2724 -0.9300 0.2467
vn -0.3509 0.4606 0.8153
vn -0.3588 -0.3019 -0.8832
vn -0.3701 -0.2052 -0.9060
vn -0.0993 -0.1000 -0.9900
vn -0.0707 -0.5242 -0.8486
vn -0.1501 0.5000 0.8529
vn 0.9982 -0.0324 0.0510
vn 0.6638 -0.3814 -0.6434
vn -0.7953 0.0860 0.6000
vn -0.8840 0.0324 0.4663
vn -0.5388 0.7953 0.2778
vn 0.9784 0.1965 0.0649
vn 0.5654 -0.1426 -0.8124
vn 0.3004 -0.2741 -0.9136
vn 0.6204 -0.2140 -0.7545
vn -0.7717 0.0308 0.6352
vn 0.7632 0.4486 0.4651
vn -0.9673 0.1428 -0.2098
vn -0.3736 -0.1110 0.9209
vn -0.2621 -0.0683 0.9626
vn -0.9376 0.3475 0.0089
vn 0.6612 -0.5271 -0.5338
vn 0.9026 0.4274 0.0510
vn -0.8603 0.4828 0.1637
vn 0.2008 0.8514 0.4845
vn -0.5962 -0.0742 0.7994
vn 0.4310 -0.1361 -0.8920
vn 0.6979 0.5764 0.4251
vn 0.3429 0.7620 0.5494
vn 0.9535 0.2563 -0.1587
vn 0.9835 0.1808 -0.0107
vn 0.0884 -0.8363 -0.5411
vn -0.6168 0.0204 0.7868
vn 0.5309 0.7007 0.4767
vn -0.6041 -0.3371 -0.7221
vn -0.6059 -0.7896 -0.0967
vn -0.7473 0.6625 -0.0511
vn -0.1885 -0.6988 0.6900
vn 0.2996 -0.7618 -0.5744
vn -0.1840 -0.7981 -0.5737
vn -0.6830 -0.1867 -0.7062
vn -0.4455 -0.0828 0.8914
vn -0.0860 -0.0526 -0.9949
vn 0.3460 -0.5891 -0.7303
vn -0.4716 0.8061 0.3575
vn 0.7765 -0.4671 -0.4230
vn 0.6299 0.5032 0.5916
vn 0.1233 0.7621 0.6356
vn -0.4457 -0.7157 -0.5377
vn 0.0979 0.9298 0.3547
vn 0.1863 0.9760 -0.1127
vn 0.5282 -0.6123 -0.5882
vn -0.8635 0.1808 0.4708
vn -0.8269 0.3793 0.4152
vn -0.3360 0.7947 0.5055
vn -0.5396 -0.1211 0.8332
vn 0.1525 -0.5887 0.7938
vn 0.1272 -0.1940 0.9727
vn -0.1066 0.1400 0.9844
vn 0.0095 -0.0879 0.9961
vn -0.7847 -0.2307 -0.5754
vn -0.8627 -0.1977 -0.4655
vn 0.8866 -0.3199 -0.3340
vn 0.4809 -0.0602 0.8747
vn -0.7999 -0.5039 -0.3259
vn -0.6116 -0.4216 -0.6694
vn 0.8178 -0.2040 -0.5382
vn 0.9228 0.0995 -0.3722
vn 0.7370 0.6749 0.0375
vn -0.1872 0.9797 -0.0720
vn -0.0025 -0.8248 0.5655
vn 0.0172 0.9890 -0.1471
vn 0.4615 0.5398 0.7040
vn -0.4944 -0.8542 -0.1610
vn -0.4172 0.9088 0.0108
vn -0.9285 -0.3686 -0.0444
vn 0.8894 -0.0503 -0.4543
vn 0.6708 -0.6321 -0.3878
vn -0.4732 -0.8690 -0.1443
vn 0.3070 -0.9486 0.0766
vn 0.5598 -0.6539 -0.5090
vn -0.5522 -0.5305 -0.6432
vn 0.5122 0.8554 0.0772
vn -0.1649 0.7700 0.6164
vn 0.6717 0.5552 0.4904
vn -0.4979 -0.6715 0.5488
vn 0.0691 -0.8568 0.5110
vn 0.0424 -0.9871 0.1546
vn -0.4450 -0.0335 0.8949
vn -0.8932 -0.4022 0.2008
vn -0.4654 0.6953 0.5476
vn -0.6167 0.5285 0.5834
vn 0.2583 0.4616 0.8487
vn -0.9139 -0.4057 0.0133
vn 0.2596 -0.9187 0.2975
vn -0.8159 -0.4235 -0.3935
vn -0.8850 -0.0231 -0.4650
vn 0.9766 0.0042 -0.2151
vn 0.0360 -0.1942 0.9803
vn -0.4076 0.0742 0.9101
vn -0.3181 -0.0458 0.9469
vn -0.8709 -0.4597 0.1737
vn 0.3123 -0.8262 0.4689
vn 0.1382 -0.9620 0.2355
vn -0.5939 0.6778 -0.4334
vn 0.5623 -0.6350 -0.5298
vn 0.2442 -0.2206 0.9443
vn -0.6080 -0.6762 0.4160
vn -0.7089 -0.6821 0.1796
vn -0.7473 -0.6599 0.0779
vn -0.1600 -0.9859 0.0486
vn -0.7064 0.0376 -0.7068
vn 0.9331 -0.2753 -0.2313
vn 0.1657 0.9842 0.0620
vn 0.1847 -0.3192 0.9295
vn -0.0052 -0.0629 0.9980
vn -0.4043 0.0192 0.9144
vn -0.2298 -0.2865 0.9301
vn 0.7389 -0.3196 -0.5932
vn 0.5030 0.3967 0.7678
vn 0.9707 -0.1188 0.2088
vn 0.8057 0.5794 -0.1228
vn -0.1526 -0.9873 -0.0437
vn 0.2043 -0.9336 -0.2944
vn 0.7495 -0.5933 -0.2936
vn 0.1187 0.9526 0.2801
vn 0.0127 0.0054 0.9999
vn -0.5744 -0.3132 0.7562
vn 0.7754 0.5529 0.3050
vn 0.9328 -0.0448 0.3577
vn 0.2997 -0.9191 0.2557
vn -0.0135 -0.8925 -0.4509
vn -0.3818 0.9124 0.1477
vn -0.4137 -0.2906 0.8628
vn -0.6395 -0.7630 -0.0944
vn 0.8274 -0.4897 -0.2749
vn 0.7418 -0.4616 -0.4864
vn 0.2466 0.9586 0.1426
vn 0.3945 -0.6639 -0.6353
vn -0.6993 -0.2091 -0.6836
vn 0.9740 0.2146 -0.0720
vn -0.5327 0.3198 0.7835
vn 0.5546 0.6294 0.5443
vn 0.5957 0.4212 0.6839
vn -0.8364 -0.3668 0.4072
vn 0.8491 0.1124 -0.5162
vn 0.7871 -0.0167 -0.6166
vn 0.0564 -0.5273 0.8478
vn 0.2032 0.4936 0.8456
vn -0.2485 0.9153 0.3169
vn -0.9694 -0.0316 -0.2435
vn 0.8134 0.4005 -0.4219
vn -0.4036 -0.5923 0.6974
vn -0.5008 -0.0627 0.8633
vn -0.6308 0.0241 0.7756
vn 0.7432 0.5943 0.3074
vn 0.0922 -0.9847 0.1477
vn 0.4492 -0.8913 -0.0619
vn -0.8328 -0.3319 0.4431
vn 0.7227 0.2934 0.6259
vn 0.8850 0.0421 0.4637
vn 0.9240 -0.1113 0.3660
vn 0.5294 0.2975 -0.7945
vn 0.8457 -0.4618 -0.2675
vn 0.6811 -0.4829 -0.5504
vn 0.2165 0.7286 0.6498
vn -0.6030 0.4194 0.6785
vn 0.1789 0.4487 0.8756
vn -0.2640 -0.9273 0.2655
vn 0.6711 0.2182 0.7085
vn -0.9211 0.0940 0.3777
vn 0.1146 0.8082 0.5776
vn 0.3935 -0.7996 -0.4536
vn 0.7714 0.5110 0.3792
vn 0.1430 0.4591 0.8768
vn 0.3292 0.1097 0.9379
vn 0.2654 -0.9641 0.0050
vn 0.7791 -0.0701 0.6230
vn 0.3638 -0.9118 0.1906
vn 0.0764 -0.8843 -0.4607
vn 0.8470 -0.2769 -0.4538
vn -0.0137 0.6733 0.7392
vn 0.1438 0.5384 0.8303
vn 0.5842 0.2458 0.7735
vn 0.6129 0.2271 0.7569
vn 0.4042 -0.9126 -0.0619
vn 0.6669 0.4954 -0.5566
vn 0.0374 -0.4391 0.8976
vn 0.9804 0.0909 -0.1747
vn 0.2888 0.5736 0.7665
vn -0.6759 -0.4752 0.5633
vn 0.3525 0.5092 0.7852
vn 0.7457 -0.0412 0.6650
vn 0.8125 0.3478 0.4679
vn -0.0304 -0.9032 -0.4282
vn 0.7083 0.4338 -0.5568
vn 0.9637 0.2631 -0.0441
vn 0.9042 -0.1223 0.4093
vn -0.0645 -0.3746 0.9249
vn -0.4207 0.6182 0.6640
vn -0.9769 -0.1964 0.0841
vn -0.6107 0.7774 0.1502
vn -0.3784 -0.4750 0.7945
vn -0.4841 0.0878 0.8706
vn 0.8470 0.2607 0.4634
vn -0.9079 0.1847 -0.3763
vn 0.1825 0.4317 0.8834
vn -0.1446 0.4780 0.8664
vn -0.3993 0.4812 0.7804
vn 0.9391 0.1953 0.2826
vn -0.9386 -0.2924 0.1834
vn 0.9103 -0.3464 -0.2265
vn 0.4018 -0.0136 0.9156
vn 0.9434 -0.0737 0.3234
vn 0.5152 0.8568 -0.0205
vn -0.2788 0.9458 -0.1664
vn 0.7526 0.4943 -0.4351
vn 0.9728 0.0338 0.2290
vn 0.5969 0.5663 0.5683
vn 0.0518 -0.9874 0.1495
vn 0.4858 -0.8488 0.2089
vn -0.3834 0.9133 0.1373
vn -0.8653 -0.1536 -0.4772
vn 0.2267 -0.9674 0.1126
vn 0.6243 -0.6274 -0.4654
vn 0.2463 -0.7652 -0.5948
vn -0.0263 0.3657 0.9304
vn -0.4594 0.4505 0.7655
vn -0.6885 -0.1770 0.7033
vn -0.8822 0.3939 0.2581
vn -0.5688 0.7226 0.3929
vn -0.6422 -0.1864 0.7435
vn 0.1888 0.4854 0.8537
vn -0.8338 0.0939 0.5440
vn 0.2014 -0.5477 0.8121
vn 0.0789 0.1011 0.9917
vn -0.7869 -0.5424 0.2944
vn 0.7727 -0.5880 -0.2390
vn -0.8583 -0.3634 0.3624
vn -0.3066 0.4847 0.8192
vn -0.5568 0.0323 0.8300
vn -0.1674 -0.9818 0.0893
vn -0.9284 0.3073 0.2088
vn -0.9642 -0.1148 0.2389
vn 0.7521 -0.4721 0.4599
vn 0.9505 -0.1334 0.2807
vn 0.6617 -0.7241 0.1947
vn -0.9584 -0.2028 -0.2007
vn 0.9221 0.0033 -0.3869
vn 0.6254 0.5433 -0.5601
vn 0.5360 0.7816 -0.3190
vn -0.3569 0.8996 0.2515
vn -0.1917 -0.0458 -0.9804
vn 0.8404 0.4935 0.2241
vn -0.1560 0.6565 0.7380
vn 0.0951 0.5187 0.8496
vn 0.1733 -0.2563 0.9509
vn -0.4605 -0.8761 0.1427
vn 0.1368 0.9771 0.1627
vn -0.2981 -0.7930 -0.5313
vn -0.9856 -0.0068 -0.1690
vn -0.1737 -0.4154 0.8929
vn -0.2811 -0.4073 0.8690
vn 0.3292 0.1099 0.9378
vn -0.0276 -0.9444 -0.3278
vn 0.8137 0.5179 -0.2638
vn -0.4073 -0.5146 -0.7545
vn 0.5494 0.1648 0.8191
vn 0.3700 0.6652 0.6485
vn 0.2262 0.5706 0.7895
vn -0.2135 0.5449 0.8109
vn 0.3872 0.3918 0.8346
vn 0.7463 -0.1747 0.6422
vn -0.4330 0.0342 0.9007
vn 0.3217 -0.7211 0.6136
vn 0.6024 0.2945 0.7419
vn 0.9823 0.0888 -0.1650
vn -0.2266 0.5748 0.7863
vn 0.1340 0.7003 0.7012
vn -0.2729 0.0465 0.9609
vn 0.7662 0.1641 0.6213
vn 0.6163 0.3365 0.7120
vn 0.1903 0.0771 -0.9787
vn -0.4075 -0.3165 -0.8566
vn -0.2295 0.5731 -0.7867
vn -0.3970 -0.8471 -0.3532
vn -0.9376 0.3229 -0.1293
vn 0.6001 -0.0223 0.7996
vn 0.9737 -0.1733 -0.1482
vn 0.9140 -0.3565 -0.1938
vn 0.3733 0.2938 0.8799
vn 0.1557 0.5460 0.8232
vn 0.1116 0.5975 0.7941
vn -0.2127 0.4575 0.8634
vn -0.1733 -0.4154 0.8930
vn -0.2486 -0.7732 0.5835
vn -0.8569 -0.0939 0.5069
vn -0.1841 -0.9164 -0.3554
vn 0.6720 -0.6993 -0.2437
vn -0.4499 0.6517 -0.6106
vn 0.0300 0.9949 -0.0960
vn 0.5338 0.4988 -0.6829
vn 0.4201 -0.8715 -0.2530
vn 0.1795 0.6653 0.7246
vn 0.7988 -0.5939 0.0958
vn -0.3770 -0.7802 -0.4991
vn -0.8500 0.0023 -0.5268
vn -0.8492 0.4284 -0.3086
vn -0.8350 -0.3511 0.4236
vn 0.1698 -0.9801 -0.1025
vn 0.4723 0.4212 0.7743
vn -0.1400 0.5000 0.8546
vn 0.4740 0.0240 0.8802
vn 0.2388 0.5769 0.7811
vn -0.2887 -0.7081 0.6445
vn 0.8499 0.1072 0.5159
vn -0.4290 -0.4784 0.7662
vn -0.9298 0.1018 0.3538
vn 0.7165 0.5201 0.4648
vn 0.3794 0.8267 0.4156
vn -0.9383 0.2919 0.1857
vn 0.4675 -0.3166 0.8254
vn 0.5258 0.4869 0.6975
vn -0.5678 -0.5071 0.6484
vn -0.8277 0.1337 0.5450
vn -0.3917 -0.9200 0.0084
vn -0.0876 -0.9917 0.0941
vn -0.5271 0.8135 -0.2455
vn -0.8499 0.0026 -0.5269
vn -0.5798 0.7744 0.2532
vn -0.8235 -0.5670 -0.0216
vn -0.8499 -0.3990 0.3442
vn -0.9222 -0.3439 0.1770
vn -0.5803 -0.4637 0.6695
vn 0.6599 0.7323 -0.1678
vn 0.5830 0.8057 0.1051
vn 0.0918 0.7215 0.6863
vn -0.8910 -0.3580 0.2791
vn 0.6562 0.2067 0.7257
vn 0.5222 -0.8503 0.0661
vn 0.0916 -0.9033 0.4192
vn -0.2492 0.4259 0.8698
vn -0.7425 0.1949 0.6409
vn -0.7976 0.5250 -0.2968
vn 0.1055 0.5443 -0.8322
vn 0.9180 0.3859 0.0909
vn 0.1644 0.6019 0.7814
vn 0.4652 -0.8843 -0.0410
vn 0.7686 0.4635 0.4410
vn -0.3455 0.7567 0.5551
vn -0.6552 0.4213 0.6270
vn 0.6892 0.4536 0.5651
vn -0.3384 0.9019 0.2684
vn -0.4144 0.8778 0.2402
vn 0.3791 0.8267 0.4158
vn -0.8501 0.0026 -0.5267
vn -0.5802 0.7740 0.2535
vn -0.6948 0.6150 -0.3729
vn 0.8425 0.5273 0.1099
vn 0.8670 -0.4526 0.2085
vn -0.2527 0.4628 0.8497
vn -0.2411 -0.5092 0.8262
vn 0.2048 0.4797 0.8532
vn 0.4984 0.8607 -0.1037
vn -0.2254 0.6227 0.7493
vn 0.3429 0.4942 0.7989
vn -0.2631 0.4355 0.8609
vn 0.4671 0.7999 0.3767
vn 0.6840 -0.0137 0.7293
vn 0.7997 -0.4542 0.3926
vn 0.0732 0.8428 0.5332
vn 0.1862 -0.9459 -0.2656
vn -0.5948 0.5099 0.6214
vn 0.2751 0.6112 -0.7421
vn -0.9748 -0.2008 -0.0975
vn 0.9499 -0.0410 0.3100
vn 0.5201 0.3362 0.7852
vn -0.2913 0.2188 0.9313
vn -0.0645 0.2631 0.9626
vn -0.2111 0.5449 0.8115
vn 0.3596 0.8125 0.4588
vn -0.5819 0.4470 0.6794
vn -0.8501 0.0026 -0.5266
vn 0.4910 0.7212 0.4886
vn 0.5319 0.5310 -0.6597
vn -0.3173 -0.1415 0.9377
vn -0.1633 0.8864 0.4332
vn 0.5269 0.2537 0.8112
vn -0.2674 -0.9464 0.1813
vn 0.5711 -0.6410 0.5128
vn 0.8423 0.4967 0.2094
vn -0.4918 0.2652 0.8294
vn -0.2927 0.9341 -0.2045
vn 0.4322 0.1795 0.8837
vn 0.2582 0.6700 0.6960
vn 0.6477 -0.7555 0.0983
vn -0.6733 -0.7388 0.0283
vn -0.9659 -0.0126 0.2585
vn -0.7663 -0.4941 0.4105
vn 0.7382 -0.4764 -0.4776
vn -0.2113 0.6887 0.6935
vn -0.8042 -0.3578 0.4745
vn -0.2699 0.1493 0.9513
vn -0.4952 0.0082 0.8687
vn -0.3566 0.5047 0.7862
vn 0.1876 -0.2721 0.9438
vn 0.2317 -0.7496 0.6199
vn -0.6970 0.0771 0.7129
vn -0.7107 -0.7034 -0.0036
vn 0.4447 -0.8596 -0.2516
vn 0.2573 0.8188 0.5131
vn 0.9697 0.1727 0.1727
vn -0.6932 0.6477 0.3161
vn -0.7051 0.3666 0.6070
vn -0.0667 -0.0463 0.9967
vn -0.0519 0.3755 0.9254
vn -0.0798 -0.5822 0.8091
vn -0.1315 0.4065 0.9041
vn -0.9197 0.3924 0.0109
vn -0.9816 0.1394 0.1306
vn -0.6289 0.7225 0.2873
vn 0.1824 0.4474 0.8755
vn 0.3384 0.8270 0.4490
vn -0.6305 -0.3216 0.7064
vn -0.5433 -0.3076 0.7811
vn 0.1404 -0.3261 0.9349
vn 0.5191 -0.6570 0.5467
vn 0.6452 -0.7424 0.1802
vn -0.2984 -0.9387 -0.1724
vn -0.7516 0.3605 0.5525
vn 0.4721 -0.8803 -0.0463
vn 0.8738 -0.4534 0.1760
vn 0.3767 0.8278 0.4158
vn -0.8004 -0.3826 0.4615
vn 0.5491 0.7323 -0.4029
vn -0.5425 0.4328 0.7199
vn -0.9295 0.3533 -0.1058
vn -0.6031 0.6955 -0.3907
vn 0.2451 0.2292 0.9420
vn 0.1967 0.7162 0.6696
vn -0.7549 0.2199 0.6178
vn -0.7110 0.3122 0.6301
vn 0.2456 0.1647 0.9553
vn 0.9524 -0.3044 -0.0175
vn -0.5572 -0.7961 0.2359
vn 0.9496 0.1085 0.2942
vn 0.7396 0.5921 0.3201
vn 0.4482 0.8824 -0.1430
vn -0.1114 -0.2856 0.9519
vn -0.5180 0.8304 0.2050
vn 0.0817 0.4278 0.9002
vn 0.5035 0.4642 0.7287
vn 0.4247 0.0210 0.9051
vn -0.5920 0.7973 0.1172
vn 0.3931 0.0625 0.9174
vn -0.0119 0.2850 0.9585
vn -0.8216 -0.1017 0.5609
vn 0.4292 0.2423 0.8701
vn 0.3006 -0.0901 0.9495
vn -0.8826 -0.1738 -0.4368
vn -0.7918 0.4422 0.4213
vn -0.7936 0.6023 -0.0865
vn 0.6793 0.6189 -0.3944
vn -0.7451 -0.4670 0.4762
vn 0.4104 0.7530 0.5143
vn 0.1587 -0.1598 0.9743
vn -0.1948 -0.5562 0.8079
vn 0.9301 0.3184 0.1832
vn -0.7453 -0.4669 0.4761
vn -0.7452 -0.4670 0.4760
vn -0.9295 0.3533 -0.1055
vn -0.4917 0.2649 0.8295
vn -0.4820 0.1780 0.8579
vn -0.1019 -0.2446 0.9643
vn 0.1294 0.2095 0.9692
vn -0.2525 0.0627 0.9656
vn 0.3031 -0.9095 0.2843
vn -0.2843 0.4340 0.8549
vn 0.4225 -0.4565 0.7830
vn -0.8995 -0.0044 0.4369
vn -0.3506 -0.0424 0.9356
vn -0.4086 -0.0539 0.9111
vn -0.3175 0.7655 0.5597
vn -0.1575 -0.1905 0.9690
vn 0.1709 0.2895 0.9418
vn 0.5264 0.6563 0.5405
vn 0.1223 0.4514 0.8839
vn -0.5985 -0.3088 0.7392
vn 0.7319 -0.2927 0.6153
vn 0.3912 -0.6335 -0.6675
vn -0.8140 -0.4708 0.3402
vn -0.7238 0.1588 0.6715
vn 0.5707 -0.8147 0.1029
vn 0.6628 -0.7178 0.2131
vn 0.8435 -0.3647 0.3943
vn 0.3953 0.9176 0.0414
vn -0.3453 0.0242 0.9382
vn 0.0224 -0.9409 0.3379
vn 0.4271 -0.8791 0.2116
vn -0.2919 0.2577 0.9211
vn 0.9972 0.0121 -0.0743
vn -0.9660 -0.0125 0.2584
vn -0.7551 0.6196 -0.2144
vn 0.7751 0.1081 0.6225
vn 0.3206 0.5422 0.7767
vn 0.5113 0.5210 0.6835
vn 0.1697 -0.8017 0.5732
vn 0.7821 -0.1458 0.6059
vn 0.4047 0.3170 0.8577
vn 0.0035 0.6463 0.7631
vn 0.3403 0.9054 -0.2540
vn -0.9326 -0.1290 -0.3372
vn -0.3903 0.8096 0.4385
vn 0.2024 0.7959 0.5706
vn 0.6782 0.6871 0.2605
vn 0.2752 -0.9336 -0.2295
vn -0.7425 0.5952 -0.3073
vn -0.9221 0.2337 0.3084
vn -0.8893 0.4563 0.0313
vn 0.8242 -0.5082 0.2498
vn -0.5029 -0.2020 0.8404
vn -0.2651 0.1034 0.9587
vn -0.2160 0.2421 0.9459
vn -0.9832 0.1210 -0.1368
vn 0.9819 -0.0452 -0.1841
vn -0.6027 0.6494 0.4637
vn -0.3157 0.9343 -0.1655
vn -0.1185 0.3213 0.9395
vn -0.2753 0.8744 0.3995
vn -0.6911 -0.1283 0.7113
vn 0.7020 -0.6893 0.1788
vn 0.8046 0.4782 -0.3521
vn -0.3528 0.1134 0.9288
vn 0.8372 0.1424 0.5280
vn -0.5380 0.8406 0.0621
vn -0.4875 -0.1335 0.8628
vn 0.4955 0.6044 0.6238
vn -0.3086 0.4417 0.8424
vn 0.0697 0.9245 0.3748
vn -0.3136 0.1569 0.9365
vn 0.5485 0.7456 0.3784
vn 0.3071 0.9486 0.0762
vn 0.7739 0.6302 -0.0624
vn 0.3159 -0.9355 0.1584
vn 0.8878 0.0478 0.4577
vn -0.7434 -0.4310 0.5114
vn -0.5096 -0.5353 0.6737
vn -0.2357 0.7008 0.6733
vn -0.7203 0.6805 -0.1346
vn -0.1252 0.0463 0.9911
vn -0.2761 0.1327 0.9519
vn 0.8096 0.0878 0.5804
vn -0.0260 -0.0209 0.9994
vn -0.3645 -0.0748 0.9282
vn 0.3792 0.6284 0.6792
vn 0.2547 0.6830 0.6845
vn -0.0501 -0.9982 0.0338
vn -0.5981 -0.4622 -0.6547
vn -0.1987 0.9648 0.1725
vn -0.9805 0.1055 -0.1659
vn -0.8894 0.4561 0.0309
vn -0.9272 0.3423 -0.1520
vn -0.9832 0.1216 -0.1365
vn -0.9276 0.3670 0.0696
vn -0.6949 -0.2779 0.6633
vn 0.6319 -0.2945 0.7169
vn -0.3864 -0.5630 0.7306
vn 0.9691 0.1913 -0.1557
vn 0.9477 0.3093 -0.0789
vn -0.1141 0.9234 -0.3665
vn -0.0752 0.9474 0.3110
vn 0.2602 0.4312 0.8639
vn 0.4218 0.9043 -0.0653
vn -0.4106 0.2170 0.8856
vn -0.7604 0.5322 0.3724
vn -0.0532 0.6099 0.7907
vn -0.7755 -0.2511 0.5792
vn 0.0048 -0.5034 0.8640
vn -0.3220 -0.8599 0.3960
vn -0.6055 0.5913 0.5327
vn 0.9598 0.0308 -0.2790
vn 0.8572 -0.1766 0.4838
vn -0.9385 0.3060 -0.1601
vn -0.1355 0.2394 0.9614
vn -0.1715 0.1426 0.9748
vn -0.2786 -0.0923 0.9560
vn 0.9272 -0.3696 -0.0603
vn -0.4338 0.6801 -0.5910
vn -0.9075 -0.2459 -0.3405
vn 0.8725 0.3613 -0.3291
vn -0.2353 0.5483 0.8025
vn 0.4482 0.7085 0.5451
vn 0.1528 0.6302 0.7613
vn -0.9906 -0.0591 0.1233
vn 0.0704 0.2871 0.9553
vn -0.0392 -0.1198 0.9920
vn 0.2851 0.5771 0.7653
vn -0.2772 -0.3201 0.9059
vn -0.3690 -0.7921 0.4863
vn 0.4462 -0.6736 0.5892
vn 0.5694 0.5245 0.6330
vn 0.2947 0.1268 0.9472
vn -0.5164 0.2423 0.8214
vn 0.1851 0.3847 0.9043
vn 0.5502 -0.2316 -0.8023
vn -0.1654 -0.3851 0.9079
vn 0.0454 0.8056 0.5908
vn -0.8695 0.4762 0.1309
vn -0.0941 -0.4052 0.9094
vn 0.7711 0.2380 0.5906
vn 0.1232 -0.9559 -0.2667
vn -0.3775 0.9257 0.0251
vn -0.8734 0.4850 -0.0442
vn -0.7792 0.6138 -0.1271
vn -0.0644 0.9021 0.4266
vn 0.8606 0.5093 -0.0038
vn -0.0535 -0.4347 0.8990
vn 0.2657 -0.0315 0.9635
vn -0.6510 -0.2942 -0.6997
vn 0.5485 0.7455 0.3785
vn -0.5727 -0.7349 0.3633
vn -0.4502 -0.4920 -0.7451
vn -0.6255 0.1440 0.7669
vn 0.1644 -0.1551 0.9741
vn 0.5033 0.8056 -0.3126
vn -0.3250 -0.2372 0.9155
vn -0.5278 0.4812 0.6999
vn -0.8012 0.4650 -0.3768
vn -0.3041 0.8001 0.5171
vn -0.6838 -0.7156 0.1430
vn 0.9221 -0.3798 0.0741
vn -0.3980 -0.8275 0.3960
vn 0.2700 -0.9411 -0.2034
vn 0.3924 0.8706 0.2967
vn 0.4632 -0.4625 0.7560
vn -0.6379 -0.3647 0.6783
vn -0.7932 -0.3710 0.4829
vn 0.1039 0.5080 0.8550
vn -0.2193 0.9515 0.2158
vn -0.6010 -0.3699 0.7085
vn -0.2077 0.7223 0.6596
vn -0.9107 0.1211 0.3948
vn 0.6208 0.3891 0.6806
vn -0.6533 0.7500 0.1032
vn 0.3112 -0.9439 -0.1102
vn -0.3911 0.8285 0.4008
vn -0.0105 0.5075 0.8616
vn -0.2972 0.8583 0.4183
vn -0.1732 0.9833 -0.0559
vn -0.1774 0.0022 0.9841
vn 0.2020 0.5409 0.8164
vn -0.1293 -0.9611 0.2440
vn -0.6568 0.1621 -0.7365
vn 0.2736 -0.9490 -0.1564
vn -0.2825 -0.9393 -0.1947
vn 0.4654 -0.8724 -0.1493
vn 0.0469 0.4699 0.8815
vn -0.9986 0.0507 0.0153
vn -0.7760 -0.2209 -0.5908
vn -0.7338 0.2566 0.6291
vn -0.0121 0.0898 0.9959
vn -0.1469 0.8066 0.5725
vn -0.4901 -0.3834 0.7829
vn -0.7097 -0.3417 0.6161
vn -0.4930 0.8359 -0.2415
vn -0.3026 0.4438 -0.8435
vn -0.3322 -0.9081 0.2550
vn 0.2741 0.1766 0.9453
vn -0.6069 0.2599 -0.7511
vn 0.0724 0.4152 0.9068
vn -0.5666 -0.5028 -0.6528
vn 0.8024 -0.0551 0.5942
vn -0.8334 0.5465 0.0819
vn 0.0797 0.8295 0.5527
vn 0.7053 0.5805 0.4069
vn 0.7898 0.4093 -0.4569
vn 0.2623 -0.1206 0.9574
vn 0.7749 0.5513 -0.3091
vn 0.9263 0.3674 0.0837
vn 0.0888 0.5086 0.8564
vn 0.8319 0.1236 0.5409
vn 0.7887 0.1752 0.5893
vn -0.8127 -0.0524 0.5803
vn 0.9754 0.2192 0.0237
vn -0.4372 0.0157 0.8992
vn 0.0134 -0.0123 0.9998
vn -0.4259 -0.1860 0.8854
vn -0.5886 0.2230 0.7770
vn 0.7380 0.0322 0.6741
vn -0.4556 0.8845 -0.1003
vn 0.3391 0.8537 0.3953
vn -0.6058 0.7893 -0.1004
vn -0.9573 -0.2859 0.0435
vn 0.6119 0.6252 0.4844
vn -0.5116 -0.5252 0.6801
vn -0.1085 -0.9601 0.2578
vn 0.3208 0.3277 0.8886
vn -0.8073 0.5304 0.2588
vn 0.3514 0.3834 0.8541
vn 0.3605 -0.8676 -0.3424
vn -0.1432 0.4583 0.8772
vn -0.0527 0.4930 0.8684
vn -0.0478 0.2002 0.9786
vn -0.1260 -0.1039 0.9866
vn -0.7334 -0.3899 -0.5568
vn -0.2325 0.9564 0.1770
vn -0.3443 -0.7482 0.5672
vn -0.1676 0.5169 0.8395
vn 0.7712 -0.0918 0.6300
vn -0.6314 0.7447 -0.2163
vn -0.8138 -0.5304 0.2377
vn -0.1608 0.8363 0.5242
vn 0.4495 0.0203 0.8930
vn 0.6005 0.4456 -0.6639
vn 0.7950 0.1884 0.5766
vn -0.1839 -0.8528 0.4888
vn 0.9710 -0.0469 -0.2345
vn -0.9814 0.1167 0.1526
vn -0.0837 0.6448 0.7597
vn 0.6555 0.6719 -0.3446
vn -0.9408 -0.1978 0.2751
vn 0.4596 -0.0349 0.8875
vn 0.1863 0.9399 0.2861
vn -0.7501 -0.3501 -0.5611
vn 0.7778 -0.6247 0.0688
vn -0.0070 0.5099 0.8602
vn -0.3388 0.6211 0.7067
vn -0.4492 0.3527 0.8209
vn 0.5509 -0.6491 0.5246
vn 0.3426 -0.8476 0.4053
vn -0.2850 0.9339 0.2157
vn 0.1822 0.8097 0.5578
vn -0.6140 -0.0980 0.7832
vn 0.0405 0.8855 0.4628
vn -0.2131 0.8005 0.5602
vn -0.5325 -0.6050 -0.5920
vn -0.4686 0.8197 -0.3292
vn -0.3765 -0.1570 0.9130
vn -0.3962 0.8724 0.2861
vn -0.3164 0.7800 0.5399
vn -0.7811 0.4703 0.4107
vn 0.3365 0.6270 0.7026
vn 0.9317 0.3616 -0.0338
vn -0.6917 -0.2176 0.6886
vn -0.1218 0.8810 0.4571
vn -0.9586 -0.2068 0.1960
vn -0.6174 0.6386 0.4594
vn -0.0733 -0.1841 0.9802
vn -0.1329 -0.9842 0.1173
vn -0.1489 -0.9808 -0.1260
vn 0.0988 0.8062 -0.5834
vn 0.8076 0.3935 0.4393
vn 0.0133 0.3485 0.9372
vn 0.0878 0.1247 0.9883
vn -0.1490 -0.9807 -0.1263
vn -0.7596 -0.1533 0.6321
vn 0.1506 -0.8484 0.5076
vn 0.9088 0.2255 -0.3510
vn -0.1328 -0.9842 0.1171
vn -0.5166 -0.8555 -0.0362
vn -0.2264 0.2574 0.9394
vn -0.5559 0.2866 0.7803
vn -0.7706 -0.6372 -0.0100
vn -0.4754 0.8415 0.2565
vn 0.2252 -0.0492 0.9731
vn 0.7810 0.4960 0.3795
vn 0.1200 0.4741 0.8723
vn -0.9375 0.2936 0.1868
vn 0.7636 -0.3825 -0.5202
vn -0.3104 0.2931 0.9043
vn -0.0900 0.9871 0.1323
vn -0.5783 -0.1088 -0.8086
vn -0.3962 -0.9021 0.1713
vn 0.3423 -0.0595 0.9377
vn -0.1837 0.1771 0.9669
vn 0.3455 -0.9079 0.2372
vn 0.1785 0.6067 0.7746
vn 0.4893 -0.7303 0.4767
vn 0.3886 -0.3162 -0.8655
vn -0.6660 -0.1152 -0.7370
vn -0.2199 0.2909 0.9311
vn -0.9943 0.0997 -0.0388
vn -0.0111 -0.9999 -0.0025
vn -0.7387 0.3375 0.5834
vn -0.3438 -0.9334 -0.1028
vn -0.7510 -0.6377 0.1711
vn -0.7691 0.0747 -0.6347
vn -0.4438 0.4522 0.7737
vn -0.2851 -0.9152 0.2849
vn 0.1954 -0.4792 0.8557
vn 0.5895 -0.5334 0.6066
vn 0.1378 -0.9887 0.0594
vn -0.8609 0.4782 -0.1734
vn 0.6219 -0.6633 0.4164
vn 0.0651 0.9289 -0.3646
vn 0.8031 -0.5130 0.3030
vn -0.6703 0.1439 0.7280
vn 0.0603 0.6420 0.7644
vn -0.2642 -0.2933 0.9188
vn -0.7688 0.1625 0.6184
vn -0.7383 0.3376 0.5839
vn 0.6796 -0.0705 0.7302
vn -0.2725 -0.4673 0.8411
vn -0.2729 -0.4673 0.8410
vn -0.6225 0.4065 0.6688
vn 0.3668 -0.9076 0.2042
vn -0.2138 0.4653 -0.8590
vn 0.3336 0.8392 0.4296
vn -0.4150 -0.8971 0.1514
vn 0.6048 -0.3999 0.6887
vn -0.4026 0.4912 0.7724
vn -0.2204 -0.9345 0.2796
vn -0.0898 0.5800 0.8097
vn -0.7561 0.0514 -0.6524
vn -0.7095 0.7036 -0.0394
vn -0.5321 -0.6530 0.5390
vn -0.7825 0.5712 0.2480
vn -0.9392 0.2546 0.2303
vn 0.0338 -0.9810 0.1913
vn 0.0389 -0.9475 0.3175
vn -0.6160 -0.1497 0.7734
vn -0.1786 -0.9792 -0.0964
vn -0.0765 0.1776 0.9811
vn -0.5722 -0.2493 0.7813
vn -0.1607 0.9782 0.1312
vn -0.5111 0.3327 0.7925
vn -0.4727 0.8105 -0.3460
vn -0.7991 0.6003 -0.0337
vn 0.6791 0.5644 -0.4694
vn 0.5578 0.7931 -0.2447
vn 0.9182 -0.3433 0.1977
vn -0.3063 0.7261 0.6156
vn -0.1578 -0.5210 -0.8388
vn 0.2919 -0.9553 0.0465
vn -0.0510 0.8115 0.5822
vn -0.9809 0.1305 -0.1440
vn 0.7365 0.1770 0.6529
vn -0.2282 0.5796 0.7823
vn -0.8276 -0.3912 0.4026
vn 0.9484 -0.2905 0.1271
vn 0.3239 -0.2792 0.9040
vn -0.2678 0.5346 0.8016
vn -0.8645 -0.4960 0.0808
vn -0.1792 -0.8215 0.5414
vn 0.7106 0.4959 0.4991
vn -0.9794 0.0531 0.1947
vn -0.1229 0.8420 0.5252
vn 0.1549 -0.9788 -0.1343
vn -0.9121 0.1017 -0.3972
vn 0.3117 0.8749 -0.3706
vn -0.7399 -0.6691 0.0700
vn -0.2346 -0.9331 0.2727
vn 0.2406 0.6189 0.7477
vn 0.3925 -0.6454 0.6553
vn -0.4674 -0.1591 0.8696
vn -0.5081 -0.1766 0.8430
vn -0.4003 -0.0420 0.9154
vn 0.1179 -0.8061 -0.5798
vn -0.9911 0.0585 -0.1194
vn 0.3762 -0.3474 0.8589
vn -0.1557 -0.9424 -0.2960
vn -0.4125 0.9096 -0.0488
vn 0.5676 0.2833 -0.7730
vn 0.0504 0.8449 0.5326
vn -0.0340 -0.4306 -0.9019
vn 0.2088 -0.2427 0.9474
vn 0.5493 0.6511 -0.5238
vn -0.8445 0.3824 0.3750
vn 0.3116 0.8750 -0.3705
vn 0.7452 -0.6345 -0.2051
vn 0.2524 0.5847 -0.7710
vn -0.8751 -0.3566 0.3273
vn 0.9689 0.2238 -0.1055
vn 0.9653 0.2441 0.0927
vn 0.5797 0.3052 0.7555
vn 0.2323 -0.7462 -0.6239
vn -0.0201 0.0126 0.9997
vn -0.4616 -0.1798 0.8687
vn -0.3594 -0.6016 -0.7134
vn 0.2053 -0.5309 -0.8222
vn 0.1630 -0.4153 -0.8949
vn -0.2495 0.6635 0.7054
vn -0.7975 0.4687 0.3800
vn -0.7851 -0.0389 0.6181
vn -0.6172 -0.6853 0.3865
vn 0.2912 -0.0539 -0.9551
vn 0.1678 0.9569 -0.2370
vn 0.8590 0.2287 0.4581
vn -0.2144 0.9732 0.0835
vn 0.7460 -0.3099 -0.5894
vn -0.1381 -0.1507 -0.9789
vn 0.8042 -0.5132 -0.2998
vn 0.6588 -0.5505 0.5128
vn -0.0585 0.3161 -0.9469
vn 0.9094 -0.3716 0.1870
vn -0.2800 -0.8541 -0.4384
vn 0.7198 -0.0420 -0.6929
vn -0.9594 -0.0226 -0.2813
vn -0.8830 0.4693 -0.0050
vn -0.1237 0.5330 0.8370
vn 0.2236 0.9281 -0.2976
vn -0.1192 0.3923 0.9121
vn -0.2400 0.8389 0.4884
vn 0.4873 -0.8640 -0.1270
vn 0.0437 -0.4687 0.8823
vn -0.5305 0.4386 0.7254
vn 0.1769 0.0941 0.9797
vn -0.3515 0.8765 -0.3290
vn -0.1961 0.0268 0.9802
vn -0.2850 0.0572 0.9568
vn 0.6947 -0.3047 0.6516
vn -0.3140 0.1723 0.9337
vn -0.3654 -0.9166 -0.1620
vn 0.8039 -0.2472 -0.5409
vn -0.1556 -0.9425 -0.2957
vn -0.9737 0.1872 -0.1299
vn 0.1677 0.9569 -0.2373
vn 0.8668 -0.4928 0.0766
vn 0.9913 -0.0567 -0.1187
vn -0.7113 0.6883 -0.1425
vn -0.5907 -0.3915 0.7055
vn 0.8203 0.4885 -0.2974
vn -0.4095 0.9122 -0.0118
vn 0.9344 -0.1901 -0.3014
vn 0.3366 -0.8879 -0.3135
vn 0.5783 -0.4120 0.7042
vn -0.9597 -0.1572 0.2331
vn 0.5522 0.8319 0.0550
vn 0.9518 -0.2823 -0.1201
vn 0.8767 -0.4559 0.1538
vn -0.8663 -0.4330 0.2489
vn -0.5089 0.8605 -0.0231
vn 0.8077 0.5755 -0.1283
vn -0.8811 0.4665 0.0778
vn 0.4931 -0.6922 -0.5269
vn -0.5671 -0.7013 0.4320
vn -0.8285 -0.1203 0.5469
vn -0.7659 0.6335 0.1095
vn -0.7055 0.6903 -0.1608
vn -0.9921 0.0942 0.0829
vn -0.8262 -0.2193 -0.5190
vn 0.9715 -0.0537 0.2310
vn -0.8534 -0.4758 0.2129
vn 0.3538 -0.0496 -0.9340
vn 0.5282 -0.8444 0.0892
vn 0.0100 0.1541 -0.9880
vn -0.5014 -0.0888 0.8606
vn 0.7572 0.0738 -0.6490
vn 0.3045 -0.2408 -0.9216
vn 0.1994 0.0888 -0.9759
vn -0.6353 -0.7134 0.2957
vn 0.0473 0.9930 0.1079
vn -0.9843 -0.0291 0.1741
vn 0.1618 -0.7812 -0.6029
vn -0.6755 -0.3081 0.6699
vn 0.5070 0.6398 0.5776
vn 0.8973 -0.3665 -0.2460
vn -0.1862 -0.7728 -0.6067
vn -0.5980 -0.6600 -0.4547
vn 0.6488 -0.5259 -0.5500
vn 0.6646 -0.7423 -0.0852
vn -0.8464 -0.2727 -0.4573
vn 0.7974 0.2626 -0.5432
vn 0.4681 0.8170 0.3366
vn 0.9556 -0.1306 0.2642
vn -0.3067 -0.9249 -0.2248
vn -0.2855 -0.9575 0.0401
vn 0.9638 0.2387 -0.1191
vn -0.1754 -0.9504 0.2568
vn 0.0001 -0.9667 0.2559
vn -0.9079 -0.2691 -0.3215
vn 0.8479 -0.4604 0.2628
vn 0.1177 0.9799 0.1611
vn 0.2003 0.9705 0.1340
vn -0.8325 0.3233 -0.4499
vn 0.9057 0.1760 0.3857
vn -0.9565 -0.2390 -0.1675
vn 0.1793 -0.9836 -0.0208
vn -0.5661 -0.7326 0.3780
vn 0.9592 -0.2521 0.1278
vn -0.3656 0.8625 0.3500
vn -0.9381 0.0133 -0.3461
vn 0.4945 0.7909 0.3605
vn 0.9421 0.2520 0.2213
vn -0.3249 -0.9455 -0.0225
vn -0.7959 0.4804 0.3685
vn -0.6251 -0.7800 -0.0293
vn 0.7706 -0.6355 -0.0480
vn -0.5080 0.6005 0.6175
vn -0.8949 -0.4230 0.1423
vn -0.9292 -0.3624 0.0729
vn -0.9229 0.0104 0.3848
vn 0.7207 -0.4796 0.5006
vn 0.3945 -0.4639 -0.7932
vn -0.7898 0.5294 -0.3099
vn -0.9946 -0.1033 0.0081
vn 0.9360 -0.2574 0.2402
vn 0.1331 0.8630 0.4874
vn 0.8588 -0.4952 0.1314
vn -0.0188 0.7944 0.6071
vn -0.6589 -0.6009 0.4525
vn -0.9724 -0.2332 0.0012
vn 0.6824 0.7261 0.0842
vn 0.0724 -0.8174 -0.5715
vn -0.6246 -0.6126 -0.4843
vn -0.8136 -0.5795 0.0473
vn -0.4244 -0.9050 0.0285
vn -0.3851 -0.9216 0.0480
vn -0.6809 0.6910 -0.2428
vn -0.8553 -0.2549 0.4511
vn 0.9936 -0.0713 0.0872
vn 0.3300 0.5891 0.7376
vn -0.8260 -0.5612 0.0528
vn -0.1390 -0.1953 0.9708
vn -0.2867 0.9502 0.1226
vn 0.2737 0.8537 0.4431
vn 0.9834 -0.0576 -0.1721
vn -0.8166 0.0714 0.5728
vn -0.6777 0.3569 0.6429
vn 0.9901 -0.0104 -0.1401
vn 0.9144 -0.4000 0.0626
vn 0.6612 -0.6584 -0.3597
vn -0.9381 -0.2359 -0.2537
vn -0.9282 -0.0483 0.3690
vn -0.9811 -0.1924 0.0201
vn 0.9339 -0.3148 -0.1696
vn 0.9993 -0.0184 -0.0328
vn 0.8719 0.3170 0.3733
vn -0.8658 0.4979 0.0485
vn 0.8929 -0.4363 0.1116
vn -0.5660 0.7934 0.2240
vn -0.8190 0.3153 0.4794
vn -0.6692 0.3633 0.6482
vn -0.5575 0.3875 0.7342
vn -0.2185 0.6967 0.6833
vn -0.9774 -0.1824 0.1071
vn -0.0345 0.9993 0.0132
vn -0.7008 0.5553 0.4477
vn 0.7195 -0.6944 -0.0094
vn -0.3210 -0.8612 -0.3941
vn 0.2970 -0.8723 -0.3883
vn -0.8598 0.2572 -0.4410
vn 0.9930 0.0846 0.0827
vn -0.0020 -0.9914 -0.1307
vn 0.8940 -0.3794 0.2382
vn -0.8499 -0.4900 -0.1940
vn 0.3550 0.6897 0.6312
vn 0.9021 -0.4254 -0.0721
vn -0.9668 0.2004 0.1584
vn 0.0186 -0.8539 0.5201
vn -0.6067 0.7936 0.0467
vn -0.8767 0.4382 -0.1986
vn -0.6194 0.6561 0.4312
vn -0.3917 0.7777 0.4917
vn 0.2522 -0.9302 -0.2668
vn -0.9943 -0.0271 -0.1035
vn 0.5430 0.6587 0.5208
vn 0.0567 0.8536 0.5179
vn -0.4175 -0.0843 0.9047
vn -0.6849 -0.7274 -0.0416
vn 0.9640 0.1183 0.2380
vn -0.4007 -0.9162 -0.0015
vn 0.8077 -0.5580 -0.1903
vn 0.8284 0.1713 0.5333
vn 0.5471 -0.8058 -0.2268
vn 0.4866 0.4191 0.7665
vn -0.2334 -0.9364 -0.2619
vn 0.9475 -0.3196 0.0083
vn 0.0841 -0.9487 -0.3047
vn -0.4527 -0.8503 -0.2683
vn 0.3715 0.7088 0.5997
vn -0.6970 0.6958 0.1735
vn 0.6602 -0.6963 -0.2818
vn 0.8707 0.4914 -0.0192
vn 0.5851 0.7809 0.2187
vn -0.0411 0.7949 0.6053
vn 0.9209 0.1819 -0.3447
vn 0.9605 -0.1372 -0.2422
vn -0.7812 0.5444 -0.3055
vn 0.1928 0.7538 0.6282
vn -0.9081 -0.4077 -0.0955
vn -0.1095 0.7659 0.6335
vn 0.4136 0.8623 0.2923
vn 0.9065 -0.4216 0.0243
vn -0.0721 -0.9884 -0.1340
vn -0.8631 -0.3860 0.3255
vn -0.7119 -0.6856 0.1524
vn -0.8693 0.4792 -0.1210
vn 0.8609 0.5038 -0.0715
vn 0.6493 0.7570 -0.0728
vn -0.0115 0.7444 0.6676
vn -0.7064 0.1568 0.6902
vn -0.3794 0.6169 0.6895
vn -0.8213 -0.0615 0.5672
vn 0.0782 0.6902 0.7194
vn -0.2168 0.8053 0.5518
vn -0.5739 0.6566 0.4893
vn -0.5666 -0.8222 -0.0543
vn 0.4108 0.7127 0.5686
vn 0.8268 0.3831 0.4119
vn -0.2173 0.7851 0.5800
vn -0.5557 0.4847 0.6755
vn -0.7368 0.4114 0.5365
vn 0.9709 -0.0869 0.2230
vn 0.5408 -0.8157 -0.2056
vn 0.7991 -0.6012 -0.0041
vn -0.6932 0.6622 0.2845
vn -0.2297 0.9531 0.1972
vn -0.9459 0.0982 0.3091
vn 0.3133 0.9410 0.1279
vn -0.1871 -0.9004 -0.3928
vn -0.7744 -0.6152 0.1476
vn 0.7267 -0.6744 -0.1306
vn -0.8643 0.4414 0.2412
vn 0.7310 0.4848 0.4802
vn 0.9563 -0.2518 0.1488
vn -0.4287 -0.9002 0.0763
vn 0.9979 0.0318 -0.0561
vn -0.8201 -0.4141 -0.3948
vn -0.4979 0.8171 0.2906
vn 0.8291 0.5553 0.0652
vn 0.0207 0.8283 0.5599
vn 0.5651 -0.7476 -0.3489
vn 0.2027 -0.9782 0.0447
vn -0.3089 -0.7185 -0.6232
vn 0.9227 -0.3777 -0.0776
vn -0.9948 0.1020 -0.0012
vn -0.3175 0.8295 0.4594
vn -0.8104 0.4981 0.3085
vn -0.0386 -0.7226 -0.6902
vn -0.8666 -0.2649 -0.4228
vn -0.9050 -0.2863 0.3146
vn 0.9516 0.0370 0.3051
vn -0.3279 -0.9357 0.1303
vn 0.6349 -0.7683 -0.0810
vn 0.9974 0.0722 -0.0010
vn -0.8008 -0.2437 -0.5472
vn 0.3503 0.9219 0.1653
vn 0.1735 0.8411 0.5124
vn 0.9616 -0.2583 0.0923
vn -0.4492 0.7770 0.4410
vn -0.4097 -0.2285 -0.8831
vn 0.8741 -0.4346 -0.2169
vn -0.8945 0.3177 0.3144
vn 0.8621 -0.5019 0.0697
vn -0.9941 0.0882 -0.0634
vn 0.4471 0.7926 -0.4147
vn 0.5119 -0.8502 -0.1230
vn -0.3505 -0.5794 -0.7359
vn -0.6599 -0.7044 0.2613
vn 0.6826 -0.4450 -0.5796
vn -0.9507 0.1392 -0.2770
vn 0.6417 0.6214 0.4496
vn -0.7326 -0.6804 -0.0203
vn -0.2579 0.9374 0.2340
vn -0.8910 -0.1003 -0.4427
vn -0.4544 -0.8560 -0.2465
vn -0.4950 -0.8447 -0.2034
vn 0.8244 -0.5523 0.1236
vn -0.8862 -0.3074 0.3466
vn 0.9588 0.0318 0.2823
vn -0.8327 0.5493 0.0701
vn 0.5672 -0.6561 0.4978
vn -0.9946 0.0209 0.1014
vn 0.5833 -0.8120 0.0214
vn -0.0414 0.7991 0.5998
vn 0.7439 0.4820 0.4629
vn 0.9706 0.1237 0.2065
vn -0.2696 -0.9536 0.1340
vn 0.9438 0.2276 -0.2395
vn -0.7513 -0.6037 0.2667
vn 0.6316 0.7728 0.0621
vn -0.5480 0.8024 0.2364
vn -0.2031 0.9436 0.2613
vn -0.6340 -0.4104 0.6554
vn 0.9024 0.4272 0.0558
vn -0.9514 -0.0256 0.3070
vn -0.5998 0.7657 0.2321
vn -0.0498 0.9987 -0.0077
vn 0.0255 0.9929 0.1161
vn -0.4388 -0.2263 0.8696
vn -0.5946 0.8032 0.0369
vn 0.1962 -0.9797 -0.0406
vn 0.7596 0.6438 -0.0928
vn 0.3401 0.9300 -0.1392
vn -0.9206 0.3701 0.1244
vn -0.2826 -0.9552 0.0876
vn -0.8149 -0.5380 0.2155
vn 0.2649 -0.9624 -0.0600
vn 0.7217 -0.6715 -0.1677
vn 0.2583 0.9644 0.0558
vn -0.6548 -0.5060 0.5615
vn 0.9483 0.2030 -0.2438
vn -0.2917 0.9487 0.1218
vn 0.0877 -0.9812 -0.1721
vn 0.8165 -0.2141 -0.5362
vn 0.7573 0.6305 -0.1704
vn -0.6278 -0.7733 0.0885
vn -0.9553 -0.1899 0.2266
vn 0.8638 -0.4940 0.0995
vn -0.8306 0.5343 0.1570
vn 0.9124 0.2774 0.3011
vn -0.3100 0.9383 0.1531
vn -0.9638 -0.2609 0.0547
vn 0.8941 0.4411 -0.0769
vn 0.4669 -0.8195 -0.3322
vn 0.9575 -0.2845 0.0467
vn -0.8298 0.5141 0.2172
vn -0.7719 -0.6356 0.0151
vn -0.0291 0.9938 -0.1071
vn -0.9960 -0.0883 -0.0139
vn -0.8928 0.4381 -0.1044
vn 0.4524 -0.6639 0.5955
vn -0.0193 -0.9921 0.1238
vn 0.5877 -0.5238 0.6167
vn 0.3850 0.8645 0.3232
vn 0.8909 -0.3422 0.2987
vn 0.7079 0.6340 0.3113
vn 0.8947 -0.0343 0.4453
vn -0.3439 0.2592 0.9025
vn -0.9829 -0.1024 -0.1530
vn 0.4243 0.6672 0.6123
vn 0.7044 0.3068 0.6401
vn 0.9206 -0.0318 0.3891
vn 0.7827 -0.6043 0.1490
vn -0.8294 0.5526 -0.0821
vn 0.1657 -0.6201 0.7668
vn -0.9429 -0.3078 0.1273
vn -0.1082 0.7829 0.6127
vn 0.0139 0.1136 0.9934
vt 0.080143 0.965510
vt 0.067967 0.966162
vt 0.084505 0.943808
vt 0.064088 0.951413
vt 0.064088 0.961947
vt 0.074090 0.944301
vt 0.985377 0.776111
vt 0.992198 0.793348
vt 0.985377 0.797897
vt 0.558329 0.113711
vt 0.529803 0.002977
vt 0.539454 0.000000
vt 0.396892 0.974290
vt 0.400218 0.989668
vt 0.396892 0.999035
vt 0.835656 0.491142
vt 0.835656 0.500348
vt 0.827460 0.492044
vt 0.097293 0.927668
vt 0.102777 0.915965
vt 0.105535 0.923771
vt 0.933750 0.200261
vt 0.930444 0.265405
vt 0.926050 0.199125
vt 0.826821 0.500933
vt 0.112095 0.916708
vt 0.112095 0.965993
vt 0.940221 0.198110
vt 0.097210 0.966059
vt 0.185394 0.124104
vt 0.240648 0.125122
vt 0.205422 0.159330
vt 0.253897 0.169346
vt 0.244405 0.192668
vt 0.103576 0.962290
vt 0.197731 0.195711
vt 0.664224 0.378080
vt 0.665436 0.311774
vt 0.668670 0.376440
vt 0.653585 0.375056
vt 0.652380 0.309371
vt 0.179980 0.169673
vt 0.161146 0.145569
vt 0.224263 0.209389
vt 0.151102 0.195273
vt 0.231142 0.097364
vt 0.548681 0.006189
vt 0.560800 0.060433
vt 0.192862 0.206911
vt 0.953270 0.198700
vt 0.958256 0.198110
vt 0.964676 0.254513
vt 0.611698 0.776075
vt 0.608727 0.782747
vt 0.608727 0.750280
vt 0.215109 0.098804
vt 0.150532 0.987080
vt 0.145911 0.993234
vt 0.145590 0.985499
vt 0.156354 0.137955
vt 0.579315 0.964243
vt 0.579315 0.904004
vt 0.586439 0.933538
vt 0.967906 0.057113
vt 0.960242 0.056011
vt 0.959641 0.049318
vt 0.275786 0.199108
vt 0.955165 0.242552
vt 0.298889 0.140970
vt 0.967906 0.000000
vt 0.165657 0.152433
vt 0.186839 0.065509
vt 0.255839 0.230307
vt 0.274031 0.232062
vt 0.509661 0.830397
vt 0.509661 0.785467
vt 0.516836 0.790491
vt 0.675169 0.990619
vt 0.669642 0.966845
vt 0.675169 0.977242
vt 0.188720 0.090829
vt 0.252972 0.087726
vt 0.515918 0.810846
vt 0.145590 0.995702
vt 0.960331 0.033289
vt 0.010616 0.000000
vt 0.038619 0.018653
vt 0.003184 0.015970
vt 0.027761 0.022205
vt 0.146477 0.153786
vt 0.148713 0.123854
vt 0.191575 0.223238
vt 0.298101 0.181977
vt 0.139203 0.802603
vt 0.137021 0.801139
vt 0.139203 0.791687
vt 0.961440 0.997968
vt 0.956503 0.985717
vt 0.961379 0.991083
vt 0.667092 0.980789
vt 0.236908 0.239228
vt 0.519690 0.842754
vt 0.518490 0.829010
vt 0.520497 0.811064
vt 0.821474 0.973098
vt 0.823215 0.965137
vt 0.828175 0.972240
vt 0.024845 0.032490
vt 0.294786 0.123777
vt 0.514934 0.772757
vt 0.958854 0.266083
vt 0.961440 0.974969
vt 0.217338 0.247441
vt 0.776237 0.307462
vt 0.773558 0.299539
vt 0.776700 0.299539
vt 0.004619 0.002550
vt 0.828175 0.948650
vt 0.821028 0.946097
vt 0.827247 0.936802
vt 0.093858 0.042527
vt 0.067219 0.021372
vt 0.095049 0.022366
vt 0.111934 0.050397
vt 0.114779 0.182403
vt 0.947130 0.021323
vt 0.959641 0.024676
vt 0.947130 0.065237
vt 0.204311 0.051479
vt 0.976784 0.369197
vt 0.967094 0.369442
vt 0.976820 0.348551
vt 0.527903 0.840694
vt 0.997702 0.824818
vt 0.996721 0.839095
vt 0.993380 0.824818
vt 0.487699 0.844466
vt 0.486176 0.841473
vt 0.487699 0.837283
vt 0.942370 0.644060
vt 0.945052 0.654012
vt 0.942370 0.662987
vt 0.000000 0.028544
vt 0.983665 0.611750
vt 0.984135 0.643558
vt 0.975987 0.650272
vt 0.037802 0.002719
vt 0.128162 0.034910
vt 0.507581 0.680988
vt 0.507581 0.664041
vt 0.509343 0.670180
vt 0.994471 0.513801
vt 0.994471 0.557010
vt 0.990084 0.528552
vt 0.138195 0.152958
vt 0.128430 0.150544
vt 0.141169 0.195654
vt 0.240726 0.043389
vt 0.261818 0.077976
vt 0.976820 0.388602
vt 0.953270 0.256111
vt 0.122675 0.041284
vt 0.118779 0.061104
vt 0.156038 0.061151
vt 0.194485 0.040363
vt 0.189093 0.048990
vt 0.172295 0.063348
vt 0.184662 0.984098
vt 0.187898 0.974912
vt 0.187898 0.986056
vt 0.816809 0.963316
vt 0.950411 0.654692
vt 0.948665 0.387909
vt 0.955053 0.375899
vt 0.955053 0.388089
vt 0.216630 0.647320
vt 0.208016 0.641069
vt 0.217237 0.641103
vt 0.209369 0.614876
vt 0.106761 0.067304
vt 0.134032 0.045565
vt 0.753846 0.814738
vt 0.768466 0.792617
vt 0.767858 0.804442
vt 0.132094 0.061899
vt 0.145732 0.045435
vt 0.144938 0.054712
vt 0.167187 0.040634
vt 0.211606 0.039103
vt 0.282072 0.090445
vt 0.533175 0.815104
vt 0.915586 0.990089
vt 0.915586 0.974190
vt 0.923991 0.978024
vt 0.205210 0.586088
vt 0.220298 0.583840
vt 0.102754 0.062755
vt 0.126615 0.058496
vt 0.957046 0.000000
vt 0.144200 0.218687
vt 0.243530 0.261468
vt 0.294088 0.101435
vt 0.525279 0.798370
vt 0.998559 0.814678
vt 0.995631 0.824818
vt 0.993380 0.822106
vt 0.993380 0.798050
vt 0.535204 0.962966
vt 0.546240 0.955495
vt 0.535749 0.969338
vt 0.205109 0.558529
vt 0.214392 0.556621
vt 0.088504 0.066887
vt 0.138917 0.166700
vt 0.153325 0.053030
vt 0.167249 0.080811
vt 0.170025 0.239868
vt 0.194548 0.278897
vt 0.227260 0.038894
vt 0.949003 0.181166
vt 0.949003 0.123058
vt 0.962768 0.153234
vt 0.185462 0.957524
vt 0.975987 0.615576
vt 0.984708 0.209250
vt 0.981990 0.198109
vt 0.990999 0.204292
vt 0.127913 0.210044
vt 0.207366 0.485132
vt 0.198903 0.462991
vt 0.210006 0.457103
vt 0.295773 0.237622
vt 0.776873 0.236859
vt 0.759587 0.215049
vt 0.767815 0.194976
vt 0.305029 0.150867
vt 0.541666 0.843070
vt 0.537170 0.845224
vt 0.530888 0.833030
vt 0.955684 0.733302
vt 0.955684 0.740934
vt 0.952271 0.738314
vt 0.988852 0.741209
vt 0.982875 0.730826
vt 0.988852 0.728721
vt 0.547970 0.966527
vt 0.910298 0.372840
vt 0.902511 0.346900
vt 0.916203 0.346279
vt 0.551979 0.962724
vt 0.571592 0.082374
vt 0.217009 0.522995
vt 0.136536 0.037667
vt 0.141615 0.068506
vt 0.207272 0.516088
vt 0.195996 0.505597
vt 0.215984 0.505610
vt 0.161611 0.034473
vt 0.220298 0.388226
vt 0.201445 0.376225
vt 0.211972 0.369296
vt 0.311392 0.121399
vt 0.540839 0.975100
vt 0.205014 0.534416
vt 0.194284 0.526677
vt 0.319443 0.647316
vt 0.314884 0.603975
vt 0.319443 0.591566
vt 0.540664 0.794812
vt 0.984816 0.930520
vt 0.984816 0.945358
vt 0.976558 0.940333
vt 0.902994 0.375371
vt 0.907076 0.312847
vt 0.917684 0.309371
vt 0.116712 0.158712
vt 0.286595 0.240755
vt 0.304581 0.492316
vt 0.303741 0.477089
vt 0.319385 0.485650
vt 0.116239 0.072036
vt 0.805557 0.305727
vt 0.801449 0.278166
vt 0.812972 0.301170
vt 0.194951 0.520441
vt 0.192236 0.512165
vt 0.981990 0.226209
vt 0.879755 0.678309
vt 0.877387 0.666344
vt 0.888968 0.666344
vt 0.181402 0.031942
vt 0.318517 0.147180
vt 0.787081 0.681937
vt 0.800250 0.714438
vt 0.784620 0.700060
vt 0.805775 0.696888
vt 0.001270 0.040910
vt 0.940221 0.284908
vt 0.644450 0.386758
vt 0.156063 0.089661
vt 0.145371 0.082635
vt 0.207699 0.440111
vt 0.181663 0.448463
vt 0.206190 0.424504
vt 0.426451 0.991904
vt 0.429422 0.985901
vt 0.429422 0.995979
vt 0.059842 0.995669
vt 0.059842 0.986136
vt 0.063237 0.991030
vt 0.784938 0.804555
vt 0.205459 0.411094
vt 0.181328 0.394303
vt 0.211194 0.357503
vt 0.972167 0.147757
vt 0.962768 0.172313
vt 0.965104 0.133825
vt 0.138872 0.880051
vt 0.139031 0.912767
vt 0.133672 0.892786
vt 0.967755 0.914957
vt 0.970347 0.896809
vt 0.974002 0.918655
vt 0.809350 0.706410
vt 0.544160 0.818492
vt 0.889300 0.974894
vt 0.881087 0.988576
vt 0.880952 0.974894
vt 0.119171 0.077565
vt 0.779669 0.807019
vt 0.748839 0.869219
vt 0.222089 0.277795
vt 0.962768 0.123058
vt 0.551979 0.975528
vt 0.554024 0.813138
vt 0.897309 0.371627
vt 0.892034 0.348059
vt 0.196226 0.637383
vt 0.963528 0.681243
vt 0.963528 0.666503
vt 0.970724 0.675397
vt 0.970522 0.663813
vt 0.976409 0.669386
vt 0.648645 0.370952
vt 0.112022 0.212959
vt 0.106383 0.196418
vt 0.195318 0.972419
vt 0.187898 0.990966
vt 0.187898 0.971124
vt 0.131928 0.074675
vt 0.129035 0.908787
vt 0.128205 0.874201
vt 0.771216 0.686865
vt 0.775358 0.678953
vt 0.976558 0.938108
vt 0.976558 0.896077
vt 0.794872 0.717683
vt 0.779953 0.700928
vt 0.546624 0.839883
vt 0.556919 0.789545
vt 0.128762 0.958068
vt 0.128762 0.994348
vt 0.125290 0.991835
vt 0.304360 0.985420
vt 0.292931 0.980408
vt 0.304360 0.957490
vt 0.827344 0.278166
vt 0.778515 0.791550
vt 0.998162 0.484068
vt 0.998497 0.502670
vt 0.993931 0.498767
vt 0.155829 0.255232
vt 0.184872 0.497779
vt 0.207826 0.490566
vt 0.192592 0.472842
vt 0.305653 0.168208
vt 0.786688 0.720740
vt 0.822505 0.710304
vt 0.553952 0.835152
vt 0.952751 0.998170
vt 0.949464 0.990337
vt 0.952751 0.982217
vt 0.092732 0.206443
vt 0.799746 0.787816
vt 0.803445 0.802210
vt 0.966357 0.530259
vt 0.974608 0.502954
vt 0.972620 0.513112
vt 0.267948 0.995671
vt 0.262184 0.979667
vt 0.267948 0.966831
vt 0.113735 0.240676
vt 0.749666 0.180783
vt 0.319636 0.156949
vt 0.977412 0.323008
vt 0.967094 0.348551
vt 0.967094 0.309371
vt 0.139031 0.869386
vt 0.771529 0.706996
vt 0.828816 0.688095
vt 0.819527 0.727211
vt 0.515268 0.762597
vt 0.540031 0.753161
vt 0.174563 0.990469
vt 0.178961 0.977831
vt 0.178961 0.997202
vt 0.264741 0.270389
vt 0.748839 0.727987
vt 0.803127 0.732147
vt 0.531856 0.980099
vt 0.535204 0.995575
vt 0.531856 0.998870
vt 0.821759 0.678825
vt 0.820565 0.673777
vt 0.821759 0.668441
vt 0.890825 0.371887
vt 0.777462 0.177162
vt 0.787816 0.184458
vt 0.783744 0.272487
vt 0.181232 0.598590
vt 0.544783 0.084876
vt 0.660735 0.392094
vt 0.137057 0.085621
vt 0.984135 0.646201
vt 0.984135 0.611750
vt 0.991364 0.640076
vt 0.791306 0.017388
vt 0.790902 0.034629
vt 0.760605 0.000000
vt 0.728002 0.136261
vt 0.751371 0.140537
vt 0.493887 0.721615
vt 0.485812 0.731132
vt 0.482373 0.714361
vt 0.791350 0.731604
vt 0.177149 0.616391
vt 0.186101 0.530164
vt 0.121466 0.083789
vt 0.979961 0.875109
vt 0.987848 0.886971
vt 0.979961 0.895798
vt 0.183316 0.507431
vt 0.295412 0.507881
vt 0.758674 0.749389
vt 0.743140 0.005556
vt 0.760605 0.017393
vt 0.743787 0.012881
vt 0.450878 0.751344
vt 0.443242 0.732385
vt 0.640834 0.308503
vt 0.633772 0.303194
vt 0.640834 0.301080
vt 0.186945 0.567593
vt 0.175521 0.561320
vt 0.183437 0.546694
vt 0.102997 0.074102
vt 0.905182 0.585051
vt 0.921299 0.581178
vt 0.913681 0.596864
vt 0.905182 0.502954
vt 0.162497 0.478937
vt 0.743552 0.132008
vt 0.759022 0.133058
vt 0.065311 0.839715
vt 0.063517 0.838609
vt 0.085616 0.823390
vt 0.507544 0.554604
vt 0.508611 0.542440
vt 0.508611 0.581124
vt 0.755510 0.706586
vt 0.805550 0.729516
vt 0.974608 0.544579
vt 0.168491 0.529064
vt 0.377558 0.847943
vt 0.382533 0.899708
vt 0.368446 0.904678
vt 0.931757 0.841885
vt 0.922895 0.837550
vt 0.931757 0.832866
vt 0.181756 0.264883
vt 0.772944 0.026430
vt 0.316252 0.510254
vt 0.051882 0.856205
vt 0.042906 0.849688
vt 0.054177 0.846770
vt 0.716333 0.013421
vt 0.738780 0.000000
vt 0.292867 0.961460
vt 0.290092 0.948378
vt 0.292867 0.940309
vt 0.927631 0.148681
vt 0.917489 0.146624
vt 0.910915 0.132008
vt 0.309079 0.789446
vt 0.313238 0.769933
vt 0.319618 0.804640
vt 0.779862 0.144345
vt 0.780639 0.132008
vt 0.803019 0.144632
vt 0.169264 0.499320
vt 0.293174 0.495861
vt 0.059412 0.848108
vt 0.818719 0.742152
vt 0.080952 0.731582
vt 0.068378 0.747622
vt 0.070897 0.717371
vt 0.922711 0.160000
vt 0.917769 0.159468
vt 0.911372 0.151354
vt 0.618669 0.973110
vt 0.624848 0.982219
vt 0.618669 0.995180
vt 0.886704 0.360607
vt 0.565362 0.129618
vt 0.746383 0.194850
vt 0.050999 0.873646
vt 0.042781 0.860248
vt 0.828816 0.741465
vt 0.054085 0.714588
vt 0.794447 0.987892
vt 0.802358 0.978958
vt 0.802358 0.991051
vt 0.886704 0.312991
vt 0.095289 0.208472
vt 0.642518 0.432495
vt 0.993931 0.512360
vt 0.136950 0.769034
vt 0.124836 0.775423
vt 0.113070 0.764915
vt 0.900321 0.822836
vt 0.900321 0.841885
vt 0.890376 0.839141
vt 0.771543 0.762088
vt 0.500667 0.745689
vt 0.807024 0.749192
vt 0.088406 0.758587
vt 0.796046 0.966920
vt 0.933138 0.123058
vt 0.933138 0.115142
vt 0.937157 0.115458
vt 0.983808 0.570643
vt 0.992239 0.568014
vt 0.992239 0.594127
vt 0.099126 0.223163
vt 0.172213 0.543090
vt 0.319406 0.981521
vt 0.314044 0.997655
vt 0.314044 0.971289
vt 0.826355 0.045328
vt 0.818996 0.062242
vt 0.731921 0.210070
vt 0.745283 0.205888
vt 0.994533 0.997944
vt 0.994533 0.973192
vt 0.998994 0.992034
vt 0.819500 0.752936
vt 0.555041 0.760517
vt 0.565882 0.773355
vt 0.999324 0.699150
vt 0.999324 0.724028
vt 0.995301 0.714427
vt 0.938326 0.120686
vt 0.468700 0.975421
vt 0.468700 0.956988
vt 0.485145 0.953843
vt 0.170871 0.513125
vt 0.293689 0.248981
vt 0.739537 0.024181
vt 0.748812 0.909134
vt 0.748812 0.940173
vt 0.746417 0.925137
vt 0.965600 0.539171
vt 0.162562 0.391421
vt 0.758549 0.227906
vt 0.759142 0.759486
vt 0.165069 0.590629
vt 0.065406 0.186729
vt 0.090492 0.169367
vt 0.094767 0.176935
vt 0.201086 0.994629
vt 0.195576 0.988967
vt 0.201086 0.975181
vt 0.968229 0.697230
vt 0.972577 0.549085
vt 0.097529 0.230334
vt 0.999480 0.348175
vt 0.996475 0.346671
vt 0.999480 0.330787
vt 0.484412 0.969832
vt 0.368446 0.830620
vt 0.399668 0.866168
vt 0.790084 0.055155
vt 0.104202 0.768554
vt 0.059338 0.862690
vt 0.179752 0.995352
vt 0.179752 0.977831
vt 0.184596 0.984816
vt 0.984170 0.451573
vt 0.989991 0.480248
vt 0.984170 0.494019
vt 0.176263 0.641462
vt 0.089570 0.196068
vt 0.187898 0.928079
vt 0.195482 0.939504
vt 0.162581 0.435377
vt 0.725710 0.175580
vt 0.486406 0.964757
vt 0.492252 0.977589
vt 0.486406 0.995711
vt 0.763713 0.772369
vt 0.825488 0.753946
vt 0.920099 0.172231
vt 0.933138 0.172135
vt 0.000000 0.976080
vt 0.008336 0.969853
vt 0.008336 0.985042
vt 0.000983 0.990805
vt 0.061704 0.202189
vt 0.068385 0.175990
vt 0.584936 0.112692
vt 0.074023 0.409685
vt 0.057671 0.396486
vt 0.069779 0.368679
vt 0.106991 0.242764
vt 0.640651 0.994113
vt 0.640651 0.966097
vt 0.647066 0.976637
vt 0.165487 0.474801
vt 0.996013 0.611750
vt 0.996013 0.649686
vt 0.991365 0.629626
vt 0.997405 0.451573
vt 0.997957 0.462764
vt 0.993931 0.467441
vt 0.927053 0.168700
vt 0.806663 0.254123
vt 0.803229 0.278010
vt 0.882802 0.399882
vt 0.863136 0.395167
vt 0.886704 0.386473
vt 0.066293 0.214384
vt 0.076025 0.235705
vt 0.963528 0.697230
vt 0.974265 0.715786
vt 0.966235 0.717240
vt 0.156848 0.546989
vt 0.114444 0.261700
vt 0.020482 0.357503
vt 0.018460 0.372046
vt 0.713736 0.042736
vt 0.923581 0.175951
vt 0.649252 0.965862
vt 0.654155 0.928917
vt 0.655254 0.945842
vt 0.065806 0.211578
vt 0.053808 0.230877
vt 0.054322 0.209094
vt 0.407834 0.996988
vt 0.405577 0.983190
vt 0.410259 0.983190
vt 0.086623 0.139652
vt 0.959691 0.663813
vt 0.963528 0.665247
vt 0.963528 0.713519
vt 0.803445 0.843942
vt 0.961777 0.065237
vt 0.973247 0.090911
vt 0.961777 0.105877
vt 0.056096 0.986136
vt 0.056096 0.953809
vt 0.064072 0.968979
vt 0.985251 0.940259
vt 0.992046 0.928688
vt 0.992046 0.945906
vt 0.049291 0.878190
vt 0.805893 0.763075
vt 0.285506 0.910530
vt 0.290092 0.938637
vt 0.275924 0.944115
vt 0.164486 0.622061
vt 0.478335 0.975421
vt 0.483828 0.981139
vt 0.478335 0.994229
vt 0.137021 0.828126
vt 0.138909 0.830257
vt 0.137021 0.835027
vt 0.988455 0.597632
vt 0.200045 0.308914
vt 0.064338 0.883932
vt 0.077647 0.772828
vt 0.087224 0.787222
vt 0.987114 0.905822
vt 0.992628 0.909432
vt 0.985251 0.928688
vt 0.984918 0.309371
vt 0.986251 0.332991
vt 0.977412 0.309592
vt 0.663567 0.418666
vt 0.963528 0.736287
vt 0.153992 0.507308
vt 0.034939 0.227723
vt 0.988825 0.901573
vt 0.062180 0.217450
vt 0.940341 0.996072
vt 0.935363 0.991085
vt 0.940341 0.980500
vt 0.994332 0.102826
vt 0.994332 0.078457
vt 0.998624 0.092700
vt 0.303329 0.799266
vt 0.633181 0.427491
vt 0.245153 0.972586
vt 0.245153 0.998972
vt 0.241392 0.973639
vt 0.296399 0.528461
vt 0.575848 0.808142
vt 0.564500 0.806568
vt 0.997957 0.484068
vt 0.910915 0.191547
vt 0.640759 0.966097
vt 0.038341 0.162843
vt 0.065595 0.145457
vt 0.040580 0.180540
vt 0.985251 0.896077
vt 0.823913 0.867727
vt 0.827491 0.878437
vt 0.821648 0.878837
vt 0.071945 0.225176
vt 0.791278 0.178758
vt 0.776873 0.161926
vt 0.124615 0.928721
vt 0.112095 0.958068
vt 0.112095 0.915965
vt 0.987138 0.055996
vt 0.986148 0.070216
vt 0.979030 0.044175
vt 0.981840 0.065345
vt 0.063536 0.179559
vt 0.611729 0.790990
vt 0.608727 0.787695
vt 0.611729 0.782747
vt 0.998049 0.107288
vt 0.092913 0.263455
vt 0.161107 0.529239
vt 0.139215 0.433745
vt 0.775603 0.047691
vt 0.822653 0.763063
vt 0.567402 0.814308
vt 0.027832 0.289106
vt 0.506525 0.714361
vt 0.509404 0.731972
vt 0.506525 0.771791
vt 0.066826 0.198825
vt 0.057416 0.206092
vt 0.828816 0.919259
vt 0.828816 0.856491
vt 0.047233 0.248812
vt 0.067413 0.212106
vt 0.083421 0.255738
vt 0.870656 0.369379
vt 0.877777 0.349671
vt 0.885610 0.350310
vt 0.195576 0.888932
vt 0.195576 0.863026
vt 0.208633 0.858750
vt 0.060535 0.905041
vt 0.045215 0.892204
vt 0.474034 0.775562
vt 0.575537 0.811989
vt 0.957942 0.859261
vt 0.957942 0.840158
vt 0.968247 0.855333
vt 0.841700 0.374096
vt 0.795883 0.185518
vt 0.304750 0.802076
vt 0.952271 0.686857
vt 0.977412 0.335989
vt 0.153697 0.516602
vt 0.189301 0.284681
vt 0.232813 0.302046
vt 0.765560 0.049828
vt 0.311902 0.534044
vt 0.717060 0.188030
vt 0.640759 0.923651
vt 0.090419 0.917809
vt 0.087081 0.923921
vt 0.089436 0.905041
vt 0.066940 0.916771
vt 0.027350 0.263411
vt 0.545656 0.978372
vt 0.540912 0.996945
vt 0.540912 0.975528
vt 0.243628 0.677374
vt 0.260577 0.691994
vt 0.248152 0.715005
vt 0.074112 0.897007
vt 0.804551 0.774000
vt 0.989043 0.674989
vt 0.994687 0.663336
vt 0.994687 0.699150
vt 0.961596 0.890960
vt 0.965188 0.893113
vt 0.000000 0.208556
vt 0.984437 0.341333
vt 0.863181 0.336397
vt 0.869439 0.326321
vt 0.257038 0.648403
vt 0.268715 0.647320
vt 0.279327 0.654260
vt 0.120460 0.951697
vt 0.710958 0.028398
vt 0.159904 0.659634
vt 0.191210 0.649236
vt 0.192067 0.661956
vt 0.285405 0.964517
vt 0.065031 0.807550
vt 0.927234 0.186559
vt 0.911431 0.188820
vt 0.002294 0.251578
vt 0.001291 0.179691
vt 0.102859 0.436991
vt 0.091460 0.422364
vt 0.118010 0.430768
vt 0.844552 0.340664
vt 0.808045 0.996971
vt 0.808045 0.970045
vt 0.813661 0.977325
vt 0.988261 0.828749
vt 0.992213 0.838997
vt 0.985617 0.838997
vt 0.647707 0.433748
vt 0.175997 0.268611
vt 0.167892 0.272660
vt 0.273040 0.670010
vt 0.700879 0.169759
vt 0.097210 0.792232
vt 0.113865 0.792189
vt 0.762749 0.787816
vt 0.048042 0.743441
vt 0.048233 0.726507
vt 0.090419 0.933900
vt 0.171814 0.967256
vt 0.169270 0.957524
vt 0.179424 0.965501
vt 0.183060 0.971849
vt 0.184596 0.965091
vt 0.614330 0.444674
vt 0.617529 0.395576
vt 0.622022 0.421848
vt 0.607236 0.839044
vt 0.608381 0.846243
vt 0.607236 0.848394
vt 0.143424 0.464646
vt 0.140120 0.403110
vt 0.783329 0.078487
vt 0.721865 0.794226
vt 0.732002 0.790430
vt 0.738209 0.806647
vt 0.216843 0.874861
vt 0.748839 0.761778
vt 0.733327 0.738903
vt 0.743228 0.711036
vt 0.813892 0.266203
vt 0.819844 0.278166
vt 0.815073 0.228349
vt 0.819994 0.251319
vt 0.822507 0.182125
vt 0.080728 0.434939
vt 0.061850 0.421808
vt 0.098817 0.277988
vt 0.811167 0.145971
vt 0.866540 0.306375
vt 0.872176 0.287139
vt 0.881484 0.306422
vt 0.709775 0.140267
vt 0.129716 0.953478
vt 0.068169 0.882582
vt 0.258223 0.995605
vt 0.252361 0.980646
vt 0.257686 0.983836
vt 0.064088 0.930647
vt 0.123131 0.454338
vt 0.979030 0.077933
vt 0.575952 0.112477
vt 0.586030 0.111558
vt 0.317820 0.932398
vt 0.315896 0.947701
vt 0.311195 0.926859
vt 0.124369 0.269655
vt 0.447723 0.782098
vt 0.290092 0.961289
vt 0.051322 0.763939
vt 0.449164 0.000000
vt 0.436004 0.004247
vt 0.402129 0.003768
vt 0.849997 0.394076
vt 0.628224 0.428873
vt 0.319406 0.948245
vt 0.266963 0.685223
vt 0.535204 0.978997
vt 0.540598 0.975528
vt 0.535204 0.993380
vt 0.058235 0.784382
vt 0.081846 0.943808
vt 0.319500 0.448092
vt 0.319500 0.470456
vt 0.317326 0.457815
vt 0.597420 0.980400
vt 0.601859 0.995297
vt 0.597420 0.992573
vt 0.025155 0.418574
vt 0.136308 0.279281
vt 0.891159 0.279937
vt 0.101873 0.799936
vt 0.258223 0.974454
vt 0.465608 0.008918
vt 0.486879 0.008447
vt 0.004675 0.170401
vt 0.020199 0.289400
vt 0.139215 0.465474
vt 0.829404 0.251722
vt 0.603026 0.985457
vt 0.897193 0.306403
vt 0.767819 0.092634
vt 0.710528 0.214512
vt 0.540912 0.983368
vt 0.020905 0.729075
vt 0.391133 0.011503
vt 0.959899 0.547868
vt 0.956406 0.502954
vt 0.965600 0.540140
vt 0.096003 0.275937
vt 0.844997 0.323067
vt 0.000000 0.410872
vt 0.991966 0.272271
vt 0.986884 0.253656
vt 0.991966 0.229007
vt 0.180480 0.296517
vt 0.144621 0.394826
vt 0.809446 0.079487
vt 0.761876 0.069285
vt 0.690954 0.145588
vt 0.184911 0.993573
vt 0.187898 0.995911
vt 0.489367 0.788389
vt 0.444326 0.006446
vt 0.378140 0.016492
vt 0.103004 0.498849
vt 0.088009 0.451125
vt 0.823695 0.194529
vt 0.111264 0.289480
vt 0.820079 0.163939
vt 0.853794 0.314733
vt 0.878707 0.313826
vt 0.708214 0.800463
vt 0.114124 0.818948
vt 0.506525 0.760741
vt 0.208070 0.647577
vt 0.365498 0.026535
vt 0.368239 0.013142
vt 0.348524 0.949330
vt 0.350962 0.936170
vt 0.350962 0.963224
vt 0.958280 0.559204
vt 0.303329 0.875442
vt 0.215990 0.954921
vt 0.215990 0.992665
vt 0.213893 0.965834
vt 0.841700 0.329632
vt 0.212644 0.895684
vt 0.890530 0.141143
vt 0.891805 0.154028
vt 0.887808 0.156336
vt 0.843198 0.967934
vt 0.841866 0.962898
vt 0.848610 0.967338
vt 0.278698 0.970875
vt 0.275924 0.979976
vt 0.275924 0.964517
vt 0.703009 0.050657
vt 0.317693 0.357503
vt 0.319636 0.384185
vt 0.317693 0.400158
vt 0.066341 0.465320
vt 0.315888 0.955760
vt 0.634837 0.457710
vt 0.634666 0.432100
vt 0.821109 0.155270
vt 0.238321 0.827239
vt 0.243628 0.850932
vt 0.238321 0.857540
vt 0.702719 0.787122
vt 0.719562 0.776787
vt 0.738117 0.783438
vt 0.717244 0.768194
vt 0.897193 0.268638
vt 0.288708 0.671456
vt 0.145836 0.665513
vt 0.141709 0.681964
vt 0.176425 0.673068
vt 0.205847 0.660284
vt 0.343362 0.043532
vt 0.356548 0.018655
vt 0.458385 0.018471
vt 0.456553 0.007966
vt 0.956406 0.567432
vt 0.212442 0.977048
vt 0.628057 0.442500
vt 0.848407 0.309371
vt 0.829404 0.159894
vt 0.699915 0.806239
vt 0.509442 0.894766
vt 0.509442 0.917376
vt 0.506530 0.902583
vt 0.208968 0.909313
vt 0.227714 0.901329
vt 0.233801 0.876504
vt 0.797426 0.502550
vt 0.797426 0.486251
vt 0.798870 0.494214
vt 0.319385 0.554648
vt 0.847669 0.977630
vt 0.085616 0.901416
vt 0.853845 0.954433
vt 0.976588 0.388816
vt 0.981789 0.414044
vt 0.976588 0.439494
vt 0.495615 0.020873
vt 0.582427 0.145924
vt 0.954510 0.722445
vt 0.642818 0.459996
vt 0.292638 0.854736
vt 0.303307 0.858062
vt 0.292457 0.864747
vt 0.448527 0.990800
vt 0.448527 0.975640
vt 0.455143 0.981174
vt 0.697761 0.796548
vt 0.827331 0.146556
vt 0.721193 0.761306
vt 0.890376 0.822836
vt 0.890376 0.841494
vt 0.872580 0.826385
vt 0.102078 0.818376
vt 0.990084 0.513801
vt 0.990084 0.563496
vt 0.985160 0.530333
vt 0.026914 0.305979
vt 0.169270 0.977831
vt 0.622738 0.455715
vt 0.315981 0.963565
vt 0.875171 0.131746
vt 0.885190 0.092244
vt 0.888985 0.112505
vt 0.820565 0.668441
vt 0.820565 0.653612
vt 0.821923 0.658372
vt 0.841866 0.946501
vt 0.710386 0.048377
vt 0.988957 0.388816
vt 0.993720 0.410684
vt 0.988957 0.431378
vt 0.061276 0.439712
vt 0.706286 0.768135
vt 0.267948 0.991971
vt 0.275924 0.977567
vt 0.729443 0.687265
vt 0.748839 0.684967
vt 0.017286 0.944762
vt 0.003882 0.954822
vt 0.000000 0.944762
vt 0.799085 0.102477
vt 0.811868 0.086041
vt 0.903366 0.167362
vt 0.910916 0.164053
vt 0.976588 0.430196
vt 0.967223 0.416688
vt 0.985377 0.756913
vt 0.985377 0.743342
vt 0.989859 0.767201
vt 0.051002 0.300315
vt 0.226297 0.914534
vt 0.694174 0.778837
vt 0.233095 0.906211
vt 0.710091 0.756290
vt 0.976409 0.663336
vt 0.985322 0.689979
vt 0.976409 0.697230
vt 0.881753 0.105587
vt 0.875171 0.069820
vt 0.290133 0.681564
vt 0.302645 0.553785
vt 0.594092 0.134315
vt 0.229631 0.976844
vt 0.233578 0.984110
vt 0.229631 0.997878
vt 0.655257 0.475288
vt 0.303307 0.877122
vt 0.036146 0.440483
vt 0.144270 0.287166
vt 0.042782 0.953809
vt 0.050457 0.953823
vt 0.042782 0.981011
vt 0.716425 0.721828
vt 0.728054 0.705237
vt 0.992041 0.741242
vt 0.353468 0.037645
vt 0.480751 0.017489
vt 0.294498 0.804396
vt 0.268468 0.819178
vt 0.286618 0.799769
vt 0.692392 0.223136
vt 0.904980 0.997453
vt 0.901784 0.998734
vt 0.901784 0.981435
vt 0.157620 0.683518
vt 0.707269 0.997934
vt 0.707269 0.980771
vt 0.711664 0.986171
vt 0.986141 0.776111
vt 0.222435 0.647320
vt 0.228550 0.647598
vt 0.228827 0.656840
vt 0.093543 0.306099
vt 0.138633 0.289088
vt 0.971402 0.180859
vt 0.962768 0.197548
vt 0.282683 0.696352
vt 0.780057 0.099727
vt 0.293341 0.690190
vt 0.882353 0.174562
vt 0.828816 0.976946
vt 0.828816 0.946501
vt 0.841540 0.959410
vt 0.992265 0.752485
vt 0.471261 0.801273
vt 0.009576 0.785493
vt 0.500885 0.019170
vt 0.351187 0.975798
vt 0.358157 0.965649
vt 0.364022 0.972822
vt 0.209282 0.318722
vt 0.783533 0.502954
vt 0.781793 0.515367
vt 0.764843 0.520185
vt 0.370354 0.963857
vt 0.379423 0.986156
vt 0.368446 0.986156
vt 0.302621 0.688581
vt 0.307882 0.664555
vt 0.876500 0.196849
vt 0.876500 0.132008
vt 0.689370 0.064485
vt 0.828816 0.991788
vt 0.833507 0.976946
vt 0.833507 0.997431
vt 0.802358 0.983382
vt 0.807510 0.982853
vt 0.808045 0.996927
vt 0.563521 0.183951
vt 0.363922 0.967276
vt 0.361375 0.959766
vt 0.351187 0.955296
vt 0.821962 0.787816
vt 0.828816 0.813222
vt 0.821962 0.842779
vt 0.096338 0.943808
vt 0.092114 0.963389
vt 0.084505 0.968867
vt 0.319444 0.679211
vt 0.684114 0.177811
vt 0.675772 0.236859
vt 0.881061 0.198010
vt 0.907707 0.175875
vt 0.991129 0.773108
vt 0.996013 0.631202
vt 0.999844 0.618514
vt 0.982256 0.430836
vt 0.488728 0.052717
vt 0.102168 0.282842
vt 0.106338 0.300970
vt 0.486923 0.928752
vt 0.468700 0.913051
vt 0.484420 0.905083
vt 0.703538 0.741220
vt 0.056096 0.969577
vt 0.886486 0.077343
vt 0.283238 0.692197
vt 0.660213 0.269911
vt 0.675559 0.257399
vt 0.662255 0.283254
vt 0.118418 0.832111
vt 0.903322 0.176122
vt 0.936081 0.943739
vt 0.916885 0.938700
vt 0.940444 0.930849
vt 0.141926 0.691045
vt 0.945246 0.982217
vt 0.945246 0.996585
vt 0.940444 0.988199
vt 0.208989 0.670123
vt 0.591972 0.147512
vt 0.595887 0.141385
vt 0.084042 0.315875
vt 0.311195 0.971289
vt 0.396892 0.979928
vt 0.388760 0.990592
vt 0.388760 0.974290
vt 0.675169 0.967847
vt 0.683318 0.966845
vt 0.683318 0.990471
vt 0.629553 0.819884
vt 0.608591 0.791689
vt 0.655688 0.804870
vt 0.740305 0.868566
vt 0.748839 0.865065
vt 0.743757 0.909134
vt 0.191496 0.667245
vt 0.197875 0.661282
vt 0.209265 0.659940
vt 0.438637 0.806507
vt 0.438637 0.726866
vt 0.442966 0.736053
vt 0.112855 0.293973
vt 0.693983 0.729370
vt 0.691097 0.745341
vt 0.707831 0.735622
vt 0.853844 0.963820
vt 0.870507 0.953856
vt 0.870507 0.975005
vt 0.715462 0.691721
vt 0.714271 0.678953
vt 0.535204 0.928098
vt 0.536394 0.905782
vt 0.541521 0.923350
vt 0.096338 0.977171
vt 0.179125 0.669532
vt 0.193703 0.671401
vt 0.303329 0.854275
vt 0.284420 0.854736
vt 0.295162 0.826470
vt 0.007370 0.969853
vt 0.921180 0.119550
vt 0.911292 0.128942
vt 0.911292 0.114453
vt 0.552428 0.938902
vt 0.299596 0.704567
vt 0.675559 0.287041
vt 0.169132 0.684090
vt 0.731810 0.859147
vt 0.999828 0.780990
vt 0.996044 0.776885
vt 0.999828 0.763052
vt 0.491344 0.802424
vt 0.129376 0.489064
vt 0.958317 0.733302
vt 0.664235 0.496976
vt 0.142001 0.289229
vt 0.290111 0.981564
vt 0.290111 0.961460
vt 0.292867 0.969943
vt 0.815453 0.973098
vt 0.821852 0.984844
vt 0.815453 0.994607
vt 0.696440 0.069984
vt 0.731810 0.869047
vt 0.224422 0.673273
vt 0.016048 0.969853
vt 0.016048 0.990419
vt 0.008336 0.988077
vt 0.636906 0.463388
vt 0.099649 0.313995
vt 0.146885 0.294181
vt 0.902843 0.198110
vt 0.243628 0.667739
vt 0.343965 0.052713
vt 0.499884 0.032535
vt 0.620975 0.467374
vt 0.052625 0.465653
vt 0.022764 0.442826
vt 0.605640 0.989480
vt 0.610497 0.980400
vt 0.610497 0.996410
vt 0.987138 0.077933
vt 0.987138 0.037057
vt 0.992400 0.061019
vt 0.468700 0.953843
vt 0.318251 0.692820
vt 0.309687 0.943220
vt 0.292931 0.926859
vt 0.311195 0.937340
vt 0.785552 0.916096
vt 0.782065 0.905765
vt 0.785552 0.895365
vt 0.229854 0.667680
vt 0.453551 0.804879
vt 0.020464 0.822005
vt 0.000000 0.753639
vt 0.317000 0.877493
vt 0.995545 0.662614
vt 0.990576 0.656928
vt 0.995545 0.650255
vt 0.395663 0.990097
vt 0.703909 0.711669
vt 0.305149 0.716319
vt 0.304032 0.702433
vt 0.922075 0.127317
vt 0.770532 0.129825
vt 0.662698 0.307452
vt 0.838854 0.678812
vt 0.833881 0.678812
vt 0.835536 0.672765
vt 0.915586 0.901949
vt 0.915586 0.968290
vt 0.922687 0.958884
vt 0.930619 0.974190
vt 0.367647 0.956869
vt 0.010753 0.435065
vt 0.624848 0.990702
vt 0.624848 0.973110
vt 0.632359 0.981261
vt 0.260916 0.809171
vt 0.393363 0.923845
vt 0.398188 0.940265
vt 0.368446 0.928275
vt 0.914580 0.984953
vt 0.909003 0.993959
vt 0.909003 0.981435
vt 0.332906 0.064140
vt 0.491896 0.023814
vt 0.494733 0.048928
vt 0.270407 0.847637
vt 0.685876 0.807851
vt 0.678151 0.816404
vt 0.668670 0.806647
vt 0.699205 0.687133
vt 0.618024 0.820429
vt 0.911130 0.376348
vt 0.917652 0.375371
vt 0.914696 0.391414
vt 0.311747 0.567774
vt 0.311110 0.557298
vt 0.317729 0.554648
vt 0.292931 0.955409
vt 0.155386 0.722975
vt 0.139215 0.704588
vt 0.160792 0.696841
vt 0.508959 0.039252
vt 0.086978 0.493649
vt 0.034853 0.320055
vt 0.138113 0.759988
vt 0.133137 0.757619
vt 0.138113 0.687825
vt 0.079296 0.343620
vt 0.091320 0.326798
vt 0.038046 0.973723
vt 0.026998 0.968099
vt 0.038046 0.961458
vt 0.111869 0.308556
vt 0.951105 0.834854
vt 0.938462 0.818923
vt 0.953190 0.812525
vt 0.920515 0.072216
vt 0.917935 0.085429
vt 0.911292 0.080558
vt 0.910324 0.097208
vt 0.766137 0.533211
vt 0.754702 0.529246
vt 0.652088 0.829623
vt 0.993243 0.322221
vt 0.992473 0.309371
vt 0.996475 0.327972
vt 0.939811 0.309371
vt 0.924252 0.304322
vt 0.939811 0.285466
vt 0.105645 0.846030
vt 0.712944 0.301984
vt 0.721719 0.263460
vt 0.735343 0.291925
vt 0.891746 0.673394
vt 0.899023 0.678701
vt 0.633438 0.475044
vt 0.996906 0.246673
vt 0.996514 0.233520
vt 0.999953 0.229007
vt 0.106605 0.978090
vt 0.097210 0.988924
vt 0.874401 0.940436
vt 0.874401 0.949612
vt 0.872079 0.949213
vt 0.136950 0.848431
vt 0.940444 0.896077
vt 0.596450 0.233849
vt 0.899023 0.666361
vt 0.985061 0.494019
vt 0.989992 0.507826
vt 0.985061 0.513385
vt 0.517612 0.980823
vt 0.509661 0.989141
vt 0.509661 0.971262
vt 0.924219 0.078228
vt 0.398188 0.904677
vt 0.809744 0.509344
vt 0.794039 0.525752
vt 0.916576 0.219799
vt 0.907060 0.232159
vt 0.926050 0.198110
vt 0.319636 0.726866
vt 0.339817 0.747914
vt 0.319918 0.747986
vt 0.637302 0.834275
vt 0.996735 0.580022
vt 0.999276 0.572909
vt 1.000000 0.585800
vt 1.000000 0.568014
vt 0.300864 0.957490
vt 0.317729 0.589575
vt 0.977252 0.031707
vt 0.967906 0.039397
vt 0.202451 0.697830
vt 0.047876 0.823390
vt 0.116328 0.506103
vt 0.698456 0.971084
vt 0.707269 0.980699
vt 0.698456 0.987060
vt 0.937153 0.092325
vt 0.822294 0.509109
vt 0.817455 0.541882
vt 0.376583 0.727250
vt 0.628848 0.841017
vt 0.619662 0.828365
vt 0.293174 0.580478
vt 0.226158 0.691640
vt 0.241832 0.683639
vt 0.776826 0.949074
vt 0.779342 0.963079
vt 0.766166 0.961406
vt 0.061909 0.490370
vt 0.608897 0.616187
vt 0.601717 0.602389
vt 0.605829 0.591005
vt 0.999953 0.247710
vt 0.640834 0.309064
vt 0.646907 0.305707
vt 0.925212 0.070563
vt 0.940322 0.074342
vt 0.911292 0.080746
vt 0.315240 0.717844
vt 0.535204 0.955495
vt 0.992473 0.347152
vt 0.760605 0.126451
vt 0.373119 0.752638
vt 0.490899 0.925211
vt 0.487699 0.950599
vt 0.487699 0.918022
vt 0.637668 0.957324
vt 0.634179 0.922436
vt 0.639837 0.924083
vt 0.917652 0.396367
vt 0.909903 0.399296
vt 0.905312 0.273494
vt 0.897193 0.278975
vt 0.293612 0.571567
vt 0.976820 0.377010
vt 0.986831 0.372430
vt 0.594567 0.184659
vt 0.772694 0.485403
vt 0.768986 0.494565
vt 0.756666 0.488680
vt 0.772694 0.502111
vt 0.442913 0.968511
vt 0.442642 0.993022
vt 0.435972 0.968511
vt 0.611581 0.588030
vt 0.603451 0.613396
vt 0.621392 0.487826
vt 0.031978 0.986827
vt 0.706668 0.823940
vt 0.709462 0.806647
vt 0.668670 0.729655
vt 0.555162 0.947125
vt 0.605379 0.923873
vt 0.587062 0.931796
vt 0.606440 0.904004
vt 0.907521 0.395220
vt 0.930619 0.943739
vt 0.996514 0.254937
vt 0.999629 0.247710
vt 0.999629 0.266706
vt 0.518349 0.189368
vt 0.510640 0.208533
vt 0.615874 0.481896
vt 0.611760 0.471896
vt 0.997086 0.873152
vt 0.992695 0.872601
vt 0.997086 0.840158
vt 0.782515 0.307537
vt 0.776872 0.291010
vt 0.794957 0.306324
vt 0.934206 0.069820
vt 0.314186 0.742141
vt 0.306149 0.736797
vt 0.756666 0.502920
vt 0.740731 0.500726
vt 0.756666 0.485403
vt 0.368138 0.896754
vt 0.353197 0.932145
vt 0.351187 0.902096
vt 0.922895 0.841885
vt 0.912576 0.841885
vt 0.917673 0.826815
vt 0.980167 0.123058
vt 0.989621 0.123058
vt 0.984766 0.150776
vt 0.904101 0.278762
vt 0.112986 0.863336
vt 0.169253 0.701154
vt 0.710803 0.257230
vt 0.735343 0.236859
vt 0.900620 0.069820
vt 0.891965 0.047235
vt 0.908583 0.063196
vt 0.232053 0.682083
vt 0.532598 0.183604
vt 0.779342 0.918349
vt 0.765245 0.920627
vt 0.982505 0.946293
vt 0.988737 0.955178
vt 0.983634 0.954298
vt 0.706782 0.957077
vt 0.250613 0.848283
vt 0.860027 0.996837
vt 0.858971 0.975004
vt 0.864003 0.975004
vt 0.587722 0.922350
vt 0.396289 0.753109
vt 0.118925 0.869385
vt 0.977769 0.264633
vt 0.986884 0.241941
vt 0.986884 0.272271
vt 0.744685 0.843559
vt 0.464862 0.824341
vt 0.342559 0.096878
vt 0.338240 0.064318
vt 0.973462 0.274708
vt 0.958609 0.279270
vt 0.960262 0.272573
vt 0.992306 0.032583
vt 0.984884 0.000946
vt 0.992306 0.000000
vt 0.022748 0.941644
vt 0.009048 0.912998
vt 0.016605 0.906345
vt 0.938462 0.828467
vt 0.670521 0.827730
vt 0.670207 0.816619
vt 0.244846 0.818851
vt 0.245534 0.810485
vt 0.998277 0.663336
vt 0.998277 0.693028
vt 0.994687 0.667290
vt 0.362891 0.920435
vt 0.614149 0.843428
vt 0.205239 0.983493
vt 0.201086 0.998799
vt 0.976509 0.798050
vt 0.974379 0.832772
vt 0.966490 0.807952
vt 0.709445 0.282903
vt 0.474385 0.825278
vt 0.422462 0.988232
vt 0.418720 0.996557
vt 0.418720 0.985901
vt 0.090947 0.343370
vt 0.630171 0.485579
vt 0.025532 0.938454
vt 0.791078 0.547961
vt 0.912456 0.232584
vt 0.995258 0.678191
vt 0.992044 0.275582
vt 0.997252 0.272573
vt 0.997252 0.304278
vt 0.829190 0.678812
vt 0.829190 0.671473
vt 0.833881 0.678131
vt 0.678993 0.094847
vt 0.682389 0.071206
vt 0.655833 0.907104
vt 0.668065 0.904604
vt 0.668065 0.923651
vt 0.139215 0.985499
vt 0.139215 0.961509
vt 0.150532 0.984974
vt 0.169270 0.909039
vt 0.162304 0.914708
vt 0.166712 0.867735
vt 0.998743 0.724028
vt 0.998638 0.733989
vt 0.995301 0.724292
vt 0.995301 0.741236
vt 0.926050 0.273390
vt 0.606440 0.958670
vt 0.630111 0.967440
vt 0.695158 0.306546
vt 0.902378 0.034911
vt 0.453634 0.826131
vt 0.958677 0.291351
vt 0.759926 0.264963
vt 0.765564 0.257510
vt 0.764931 0.265034
vt 0.712258 0.896480
vt 0.713149 0.908022
vt 0.700818 0.903817
vt 0.934751 0.099084
vt 0.673879 0.837530
vt 0.243628 0.769933
vt 0.502013 0.940529
vt 0.976509 0.838711
vt 0.335416 0.976038
vt 0.327639 0.981237
vt 0.327639 0.966250
vt 0.735344 0.236859
vt 0.637755 0.485978
vt 0.701912 0.929011
vt 0.709316 0.929949
vt 0.709537 0.836435
vt 0.766023 0.542983
vt 0.292555 0.925220
vt 0.290092 0.940309
vt 0.290092 0.910530
vt 0.577591 0.602930
vt 0.565163 0.613743
vt 0.563421 0.600946
vt 0.825838 0.848999
vt 0.231370 0.695033
vt 0.443242 0.826067
vt 0.888335 0.399882
vt 0.915715 0.422287
vt 0.893736 0.410420
vt 0.157013 0.869327
vt 0.645234 0.502309
vt 0.638113 0.488042
vt 0.988895 0.960229
vt 0.023114 0.944439
vt 0.596323 0.616069
vt 0.339840 0.936170
vt 0.344567 0.947489
vt 0.337254 0.953339
vt 0.924072 0.366499
vt 0.937326 0.390337
vt 0.917684 0.383058
vt 0.801449 0.305702
vt 0.801449 0.280727
vt 0.722777 0.832175
vt 0.722604 0.810219
vt 0.309623 0.754741
vt 0.921703 0.294028
vt 0.909191 0.289552
vt 0.920627 0.280173
vt 0.322873 0.769297
vt 0.333348 0.772223
vt 0.319636 0.790014
vt 0.688544 0.293360
vt 0.898616 0.448488
vt 0.973462 0.292909
vt 0.646970 0.301080
vt 0.653494 0.307918
vt 0.646907 0.308414
vt 0.653436 0.301080
vt 0.554698 0.618641
vt 0.387110 0.760433
vt 0.731000 0.861824
vt 0.731000 0.881639
vt 0.722777 0.868220
vt 0.493539 0.962735
vt 0.162428 0.710957
vt 0.227929 0.700746
vt 0.335359 0.992287
vt 0.558829 0.199221
vt 0.596496 0.623031
vt 0.717259 0.898677
vt 0.243628 0.839456
vt 0.909480 0.073256
vt 0.339147 0.793264
vt 0.755783 0.983742
vt 0.755783 0.996796
vt 0.751414 0.986262
vt 0.822773 0.856491
vt 0.375303 0.768861
vt 0.999501 0.169947
vt 0.995459 0.184011
vt 0.995459 0.159931
vt 0.640372 0.865032
vt 0.042782 0.994610
vt 0.038126 0.974808
vt 0.042782 0.961458
vt 0.766307 0.284838
vt 0.628186 0.496192
vt 0.937684 0.398435
vt 0.917684 0.397398
vt 0.509661 0.970773
vt 0.513541 0.964497
vt 0.514093 0.970671
vt 0.744263 0.551743
vt 0.750913 0.550767
vt 0.748148 0.572837
vt 0.587415 0.958461
vt 0.488037 0.964757
vt 0.645847 0.853132
vt 0.209704 0.698885
vt 0.332436 0.085802
vt 0.507544 0.600685
vt 0.507544 0.581124
vt 0.509494 0.594864
vt 0.993654 0.504666
vt 0.989991 0.513667
vt 0.989991 0.500554
vt 0.971218 0.487727
vt 0.977927 0.490500
vt 0.968605 0.493704
vt 0.348524 0.949034
vt 0.700818 0.881704
vt 0.789917 0.278166
vt 0.938626 0.838957
vt 0.535523 0.588030
vt 0.365911 0.929357
vt 0.640031 0.839862
vt 0.998164 0.421270
vt 0.998164 0.451197
vt 0.993719 0.450643
vt 0.222057 0.709030
vt 0.897742 0.218803
vt 0.890328 0.207139
vt 0.907060 0.198110
vt 0.241916 0.701827
vt 0.497229 0.068176
vt 0.085625 0.535988
vt 0.056240 0.496063
vt 0.013190 0.944762
vt 0.000000 0.943992
vt 0.748792 0.940173
vt 0.748792 0.959758
vt 0.746417 0.950233
vt 0.693089 0.847543
vt 0.309883 0.768885
vt 0.090468 0.926640
vt 0.096166 0.897793
vt 0.096166 0.934931
vt 0.327294 0.818716
vt 0.471312 0.839671
vt 0.472290 0.828918
vt 0.485698 0.826131
vt 0.532851 0.599684
vt 0.976820 0.379284
vt 0.983402 0.377010
vt 0.983402 0.388343
vt 0.668065 0.807976
vt 0.663254 0.833663
vt 0.639837 0.970050
vt 0.160970 0.726106
vt 0.667568 0.889566
vt 0.894657 0.021793
vt 0.904960 0.026864
vt 0.509661 0.045804
vt 0.056845 0.520677
vt 0.613904 0.171513
vt 0.613963 0.185932
vt 0.607291 0.159139
vt 0.131616 0.923472
vt 0.130138 0.912767
vt 0.139031 0.923967
vt 0.984071 0.995632
vt 0.984071 0.985513
vt 0.988895 0.990721
vt 0.718535 0.928508
vt 0.727861 0.908937
vt 0.000000 0.912650
vt 0.509661 0.945060
vt 0.525661 0.959007
vt 0.955385 0.362736
vt 0.964484 0.369318
vt 0.960601 0.373031
vt 0.914940 0.299694
vt 0.922136 0.306422
vt 0.992239 0.578661
vt 0.996735 0.597987
vt 0.992239 0.601910
vt 0.880952 0.980210
vt 0.874497 0.977437
vt 0.880114 0.974894
vt 0.999688 0.910824
vt 0.996028 0.915260
vt 0.996028 0.896077
vt 0.668065 0.844421
vt 0.685594 0.273447
vt 0.912491 0.456089
vt 0.150410 0.921115
vt 0.638005 0.515444
vt 0.610508 0.644016
vt 0.604903 0.625455
vt 0.977927 0.500615
vt 0.947995 0.689593
vt 0.943185 0.693240
vt 0.932262 0.663813
vt 0.527870 0.613487
vt 0.994373 0.568014
vt 0.390280 0.775329
vt 0.368138 0.955296
vt 0.875160 0.982344
vt 0.967009 0.451361
vt 0.962449 0.450582
vt 0.967009 0.442348
vt 0.696399 0.271485
vt 0.699369 0.250443
vt 0.317326 0.426285
vt 0.319636 0.434772
vt 0.317326 0.448092
vt 0.689526 0.090349
vt 0.229155 0.711155
vt 0.735211 0.117293
vt 0.760605 0.104335
vt 0.732800 0.128578
vt 0.985251 0.908154
vt 0.976558 0.930520
vt 0.566398 0.211353
vt 0.960460 0.303116
vt 0.603944 0.231035
vt 0.072019 0.353181
vt 0.238878 0.792463
vt 0.238882 0.757875
vt 0.243628 0.768060
vt 0.743332 0.284458
vt 0.976474 0.167717
vt 0.972167 0.146502
vt 0.980167 0.166931
vt 0.525333 0.971262
vt 0.964208 0.380666
vt 0.958160 0.377109
vt 0.989618 0.610467
vt 0.994474 0.602977
vt 0.994474 0.611677
vt 0.138828 0.805863
vt 0.137020 0.815454
vt 0.137020 0.802603
vt 0.093578 0.943446
vt 0.319444 0.769933
vt 0.351889 0.803411
vt 0.899849 0.296005
vt 0.398672 0.760803
vt 0.400359 0.779157
vt 0.154102 0.736184
vt 0.640759 0.907173
vt 0.647050 0.874694
vt 0.884030 0.029530
vt 0.725523 0.119959
vt 0.228569 0.703772
vt 0.896158 0.013255
vt 0.435338 0.958629
vt 0.435338 0.992842
vt 0.429422 0.975650
vt 0.901918 0.460128
vt 0.389362 0.956838
vt 0.400060 0.963867
vt 0.970958 0.304101
vt 0.982505 0.985513
vt 0.087627 0.357503
vt 0.962221 0.742431
vt 0.967116 0.741243
vt 0.957349 0.765072
vt 0.969247 0.501746
vt 0.728807 0.893304
vt 0.915715 0.466334
vt 0.915715 0.452130
vt 0.925304 0.468510
vt 0.942658 0.451573
vt 0.935004 0.459523
vt 0.021945 0.996451
vt 0.017286 0.987237
vt 0.021945 0.978389
vt 0.056096 0.995359
vt 0.059842 0.991201
vt 0.928068 0.518975
vt 0.921299 0.508432
vt 0.935455 0.502954
vt 0.992306 0.028283
vt 0.997269 0.019916
vt 0.951470 0.706754
vt 0.952271 0.692648
vt 0.345741 0.822082
vt 0.327194 0.823962
vt 0.339290 0.815457
vt 0.906242 0.304514
vt 0.977769 0.244350
vt 0.977769 0.272271
vt 0.964675 0.255879
vt 0.483619 0.855316
vt 0.347352 0.774876
vt 0.355201 0.774777
vt 0.994332 0.122982
vt 0.994332 0.107288
vt 0.998337 0.113623
vt 0.686916 0.308358
vt 0.675772 0.301929
vt 0.185699 0.717170
vt 0.687195 0.246640
vt 0.682199 0.240609
vt 0.739633 0.806647
vt 0.198354 0.724164
vt 0.748839 0.983742
vt 0.748839 0.958125
vt 0.760343 0.973119
vt 0.693318 0.102066
vt 0.908583 0.016412
vt 0.509661 0.220361
vt 0.062255 0.512784
vt 0.139215 0.869185
vt 0.168750 0.862615
vt 0.668670 0.532879
vt 0.237559 0.876818
vt 0.243284 0.858750
vt 0.243284 0.899171
vt 0.963420 0.769798
vt 0.348146 0.953110
vt 0.955385 0.382191
vt 0.827344 0.293318
vt 0.828652 0.287967
vt 0.874497 0.993053
vt 0.681432 0.287947
vt 0.175053 0.735356
vt 0.211203 0.723441
vt 0.215203 0.732343
vt 0.221524 0.728945
vt 0.319851 0.104072
vt 0.994332 0.116094
vt 0.988750 0.112799
vt 0.618236 0.178449
vt 0.976171 0.141132
vt 0.956955 0.388714
vt 0.967027 0.372687
vt 0.894972 0.997509
vt 0.890387 0.995155
vt 0.894972 0.983465
vt 0.958384 0.946293
vt 0.970536 0.959490
vt 0.956503 0.958899
vt 0.448385 0.837953
vt 0.871966 0.623171
vt 0.873395 0.616103
vt 0.898137 0.619940
vt 0.136950 0.790658
vt 0.139203 0.780288
vt 0.878178 0.610043
vt 0.869678 0.599995
vt 0.880373 0.599708
vt 0.654443 0.865032
vt 0.875171 0.016838
vt 0.886483 0.000000
vt 0.907911 0.005958
vt 0.000000 0.814780
vt 0.388760 0.940265
vt 0.139215 0.924520
vt 0.457606 0.945089
vt 0.443931 0.955930
vt 0.443242 0.944678
vt 0.287349 0.996058
vt 0.283222 0.991967
vt 0.287349 0.985842
vt 0.470604 0.872752
vt 0.470116 0.857617
vt 0.897193 0.306422
vt 0.021945 0.981120
vt 0.026884 0.978389
vt 0.026884 0.994838
vt 0.969239 0.858129
vt 0.980620 0.858726
vt 0.968247 0.869474
vt 0.508659 0.694990
vt 0.507581 0.707877
vt 0.903489 0.615074
vt 0.680080 0.266071
vt 0.193232 0.733247
vt 0.967223 0.442348
vt 0.954602 0.438931
vt 0.956625 0.388816
vt 0.967223 0.389790
vt 0.506525 0.918022
vt 0.487699 0.876077
vt 0.500597 0.891814
vt 0.619147 0.187065
vt 0.888335 0.502795
vt 0.889101 0.485754
vt 0.912136 0.485431
vt 0.708939 0.852479
vt 0.300498 0.990341
vt 0.296871 0.999464
vt 0.296871 0.985420
vt 0.721854 0.846122
vt 0.484756 0.875055
vt 0.970536 0.974914
vt 0.123843 0.968086
vt 0.125290 0.958068
vt 0.567131 0.622012
vt 0.558491 0.628723
vt 0.548891 0.626415
vt 0.375254 0.794440
vt 0.261822 0.978891
vt 0.258223 0.998905
vt 0.760343 0.990283
vt 0.755783 0.996346
vt 0.968247 0.845164
vt 0.296871 0.995570
vt 0.292931 0.998543
vt 0.292931 0.985420
vt 0.189356 0.739413
vt 0.989991 0.479677
vt 0.993931 0.451573
vt 0.993931 0.500554
vt 0.231590 0.719313
vt 0.703092 0.131511
vt 0.090416 0.992851
vt 0.084505 0.984137
vt 0.090416 0.977171
vt 0.987848 0.890956
vt 0.992406 0.886091
vt 0.992406 0.895798
vt 0.055187 0.505201
vt 0.808454 0.818615
vt 0.804358 0.824136
vt 0.803445 0.787816
vt 0.653494 0.304201
vt 0.659954 0.301080
vt 0.659954 0.308175
vt 0.348524 0.974486
vt 0.918302 0.883636
vt 0.921146 0.858141
vt 0.922097 0.884113
vt 0.457606 0.975640
vt 0.972267 0.130268
vt 0.909732 0.500018
vt 0.936628 0.708540
vt 0.767908 0.556208
vt 0.355256 0.816512
vt 0.161881 0.959057
vt 0.155814 0.924519
vt 0.167787 0.950983
vt 0.469591 0.843559
vt 0.452396 0.854372
vt 0.980310 0.840158
vt 0.865461 0.614723
vt 0.940495 0.388816
vt 0.940495 0.399281
vt 0.938020 0.395450
vt 0.195848 0.736118
vt 0.717183 0.120686
vt 0.233472 0.718062
vt 0.880949 0.228009
vt 0.888771 0.005603
vt 0.888823 0.434010
vt 0.888335 0.446163
vt 0.497414 0.874665
vt 0.820565 0.624867
vt 0.822291 0.633294
vt 0.820565 0.638041
vt 0.761639 0.950002
vt 0.764441 0.928777
vt 0.765245 0.958125
vt 0.728807 0.912156
vt 0.728807 0.881704
vt 0.731726 0.893086
vt 0.471957 0.905083
vt 0.485698 0.901623
vt 0.993380 0.828749
vt 0.985617 0.804412
vt 0.166879 0.967494
vt 0.999193 0.539238
vt 0.994471 0.532258
vt 0.999193 0.513801
vt 0.838854 0.672331
vt 0.843125 0.672331
vt 0.842531 0.678812
vt 0.773558 0.248716
vt 0.776321 0.245170
vt 0.776321 0.299539
vt 0.675772 0.123578
vt 0.893795 0.229047
vt 0.992628 0.943036
vt 0.992628 0.896077
vt 0.996028 0.908571
vt 0.767448 0.298732
vt 0.754214 0.303641
vt 0.773558 0.286804
vt 0.992757 0.380435
vt 0.992757 0.348551
vt 0.997119 0.374352
vt 0.637949 0.517619
vt 0.984174 0.272573
vt 0.984174 0.291961
vt 0.979943 0.278522
vt 0.461764 0.883946
vt 0.113634 0.981133
vt 0.384043 0.799333
vt 0.532655 0.621046
vt 0.655254 0.923651
vt 0.668196 0.940444
vt 0.655254 0.964834
vt 0.233801 0.925381
vt 0.241135 0.933540
vt 0.234945 0.944615
vt 0.838893 0.676940
vt 0.911390 0.466643
vt 0.138418 0.815454
vt 0.138418 0.828126
vt 0.137021 0.823386
vt 0.233801 0.889484
vt 0.607758 0.648659
vt 0.974265 0.741045
vt 0.974265 0.728721
vt 0.982875 0.729445
vt 0.942540 0.537314
vt 0.957564 0.967840
vt 0.945171 0.713196
vt 0.471130 0.890684
vt 0.537105 0.635397
vt 0.155814 0.965673
vt 0.946053 0.014561
vt 0.942524 0.024229
vt 0.943228 0.000000
vt 0.443242 0.850760
vt 0.632873 0.984675
vt 0.639837 0.991444
vt 0.197613 0.741673
vt 0.894509 0.471222
vt 0.921299 0.594736
vt 0.938505 0.561838
vt 0.938505 0.597887
vt 0.932885 0.862700
vt 0.459205 0.897049
vt 0.769432 0.565619
vt 0.356077 0.830620
vt 0.936663 0.688791
vt 0.932262 0.701338
vt 0.454556 0.870299
vt 0.383955 0.811240
vt 0.939555 0.039395
vt 0.909276 0.623887
vt 0.190651 0.741297
vt 0.992694 0.880480
vt 0.988015 0.885890
vt 0.988015 0.840158
vt 0.897936 0.901629
vt 0.905281 0.928278
vt 0.897936 0.954055
vt 0.059765 0.505155
vt 0.605518 0.706349
vt 0.608181 0.691892
vt 0.611698 0.706700
vt 0.743882 0.294618
vt 0.242932 0.798147
vt 0.610886 0.646261
vt 0.130138 0.945912
vt 0.939483 0.896077
vt 0.973461 0.284531
vt 0.440240 0.908006
vt 0.443116 0.921494
vt 0.435617 0.910084
vt 0.964931 0.974969
vt 0.233801 0.927496
vt 0.223480 0.955683
vt 0.219498 0.948292
vt 0.564205 0.643427
vt 0.393040 0.795430
vt 0.389421 0.812800
vt 0.483308 0.105077
vt 0.785174 0.968286
vt 0.779342 0.940934
vt 0.785174 0.918349
vt 0.755811 0.955366
vt 0.765245 0.918349
vt 0.965330 0.996646
vt 0.961518 0.996905
vt 0.961518 0.974969
vt 0.696735 0.859816
vt 0.995459 0.203345
vt 0.999573 0.188586
vt 0.988015 0.874191
vt 0.980620 0.874531
vt 0.982399 0.856303
vt 0.988015 0.840159
vt 0.956406 0.514542
vt 0.942541 0.516663
vt 0.942541 0.502954
vt 0.932267 0.718671
vt 0.869436 0.643232
vt 0.900532 0.643449
vt 0.907060 0.265514
vt 0.876500 0.268599
vt 0.897201 0.255315
vt 0.232604 0.735247
vt 0.947702 0.522425
vt 0.772458 0.574446
vt 0.216440 0.956690
vt 0.889168 0.662099
vt 0.867920 0.654272
vt 0.795963 0.578239
vt 0.525495 0.648969
vt 0.509661 0.603067
vt 0.731810 0.979191
vt 0.740438 0.963393
vt 0.740438 0.992218
vt 0.934067 0.023444
vt 0.387283 0.187785
vt 0.506981 0.804294
vt 0.509404 0.771791
vt 0.509404 0.821498
vt 0.817264 0.829607
vt 0.820820 0.820381
vt 0.235409 0.895283
vt 0.636249 0.527668
vt 0.610625 0.651504
vt 0.955385 0.311025
vt 0.955385 0.371036
vt 0.945749 0.309371
vt 0.501134 0.850486
vt 0.735344 0.291218
vt 0.466681 0.999010
vt 0.465009 0.988937
vt 0.468700 0.990435
vt 0.748839 0.930843
vt 0.915586 0.842032
vt 0.715261 0.881704
vt 0.932806 0.532934
vt 0.929850 0.536424
vt 0.925558 0.534120
vt 0.954638 0.522798
vt 0.992198 0.786091
vt 0.996978 0.787130
vt 0.992198 0.797896
vt 0.953599 0.837522
vt 0.955636 0.826577
vt 0.956636 0.833717
vt 0.369426 0.819657
vt 0.867497 0.666207
vt 0.219347 0.933621
vt 0.947130 0.060601
vt 0.947130 0.047976
vt 0.444664 0.879963
vt 0.216099 0.941171
vt 0.667623 0.551000
vt 0.919780 0.691318
vt 0.915630 0.685841
vt 0.917722 0.677217
vt 0.506525 0.845765
vt 0.505085 0.833771
vt 0.281121 0.636261
vt 0.272280 0.643159
vt 0.275814 0.625391
vt 0.999701 0.915260
vt 0.999701 0.934277
vt 0.996028 0.918738
vt 0.351187 0.920402
vt 0.347908 0.923537
vt 0.348220 0.908286
vt 0.902289 0.666207
vt 0.841694 0.976946
vt 0.841694 0.998055
vt 0.837795 0.993893
vt 0.976340 0.608576
vt 0.976340 0.568014
vt 0.983808 0.594936
vt 0.915630 0.741243
vt 0.932262 0.690616
vt 0.610108 0.656375
vt 0.608028 0.686300
vt 0.088888 0.894590
vt 0.086391 0.879804
vt 0.888335 0.471222
vt 0.975484 0.304939
vt 0.924292 0.542478
vt 0.976588 0.446134
vt 0.981603 0.439494
vt 0.981603 0.451359
vt 0.443116 0.863795
vt 0.911670 0.841885
vt 0.900322 0.828956
vt 0.912576 0.828956
vt 0.936105 0.042295
vt 0.655254 0.975337
vt 0.665356 0.964834
vt 0.665356 0.987813
vt 0.905867 0.941010
vt 0.992400 0.053010
vt 0.995744 0.062645
vt 0.992524 0.077933
vt 0.606937 0.659529
vt 0.509661 0.553467
vt 0.508682 0.579881
vt 0.508682 0.542440
vt 0.923222 0.686742
vt 0.878636 0.502352
vt 0.877422 0.483197
vt 0.887929 0.483197
vt 0.954915 0.534156
vt 0.960961 0.835091
vt 0.966490 0.828882
vt 0.486526 0.837283
vt 0.486526 0.826131
vt 0.487699 0.831739
vt 0.619147 0.309302
vt 0.624967 0.301021
vt 0.626704 0.309302
vt 0.221112 0.914534
vt 0.216099 0.923148
vt 0.930093 0.058763
vt 0.934287 0.058060
vt 0.233801 0.969993
vt 0.507817 0.098197
vt 0.319636 0.117046
vt 0.502013 0.965795
vt 0.509365 0.918022
vt 0.509365 0.968026
vt 0.262127 0.952692
vt 0.257232 0.949924
vt 0.255466 0.927813
vt 0.468700 0.977238
vt 0.939483 0.843009
vt 0.921299 0.553365
vt 0.291627 0.615748
vt 0.343304 0.929859
vt 0.336757 0.927344
vt 0.340167 0.920339
vt 0.955600 0.565918
vt 0.443242 0.913039
vt 0.468700 0.905083
vt 0.468700 0.944678
vt 0.272280 0.591566
vt 0.278926 0.595573
vt 0.276261 0.604586
vt 0.297602 0.594424
vt 0.933955 0.066173
vt 0.241696 0.972586
vt 0.243116 0.963975
vt 0.074848 0.545071
vt 0.923047 0.669715
vt 0.953599 0.772352
vt 0.962703 0.781249
vt 0.245492 0.640463
vt 0.249086 0.632856
vt 0.260854 0.635112
vt 0.214203 0.954921
vt 0.206889 0.943755
vt 0.213025 0.931020
vt 0.960352 0.184121
vt 0.949003 0.194301
vt 0.994334 0.567511
vt 0.990084 0.563032
vt 0.994334 0.557010
vt 0.283222 0.985842
vt 0.283222 0.995643
vt 0.278849 0.987125
vt 0.841866 0.977630
vt 0.847367 0.985548
vt 0.841866 0.993385
vt 0.756700 0.581295
vt 0.777534 0.582838
vt 0.971724 0.796193
vt 0.967116 0.797308
vt 0.973965 0.791732
vt 0.079721 0.966162
vt 0.079721 0.992824
vt 0.071763 0.976614
vt 0.611037 0.729788
vt 0.803779 0.858296
vt 0.636676 0.539760
vt 0.745280 0.304861
vt 0.026688 0.951166
vt 0.017286 0.978389
vt 0.930900 0.561838
vt 0.925810 0.560486
vt 0.754914 0.588850
vt 0.277584 0.615455
vt 0.284677 0.605907
vt 0.967116 0.785988
vt 0.965841 0.819166
vt 0.827344 0.301347
vt 0.828588 0.293318
vt 0.828588 0.305062
vt 0.999160 0.643090
vt 0.996013 0.653624
vt 0.964914 0.801192
vt 0.955875 0.815089
vt 0.953599 0.798050
vt 0.327177 0.114880
vt 0.816697 0.859531
vt 0.994996 0.053465
vt 0.919260 0.663813
vt 0.304283 0.998034
vt 0.300498 0.990205
vt 0.304283 0.985420
vt 0.220298 0.643635
vt 0.232827 0.614582
vt 0.242942 0.638236
vt 0.968195 0.064165
vt 0.967906 0.049848
vt 0.973115 0.060758
vt 0.942597 0.470199
vt 0.939881 0.489619
vt 0.263484 0.621661
vt 0.209235 0.914534
vt 0.271052 0.620669
vt 0.026376 0.967375
vt 0.828816 0.909405
vt 0.853844 0.909010
vt 0.845567 0.919316
vt 0.332123 0.910948
vt 0.531736 0.643280
vt 0.822016 0.646235
vt 0.344915 0.139667
vt 0.914580 0.952708
vt 0.562863 0.222079
vt 0.563160 0.237818
vt 0.605382 0.725562
vt 0.240537 0.925380
vt 0.497860 0.826780
vt 0.503451 0.826131
vt 0.968696 0.039397
vt 0.973115 0.039972
vt 0.319620 0.560708
vt 0.317729 0.575286
vt 0.095931 0.977171
vt 0.090416 0.987650
vt 0.091525 0.978616
vt 0.214203 0.914557
vt 0.305308 0.603722
vt 0.992044 0.299989
vt 0.984174 0.284286
vt 0.992044 0.272573
vt 0.571227 0.660542
vt 0.557160 0.677702
vt 0.243628 0.757875
vt 0.540481 0.255916
vt 0.049015 0.551218
vt 0.724796 0.452014
vt 0.740731 0.486483
vt 0.736064 0.502954
vt 0.651076 0.554834
vt 0.933121 0.115794
vt 0.924564 0.128942
vt 0.922075 0.115794
vt 0.998758 0.051481
vt 0.998758 0.077619
vt 0.995744 0.064181
vt 0.853844 0.946501
vt 0.720898 0.970796
vt 0.729612 0.929949
vt 0.731395 0.970796
vt 0.988386 0.303936
vt 0.329077 0.931020
vt 0.677921 0.132008
vt 0.549964 0.251548
vt 0.644654 0.556061
vt 0.234400 0.907862
vt 0.241477 0.827239
vt 0.610562 0.668595
vt 0.970536 0.952482
vt 0.975253 0.946293
vt 0.972746 0.961682
vt 0.260576 0.622157
vt 0.252883 0.624333
vt 0.979100 0.956526
vt 0.919001 0.498868
vt 0.258097 0.614185
vt 0.752835 0.602207
vt 0.768336 0.592539
vt 0.768984 0.615175
vt 0.973812 0.203234
vt 0.964676 0.244350
vt 0.964676 0.198109
vt 0.319636 0.936170
vt 0.319636 0.916838
vt 0.314884 0.604769
vt 0.775956 0.236859
vt 0.193971 0.885161
vt 0.189392 0.894972
vt 0.185577 0.862615
vt 0.205419 0.990387
vt 0.205419 0.975181
vt 0.212442 0.989761
vt 0.981990 0.198110
vt 0.981990 0.240797
vt 0.973812 0.214140
vt 0.928317 0.671720
vt 0.963908 0.798050
vt 0.967116 0.793939
vt 0.096031 0.850103
vt 0.829190 0.678381
vt 0.822294 0.674184
vt 0.225041 0.606390
vt 0.946988 0.075734
vt 0.940322 0.083531
vt 0.940322 0.069820
vt 0.982505 0.962948
vt 0.970536 0.975377
vt 0.785695 0.968909
vt 0.792872 0.966920
vt 0.789220 0.978488
vt 0.095931 0.993705
vt 0.996044 0.785337
vt 0.993910 0.748395
vt 0.996044 0.741243
vt 0.507925 0.617537
vt 0.509494 0.600685
vt 0.509494 0.621841
vt 0.578973 0.231429
vt 0.992695 0.893646
vt 0.992695 0.873153
vt 0.997387 0.876997
vt 0.220298 0.615591
vt 0.096166 0.823390
vt 0.251331 0.607739
vt 0.104704 0.915965
vt 0.097210 0.914846
vt 0.102790 0.907778
vt 0.794206 0.984346
vt 0.291439 0.988599
vt 0.287349 0.995724
vt 0.992265 0.743247
vt 0.097936 0.903107
vt 0.097210 0.869497
vt 0.266101 0.591565
vt 0.180225 0.895425
vt 0.178774 0.887110
vt 0.596323 0.736547
vt 0.053743 0.999208
vt 0.049659 0.999208
vt 0.050320 0.981011
vt 0.984723 0.723628
vt 0.975087 0.697230
vt 0.984723 0.697785
vt 0.637664 0.551144
vt 0.131424 0.964868
vt 0.995744 0.028324
vt 0.901749 0.981435
vt 0.903003 0.973627
vt 0.914580 0.969343
vt 0.161867 0.994501
vt 0.161867 0.967494
vt 0.164377 0.986562
vt 0.168314 0.980530
vt 0.976509 0.831177
vt 0.980468 0.832559
vt 0.976509 0.839810
vt 0.983314 0.835827
vt 0.085616 0.846356
vt 0.438637 0.737003
vt 0.432965 0.736815
vt 0.436716 0.726866
vt 0.715314 0.986933
vt 0.720898 0.980771
vt 0.720898 0.994248
vt 0.195576 0.942583
vt 0.111985 0.880760
vt 0.272280 0.594554
vt 0.583497 0.676527
vt 0.571318 0.241971
vt 0.573853 0.230760
vt 0.939811 0.365157
vt 0.986251 0.327555
vt 0.992473 0.345970
vt 0.988895 0.999209
vt 0.988895 0.982573
vt 0.992806 0.994688
vt 0.984225 0.184862
vt 0.990009 0.178319
vt 0.991232 0.194917
vt 0.436413 0.750909
vt 0.042782 0.823390
vt 0.036298 0.839343
vt 0.024566 0.855800
vt 0.526208 0.994993
vt 0.527504 0.980099
vt 0.531822 0.994993
vt 0.137692 0.844739
vt 0.137692 0.835027
vt 0.138909 0.839732
vt 0.526208 0.945060
vt 0.535204 0.970901
vt 0.526208 0.978796
vt 0.473213 0.998616
vt 0.468700 0.983987
vt 0.473213 0.975421
vt 0.998838 0.946293
vt 0.998838 0.973192
vt 0.994533 0.966424
vt 0.611581 0.680145
vt 0.906983 0.960283
vt 0.901749 0.960631
vt 0.909834 0.954055
vt 0.788239 0.985732
vt 0.785695 0.989295
vt 0.938017 0.125779
vt 0.942977 0.123058
vt 0.940959 0.134673
vt 0.974265 0.717021
vt 0.000000 0.848037
vt 0.009322 0.823605
vt 0.128205 0.877398
vt 0.256257 0.604763
vt 0.785101 0.996609
vt 0.779342 0.989189
vt 0.785101 0.968286
vt 0.940417 0.498126
vt 0.124874 0.869385
vt 0.993529 0.437282
vt 0.988851 0.450964
vt 0.988851 0.432235
vt 0.507581 0.639044
vt 0.507581 0.621841
vt 0.509494 0.637698
vt 0.320465 0.896754
vt 0.801382 0.594594
vt 0.936112 0.145996
vt 0.173933 0.895166
vt 0.169270 0.885948
vt 0.030938 0.527276
vt 0.508811 0.655479
vt 0.507581 0.664040
vt 0.507581 0.639043
vt 0.853844 0.975004
vt 0.858971 0.984137
vt 0.853844 0.996629
vt 0.735299 0.909134
vt 0.738743 0.918549
vt 0.733907 0.925056
vt 0.739363 0.910837
vt 0.795627 0.595649
vt 0.924493 0.828168
vt 0.928304 0.804863
vt 0.930092 0.830061
vt 0.605388 0.742464
vt 0.478335 0.995704
vt 0.473213 0.985678
vt 0.478335 0.981092
vt 0.943690 0.145316
vt 0.244284 0.949093
vt 0.243628 0.912685
vt 0.020180 0.864725
vt 0.946809 0.121180
vt 0.516428 0.646225
vt 0.531786 0.664570
vt 0.521539 0.668909
vt 0.535219 0.281756
vt 0.473506 0.975421
vt 0.949003 0.150187
vt 0.262127 0.910530
vt 0.803087 0.872786
vt 0.803087 0.893705
vt 0.794539 0.873788
vt 0.722777 0.806647
vt 0.731586 0.816814
vt 0.722962 0.837691
vt 0.227312 0.592713
vt 0.244596 0.598189
vt 0.792862 0.636223
vt 0.744263 0.624867
vt 0.786479 0.625333
vt 0.991232 0.159931
vt 0.731810 0.925997
vt 0.737053 0.944933
vt 0.243628 0.823640
vt 0.436729 0.812605
vt 0.430098 0.812392
vt 0.434784 0.779505
vt 0.136950 0.780288
vt 0.136950 0.764915
vt 0.139203 0.774120
vt 0.967116 0.763048
vt 0.967217 0.741242
vt 0.976099 0.771467
vt 0.026907 0.869632
vt 0.977252 0.000000
vt 0.984884 0.010620
vt 0.977252 0.037205
vt 0.973026 0.999135
vt 0.973026 0.975377
vt 0.977512 0.987109
vt 0.746417 0.937263
vt 0.996475 0.322347
vt 0.999536 0.309371
vt 0.999536 0.330787
vt 0.810463 0.502647
vt 0.799540 0.499020
vt 0.810463 0.491142
vt 0.418951 0.784026
vt 0.971582 0.778866
vt 0.676737 0.410186
vt 0.708086 0.412609
vt 0.708406 0.419733
vt 0.791094 0.607288
vt 0.934514 0.803776
vt 0.655254 0.979706
vt 0.647066 0.992267
vt 0.647066 0.966097
vt 0.610972 0.745083
vt 0.730844 0.433469
vt 0.022605 0.876115
vt 0.983729 0.001826
vt 0.367043 0.990404
vt 0.360801 0.987263
vt 0.367647 0.982984
vt 0.360801 0.975798
vt 0.412012 0.958130
vt 0.400359 0.974022
vt 0.402860 0.964216
vt 0.173667 0.909335
vt 0.999185 0.028324
vt 0.999185 0.051481
vt 0.995744 0.045125
vt 0.730282 0.838209
vt 0.731810 0.963393
vt 0.677445 0.401181
vt 0.509661 0.942459
vt 0.509661 0.906888
vt 0.518810 0.907329
vt 0.578751 0.692857
vt 0.933138 0.180815
vt 0.387815 0.989889
vt 0.379765 0.965528
vt 0.387815 0.963857
vt 0.976307 0.728721
vt 0.412012 0.983190
vt 0.731801 0.927053
vt 0.728807 0.914454
vt 0.731801 0.912156
vt 0.435972 0.950511
vt 0.443116 0.928080
vt 0.441281 0.968511
vt 0.782065 0.869219
vt 0.029528 0.876121
vt 0.025704 0.886021
vt 0.722777 0.861824
vt 0.535204 0.905782
vt 0.526882 0.945060
vt 0.533164 0.675648
vt 0.189915 0.928079
vt 0.181955 0.907977
vt 0.616764 0.293960
vt 0.379423 0.990487
vt 0.030572 0.898278
vt 0.438637 0.838411
vt 0.111847 0.994638
vt 0.106604 0.992326
vt 0.111847 0.966059
vt 0.415433 0.755458
vt 0.668670 0.389017
vt 0.792972 0.895365
vt 0.042782 0.906345
vt 0.509661 0.136730
vt 0.455761 0.136376
vt 0.606904 0.748804
vt 0.803445 0.896472
vt 0.611318 0.691892
vt 0.015183 0.552118
vt 0.419859 0.740164
vt 0.547341 0.692039
vt 0.319636 0.617857
vt 0.332680 0.592097
vt 0.349914 0.623414
vt 0.422492 0.818325
vt 0.777390 0.651706
vt 0.817560 0.890845
vt 0.171227 0.928079
vt 0.989255 0.157786
vt 0.984218 0.159903
vt 0.984218 0.150776
vt 0.531417 0.980099
vt 0.641169 0.592757
vt 0.779277 0.487399
vt 0.785538 0.502111
vt 0.951493 0.375899
vt 0.423619 0.831168
vt 0.412559 0.749288
vt 0.813011 0.612081
vt 0.534359 0.688840
vt 0.943021 0.175032
vt 0.611698 0.750280
vt 0.932647 0.775266
vt 0.435972 0.921494
vt 0.464796 0.989827
vt 0.457776 0.989368
vt 0.462730 0.977814
vt 0.457776 0.977239
vt 0.633142 0.621189
vt 0.634532 0.562665
vt 0.195576 0.757875
vt 0.171633 0.826510
vt 0.177679 0.773966
vt 0.924930 0.309371
vt 0.939811 0.309407
vt 0.917684 0.351741
vt 0.949003 0.191547
vt 0.433741 0.863795
vt 0.420187 0.862060
vt 0.436636 0.849299
vt 0.901749 0.983465
vt 0.901749 0.995618
vt 0.896715 0.988980
vt 0.405988 0.741953
vt 0.770596 0.652884
vt 0.765684 0.659624
vt 0.684654 0.337765
vt 0.938462 0.767491
vt 0.621973 0.563314
vt 0.624870 0.611886
vt 0.009125 0.544640
vt 0.005061 0.530229
vt 0.323854 0.883722
vt 0.342742 0.871401
vt 0.358648 0.876519
vt 0.338338 0.862396
vt 0.847367 0.977630
vt 0.853242 0.986497
vt 0.847367 0.992223
vt 0.311099 0.968035
vt 0.304360 0.957727
vt 0.309255 0.957490
vt 0.726042 0.341150
vt 0.841274 0.491142
vt 0.836659 0.502718
vt 0.400359 0.987189
vt 0.405577 0.995585
vt 0.528435 0.288688
vt 0.600679 0.293560
vt 0.152569 0.786802
vt 0.341374 0.893300
vt 0.320561 0.896754
vt 0.319636 0.893684
vt 0.826821 0.491142
vt 0.826821 0.502856
vt 0.821377 0.491591
vt 0.155814 0.996723
vt 0.155814 0.967494
vt 0.161867 0.987273
vt 0.669459 0.881704
vt 0.680023 0.883170
vt 0.668670 0.889298
vt 0.356857 0.837226
vt 0.304360 0.992058
vt 0.143425 0.933102
vt 0.139215 0.924519
vt 0.805109 0.624867
vt 0.776917 0.613583
vt 0.903624 0.761267
vt 0.889128 0.822836
vt 0.872580 0.800029
vt 0.119697 0.986465
vt 0.125290 0.981134
vt 0.125290 0.993676
vt 0.662318 0.592546
vt 0.751385 0.644000
vt 0.222933 0.991300
vt 0.216099 0.979193
vt 0.222933 0.976844
vt 0.819436 0.497690
vt 0.835253 0.987847
vt 0.835549 0.979550
vt 0.996771 0.216356
vt 0.991232 0.227856
vt 0.991232 0.203389
vt 0.409436 0.800003
vt 0.415229 0.777070
vt 0.140746 0.961509
vt 0.837795 0.995301
vt 0.859289 0.491517
vt 0.867813 0.484687
vt 0.867260 0.953856
vt 0.856574 0.947403
vt 0.872079 0.938688
vt 0.962449 0.451434
vt 0.958540 0.446851
vt 0.962449 0.442348
vt 0.368446 0.896015
vt 0.359939 0.854363
vt 0.978587 0.487727
vt 0.968605 0.483791
vt 0.978587 0.451573
vt 0.372018 0.995036
vt 0.368446 0.993082
vt 0.372018 0.986156
vt 0.026998 0.961458
vt 0.028342 0.955097
vt 0.042781 0.953359
vt 0.559355 0.856318
vt 0.557382 0.853674
vt 0.564065 0.845427
vt 0.369449 0.207182
vt 0.985617 0.798050
vt 0.985617 0.809850
vt 0.976509 0.806008
vt 0.348523 0.974486
vt 0.348523 0.992733
vt 0.341845 0.984020
vt 0.406276 0.852574
vt 0.956503 0.956138
vt 0.952889 0.992361
vt 0.952889 0.955473
vt 0.579315 0.953097
vt 0.562185 0.938804
vt 0.568420 0.940681
vt 0.564310 0.710723
vt 0.539029 0.303652
vt 0.340622 0.681837
vt 0.362561 0.667469
vt 0.901749 0.954055
vt 0.901749 0.964175
vt 0.890387 0.959163
vt 0.587062 0.976653
vt 0.587673 0.958670
vt 0.597420 0.971241
vt 0.112095 0.981133
vt 0.117150 0.981133
vt 0.115890 0.995279
vt 0.749107 0.658374
vt 0.968798 0.453348
vt 0.833507 0.999214
vt 0.822294 0.617994
vt 0.448438 0.149525
vt 0.550361 0.287174
vt 0.954602 0.451161
vt 0.721021 0.983621
vt 0.721021 0.970796
vt 0.723801 0.974907
vt 0.856463 0.936094
vt 0.935545 0.345328
vt 0.401934 0.597599
vt 0.930050 0.756384
vt 0.000000 0.551409
vt 0.400359 0.816941
vt 0.591700 0.986524
vt 0.597420 0.984082
vt 0.039036 0.695329
vt 0.071989 0.665884
vt 0.080842 0.673547
vt 0.876578 0.502072
vt 0.910843 0.691279
vt 0.906268 0.684054
vt 0.910455 0.681064
vt 0.563891 0.870681
vt 0.860224 0.502072
vt 0.998668 0.159551
vt 0.995732 0.150776
vt 0.998668 0.146505
vt 0.039491 0.948550
vt 0.572997 0.734923
vt 0.588647 0.688566
vt 0.596323 0.724941
vt 0.432315 0.188230
vt 0.349606 0.692376
vt 0.874458 0.940436
vt 0.872079 0.915695
vt 0.874458 0.909010
vt 0.853844 0.909011
vt 0.872079 0.911867
vt 0.871518 0.916252
vt 0.088406 0.731622
vt 0.092071 0.714588
vt 0.092250 0.743360
vt 0.760560 0.666385
vt 0.658584 0.645993
vt 0.632942 0.687976
vt 0.634587 0.634657
vt 0.379472 0.216055
vt 0.892763 0.983465
vt 0.965330 0.974969
vt 0.970536 0.987887
vt 0.965330 0.996385
vt 0.683318 0.973191
vt 0.693546 0.965051
vt 0.693546 0.986726
vt 0.561471 0.923047
vt 0.032119 0.940113
vt 0.594116 0.286280
vt 0.578502 0.273549
vt 0.337254 0.936170
vt 0.321528 0.966250
vt 0.995459 0.179700
vt 0.404374 0.777538
vt 0.998846 0.566633
vt 0.994471 0.561866
vt 0.998846 0.539238
vt 0.731395 0.990310
vt 0.723801 0.983283
vt 0.915630 0.716253
vt 0.142934 0.996595
vt 0.139215 0.990029
vt 0.143772 0.991713
vt 0.238144 0.783619
vt 0.237435 0.801078
vt 0.224592 0.785444
vt 0.146740 0.862615
vt 0.139215 0.794655
vt 0.096775 0.753907
vt 0.895688 0.686636
vt 0.579070 0.286716
vt 0.000000 0.714588
vt 0.056169 0.692617
vt 0.931642 0.746252
vt 0.139031 0.987827
vt 0.129202 0.979405
vt 0.139031 0.964868
vt 0.630111 0.952043
vt 0.628279 0.931303
vt 0.630111 0.922436
vt 0.579293 0.964129
vt 0.574583 0.961412
vt 0.579293 0.953097
vt 0.039794 0.933775
vt 0.950411 0.658430
vt 0.952918 0.644060
vt 0.952918 0.663629
vt 0.531049 0.709527
vt 0.530690 0.698198
vt 0.926076 0.663530
vt 0.909276 0.658864
vt 0.926076 0.644060
vt 0.973247 0.054871
vt 0.978808 0.044175
vt 0.979030 0.054108
vt 0.042782 0.991846
vt 0.049660 0.989845
vt 0.909003 0.998625
vt 0.904980 0.988961
vt 0.133648 0.552118
vt 0.133648 0.565972
vt 0.133070 0.560094
vt 0.042511 0.924357
vt 0.568597 0.974813
vt 0.571788 0.982382
vt 0.566974 0.981663
vt 0.401231 0.578586
vt 0.924493 0.741243
vt 0.557382 0.925072
vt 0.614786 0.949509
vt 0.579493 0.848991
vt 0.578273 0.845224
vt 0.886016 0.704829
vt 0.872580 0.684843
vt 0.891299 0.678953
vt 0.976099 0.785808
vt 0.985191 0.774396
vt 0.985191 0.796553
vt 0.139215 0.624234
vt 0.133762 0.653114
vt 0.133137 0.632640
vt 0.380983 0.672578
vt 0.226788 0.808172
vt 0.220344 0.806004
vt 0.203473 0.766564
vt 0.208706 0.757875
vt 0.319636 0.992583
vt 0.319636 0.966250
vt 0.327639 0.990677
vt 0.561006 0.904380
vt 0.744263 0.676937
vt 0.608591 0.931493
vt 0.740731 0.380818
vt 0.402471 0.843890
vt 0.088406 0.777787
vt 0.763203 0.668289
vt 0.973026 0.989436
vt 0.970607 0.983905
vt 0.951298 0.719952
vt 0.941692 0.731238
vt 0.947622 0.718671
vt 0.907521 0.375371
vt 0.905940 0.389777
vt 0.892819 0.379716
vt 0.387540 0.672847
vt 0.564344 0.990942
vt 0.564344 0.974481
vt 0.650241 0.611059
vt 0.486327 0.988759
vt 0.483828 0.977013
vt 0.486327 0.975421
vt 0.872580 0.741242
vt 0.404541 0.917225
vt 0.417631 0.916164
vt 0.400359 0.955601
vt 0.037250 0.605152
vt 0.576673 0.891692
vt 0.532647 0.720998
vt 0.610240 0.293924
vt 0.980958 0.831177
vt 0.979030 0.105877
vt 0.722246 0.509862
vt 0.698693 0.535121
vt 0.684674 0.509920
vt 0.569566 0.914868
vt 0.057107 0.651305
vt 0.319636 0.420892
vt 0.317577 0.426285
vt 0.317577 0.400158
vt 0.377427 0.951335
vt 0.368446 0.940265
vt 0.143772 0.985499
vt 0.574583 0.953097
vt 0.574583 0.973746
vt 0.570426 0.954196
vt 0.566972 0.964509
vt 0.417631 0.958130
vt 0.373430 0.563025
vt 0.415838 0.558718
vt 0.930093 0.022810
vt 0.919470 0.006625
vt 0.920015 0.000000
vt 0.341845 0.977385
vt 0.335627 0.993978
vt 0.335627 0.974486
vt 0.195577 0.766532
vt 0.412176 0.610730
vt 0.977512 0.996759
vt 0.977512 0.975377
vt 0.982505 0.991851
vt 0.557382 0.974481
vt 0.033098 0.922494
vt 0.550242 0.740520
vt 0.593844 0.904004
vt 0.600815 0.897639
vt 0.418396 0.976141
vt 0.412012 0.992840
vt 0.915671 0.009546
vt 0.972168 0.167717
vt 0.984225 0.177343
vt 0.972168 0.194917
vt 0.586439 0.989644
vt 0.576912 0.974801
vt 0.581033 0.977622
vt 0.139215 0.687825
vt 0.902594 0.397473
vt 0.886704 0.387084
vt 0.734540 0.502954
vt 0.714463 0.569018
vt 0.688796 0.543306
vt 0.679682 0.549848
vt 0.986587 0.235654
vt 0.981990 0.241892
vt 0.319620 0.590949
vt 0.317859 0.584610
vt 0.319620 0.575286
vt 0.586439 0.964243
vt 0.702093 0.338172
vt 0.640719 0.619958
vt 0.819436 0.500853
vt 0.810463 0.500853
vt 0.814297 0.491142
vt 0.606440 0.858845
vt 0.826355 0.113890
vt 0.839220 0.113890
vt 0.829371 0.127916
vt 0.026998 0.906345
vt 0.691186 0.882086
vt 0.700817 0.914555
vt 0.355381 0.987475
vt 0.360801 0.994072
vt 0.932262 0.739626
vt 0.951714 0.739626
vt 0.877387 0.666207
vt 0.877387 0.678309
vt 0.865461 0.670549
vt 0.267533 0.910530
vt 0.275924 0.918894
vt 0.262127 0.961026
vt 0.195576 0.848050
vt 0.173989 0.851782
vt 0.231592 0.823556
vt 0.864893 0.683110
vt 0.846270 0.731406
vt 0.858478 0.678953
vt 0.668670 0.921790
vt 0.700068 0.926292
vt 0.886704 0.399527
vt 0.873885 0.955196
vt 0.870507 0.996723
vt 0.064088 0.966162
vt 0.071763 0.969648
vt 0.064088 0.994019
vt 0.872580 0.725996
vt 0.872845 0.690637
vt 0.375788 0.963857
vt 0.564344 0.992122
vt 0.557382 0.988838
vt 0.779342 0.987429
vt 0.768245 0.980148
vt 0.936886 0.830061
vt 0.938462 0.841949
vt 0.931950 0.841949
vt 0.923991 0.974190
vt 0.929637 0.977079
vt 0.923991 0.997476
vt 0.606440 0.903368
vt 0.541292 0.739642
vt 0.928728 0.995085
vt 0.871568 0.113890
vt 0.860997 0.122148
vt 0.864047 0.115645
vt 0.871568 0.129642
vt 0.899421 0.725383
vt 0.919070 0.043213
vt 0.993632 0.732114
vt 0.993632 0.741209
vt 0.988852 0.736508
vt 0.985377 0.774396
vt 0.976099 0.758598
vt 0.985377 0.741242
vt 0.908583 0.006836
vt 0.057458 0.634846
vt 0.859289 0.502695
vt 0.841700 0.501303
vt 0.856368 0.487054
vt 0.702983 0.934667
vt 0.720898 0.929948
vt 0.706095 0.942132
vt 0.492252 0.985397
vt 0.497418 0.983828
vt 0.502013 0.988928
vt 0.912425 0.730872
vt 0.457776 0.964173
vt 0.466187 0.952231
vt 0.597420 0.958670
vt 0.610497 0.974217
vt 0.609228 0.309371
vt 0.195577 0.858751
vt 0.929911 0.353368
vt 0.836169 0.503207
vt 0.828452 0.561274
vt 0.827918 0.502954
vt 0.983579 0.655824
vt 0.980656 0.662662
vt 0.975987 0.661868
vt 0.716616 0.939205
vt 0.877482 0.963159
vt 0.874497 0.953262
vt 0.888476 0.965929
vt 0.683318 0.965051
vt 0.697591 0.933874
vt 0.696691 0.952229
vt 0.502013 0.964757
vt 0.913800 0.033798
vt 0.460869 0.949987
vt 0.619147 0.309241
vt 0.920447 0.361824
vt 0.884993 0.966221
vt 0.881326 0.956261
vt 0.874497 0.972616
vt 0.495851 0.974787
vt 0.443433 0.214354
vt 0.852076 0.751519
vt 0.700818 0.948019
vt 0.719058 0.946431
vt 0.443242 0.984101
vt 0.448527 0.994782
vt 0.879268 0.974894
vt 0.715302 0.980771
vt 0.715302 0.998840
vt 0.711664 0.988044
vt 0.289955 0.964517
vt 0.290092 0.977341
vt 0.285804 0.979389
vt 0.509661 0.753161
vt 0.275924 0.966831
vt 0.953270 0.233698
vt 0.940220 0.248733
vt 0.943605 0.198110
vt 0.939811 0.357543
vt 0.958629 0.482239
vt 0.942658 0.502518
vt 0.289040 0.984524
vt 0.683318 0.926292
vt 0.882518 0.724075
vt 0.388050 0.718234
vt 0.405535 0.691353
vt 0.690825 0.541133
vt 0.886302 0.952949
vt 0.065702 0.584692
vt 0.078706 0.630224
vt 0.089360 0.633859
vt 0.696451 0.313690
vt 0.841700 0.483197
vt 0.933465 0.366499
vt 0.847409 0.555513
vt 0.314044 0.995905
vt 0.311116 0.991165
vt 0.720898 0.957077
vt 0.633772 0.301265
vt 0.626704 0.301080
vt 0.872580 0.686717
vt 0.872089 0.756055
vt 0.697591 0.926292
vt 0.699807 0.944991
vt 0.697591 0.951829
vt 0.278849 0.985842
vt 0.278849 0.965890
vt 0.907617 0.741242
vt 0.424498 0.938985
vt 0.418720 0.916164
vt 0.432692 0.918316
vt 0.233801 0.984056
vt 0.241392 0.972586
vt 0.241392 0.991030
vt 0.632208 0.634657
vt 0.696832 0.549976
vt 0.887275 0.947890
vt 0.435616 0.939840
vt 0.645049 0.699029
vt 0.744263 0.571602
vt 0.958609 0.297371
vt 0.940860 0.298570
vt 0.954656 0.280300
vt 0.427248 0.958628
vt 0.418720 0.952959
vt 0.939811 0.388224
vt 0.939811 0.375899
vt 0.948665 0.382478
vt 0.946782 0.377623
vt 0.942848 0.305527
vt 0.700720 0.935115
vt 0.989043 0.731369
vt 0.989043 0.712100
vt 0.995301 0.723553
vt 0.911373 0.054417
vt 0.949008 0.279169
vt 0.958609 0.272573
vt 0.436941 0.614877
vt 0.908583 0.065136
vt 0.991200 0.699150
vt 0.926342 0.043005
vt 0.920143 0.057679
vt 0.434816 0.552063
vt 0.940516 0.264022
vt 0.940220 0.289513
vt 0.518877 0.989955
vt 0.525661 0.971262
vt 0.525661 0.992721
vt 0.133648 0.624234
vt 0.133648 0.566711
vt 0.139215 0.594584
vt 0.443242 0.542440
vt 0.740011 0.343289
vt 0.664648 0.703442
vt 0.821223 0.491142
vt 0.822630 0.371895
vt 0.841700 0.477657
vt 0.726357 0.320296
vt 0.097210 0.641843
vt 0.076017 0.575770
vt 0.719682 0.606947
vt 0.139180 0.570244
vt 0.628007 0.715392
vt 0.707269 0.959758
vt 0.714832 0.974340
vt 0.311045 0.357503
vt 0.293593 0.472258
vt 0.293174 0.410660
vt 0.953599 0.792241
vt 0.938462 0.782187
vt 0.952271 0.762691
vt 0.841700 0.356770
vt 0.414796 0.572101
vt 0.135650 0.552118
vt 0.976341 0.611750
vt 0.966897 0.570379
vt 0.976341 0.568014
vt 0.685191 0.592169
vt 0.669480 0.552372
vt 0.447804 0.252826
vt 0.429433 0.554039
vt 0.433228 0.558295
vt 0.938462 0.812525
vt 0.799540 0.368216
vt 0.841700 0.436278
vt 0.851701 0.453045
vt 0.655843 0.724962
vt 0.726533 0.309371
vt 0.984764 0.534286
vt 0.974608 0.515962
vt 0.984764 0.502954
vt 0.428630 0.598031
vt 0.072204 0.553198
vt 0.985322 0.698925
vt 0.985322 0.663336
vt 0.989043 0.692115
vt 0.953270 0.268761
vt 0.027222 0.601171
vt 0.059630 0.552118
vt 0.846958 0.573523
vt 0.046301 0.561497
vt 0.837576 0.777314
vt 0.991966 0.240057
vt 0.996514 0.229007
vt 0.996514 0.266695
vt 0.939891 0.642468
vt 0.939323 0.617862
vt 0.953308 0.644060
vt 0.951227 0.604902
vt 0.855123 0.603056
vt 0.015908 0.618937
vt 0.785695 0.966920
vt 0.785695 0.936802
vt 0.802358 0.941518
vt 0.966124 0.662500
vt 0.953308 0.624985
vt 0.966416 0.624985
vt 0.440794 0.254051
vt 0.878847 0.584795
vt 0.892479 0.548471
vt 0.890101 0.570716
vt 0.839220 0.130729
vt 0.842992 0.113890
vt 0.849668 0.130729
vt 0.506870 0.855338
vt 0.509404 0.863240
vt 0.878391 0.537085
vt 0.865461 0.502954
vt 0.882915 0.522956
vt 0.945936 0.741243
vt 0.734368 0.577577
vt 0.892898 0.578242
vt 0.897796 0.544833
vt 0.819199 0.357384
vt 0.640519 0.736766
vt 0.611760 0.740115
vt 0.848883 0.415849
vt 0.895446 0.588558
vt 0.865461 0.594747
vt 0.826778 0.353176
vt 0.836074 0.354569
vt 0.952806 0.972531
vt 0.940444 0.955473
vt 0.952765 0.965917
vt 0.904301 0.544757
vt 0.418720 0.966179
vt 0.429422 0.958628
vt 0.940444 0.982217
vt 0.672184 0.951966
vt 0.676051 0.963526
vt 0.669031 0.957451
vt 0.874929 0.599708
vt 0.989621 0.148604
vt 0.995029 0.145056
vt 0.995732 0.154689
vt 0.969652 0.656351
vt 0.966897 0.641138
vt 0.975987 0.637196
vt 0.010382 0.620439
vt 0.012648 0.604121
vt 0.019599 0.606592
vt 0.021941 0.600800
vt 0.995732 0.123058
vt 0.834626 0.346132
vt 0.893455 0.522903
vt 0.625414 0.746074
vt 0.002395 0.618810
vt 0.966897 0.611750
vt 0.816889 0.356630
vt 0.905182 0.536838
vt 0.986831 0.348551
vt 0.992757 0.358326
vt 0.987483 0.374362
vt 0.942348 0.272573
vt 0.443242 0.707109
vt 0.888335 0.428538
vt 0.668670 0.926292
vt 0.677729 0.951297
vt 0.837858 0.309371
vt 0.828816 0.909011
vt 0.835815 0.864565
vt 0.861642 0.886420
vt 0.965600 0.564987
vt 0.973401 0.549085
vt 0.973401 0.567645
vt 0.011499 0.597307
vt 0.174563 0.990108
vt 0.169270 0.994005
vt 0.825613 0.587982
vt 0.822294 0.509693
vt 0.698106 0.625064
vt 0.045823 0.557572
vt 0.752213 0.323283
vt 0.748793 0.344446
vt 0.742574 0.339696
vt 0.842231 0.266290
vt 0.829404 0.207576
vt 0.841973 0.235633
vt 0.683318 0.926977
vt 0.751413 0.999295
vt 0.748209 0.991688
vt 0.751413 0.983742
vt 0.000000 0.610285
vt 0.984469 0.450964
vt 0.982255 0.429430
vt 0.988851 0.444353
vt 0.782194 0.309371
vt 0.668065 0.731442
vt 0.653104 0.740948
vt 0.980167 0.167694
vt 0.980167 0.150776
vt 0.984218 0.153989
vt 0.821852 0.995081
vt 0.821852 0.973098
vt 0.828175 0.988995
vt 0.988851 0.426396
vt 0.443131 0.859173
vt 0.438637 0.842517
vt 0.443131 0.806507
vt 0.988064 0.728685
vt 0.410283 0.726866
vt 0.799540 0.314159
vt 0.767721 0.331916
vt 0.957942 0.879798
vt 0.947053 0.878221
vt 0.953861 0.862347
vt 0.956503 0.946293
vt 0.956503 0.896077
vt 0.967755 0.926124
vt 0.785538 0.488018
vt 0.797426 0.502111
vt 0.941706 0.866067
vt 0.487933 0.542440
vt 0.484615 0.555980
vt 0.470898 0.555808
vt 0.349269 0.981691
vt 0.355381 0.975798
vt 0.355381 0.991965
vt 0.966897 0.568014
vt 0.957914 0.585536
vt 0.953308 0.579488
vt 0.665708 0.752107
vt 0.760501 0.967575
vt 0.768245 0.963079
vt 0.768245 0.992672
vt 0.695226 0.973633
vt 0.693546 0.995597
vt 0.618670 0.973110
vt 0.618670 0.995182
vt 0.612462 0.992132
vt 0.939483 0.840158
vt 0.946991 0.841560
vt 0.961776 0.120949
vt 0.947130 0.095406
vt 0.957932 0.104111
vt 0.961776 0.068442
vt 0.990958 0.385900
vt 0.983402 0.380123
vt 0.986571 0.377010
vt 0.986571 0.387385
vt 0.864568 0.643379
vt 0.886658 0.399882
vt 0.187898 0.957524
vt 0.184054 0.949639
vt 0.184437 0.942192
vt 0.899023 0.666344
vt 0.909270 0.666344
vt 0.903144 0.678348
vt 0.084433 0.995304
vt 0.079721 0.980652
vt 0.084433 0.966162
vt 0.994533 0.982573
vt 0.988895 0.957158
vt 0.994533 0.946293
vt 0.929721 0.988459
vt 0.935363 0.980500
vt 0.935363 0.994036
vt 0.698380 0.985919
vt 0.989618 0.597632
vt 0.989618 0.611677
vt 0.983808 0.607418
vt 0.509442 0.863240
vt 0.506870 0.869114
vt 0.849668 0.129101
vt 0.849668 0.113890
vt 0.860760 0.128204
vt 0.860997 0.117713
vt 0.951667 0.065237
vt 0.644751 0.755142
vt 0.979487 0.105877
vt 0.979487 0.122277
vt 0.970956 0.117729
vt 0.906733 0.807179
vt 0.919716 0.741242
vt 0.924492 0.770788
vt 0.740731 0.357269
vt 0.987420 0.089342
vt 0.985426 0.089466
vt 0.864003 0.975005
vt 0.870115 0.983609
vt 0.864003 0.992934
vt 0.155744 0.991650
vt 0.150532 0.993860
vt 0.150532 0.961509
vt 0.944902 0.570027
vt 0.953308 0.584152
vt 0.853455 0.400246
vt 0.668670 0.661726
vt 0.448780 0.560475
vt 0.466833 0.575746
vt 0.591637 0.359090
vt 0.577989 0.339908
vt 0.588720 0.336997
vt 0.232597 0.976844
vt 0.223406 0.962617
vt 0.232597 0.956690
vt 0.828816 0.829358
vt 0.396937 0.297073
vt 0.915623 0.471222
vt 0.915623 0.502673
vt 0.912136 0.487598
vt 0.169270 0.945029
vt 0.755842 0.357818
vt 0.252361 0.982396
vt 0.245225 0.991891
vt 0.245225 0.974454
vt 0.171054 0.952655
vt 0.639129 0.788703
vt 0.565707 0.351814
vt 0.216099 0.973270
vt 0.793278 0.351586
vt 0.975960 0.450649
vt 0.967223 0.444719
vt 0.975960 0.430196
vt 0.828816 0.846480
vt 0.736249 0.611352
vt 0.718194 0.620681
vt 0.317274 0.417406
vt 0.311045 0.476869
vt 0.042782 0.941945
vt 0.045149 0.925962
vt 0.049296 0.916324
vt 0.940495 0.419048
vt 0.928275 0.428942
vt 0.918779 0.399882
vt 0.953319 0.608633
vt 0.849883 0.852556
vt 0.874497 0.868244
vt 0.940495 0.448352
vt 0.928484 0.451573
vt 0.937075 0.441894
vt 0.453690 0.263037
vt 0.869769 0.859116
vt 0.951114 0.568014
vt 0.485868 0.579309
vt 0.570956 0.363051
vt 0.745527 0.367274
vt 0.926672 0.444520
vt 0.966897 0.624985
vt 0.986831 0.387949
vt 0.853819 0.179750
vt 0.861338 0.189881
vt 0.064088 0.929468
vt 0.042782 0.910330
vt 0.760339 0.357335
vt 0.765947 0.364280
vt 0.970913 0.432225
vt 0.378155 0.273116
vt 0.738513 0.630896
vt 0.979030 0.078457
vt 0.988750 0.085011
vt 0.448556 0.579457
vt 0.043698 0.905041
vt 0.451984 0.269683
vt 0.865461 0.660627
vt 0.915715 0.434225
vt 0.212442 0.975181
vt 0.195576 0.968884
vt 0.212442 0.954921
vt 0.057468 0.953809
vt 0.558607 0.350290
vt 0.516227 0.321755
vt 0.509661 0.309371
vt 0.538047 0.344116
vt 0.668065 0.761685
vt 0.655633 0.791689
vt 0.912050 0.823179
vt 0.503684 0.994419
vt 0.502013 0.974983
vt 0.508576 0.991438
vt 0.920201 0.410002
vt 0.874905 0.117972
vt 0.871568 0.131872
vt 0.251056 0.952692
vt 0.262127 0.974454
vt 0.722176 0.657719
vt 0.532162 0.345149
vt 0.955385 0.309371
vt 0.967094 0.339054
vt 0.955385 0.352451
vt 0.446810 0.287435
vt 0.458881 0.614211
vt 0.958143 0.362736
vt 0.816809 0.951416
vt 0.802358 0.970045
vt 0.802358 0.936802
vt 0.478020 0.608165
vt 0.749546 0.363821
vt 0.849501 0.174155
vt 0.508576 0.968026
vt 0.544651 0.351203
vt 0.429208 0.298198
vt 0.457169 0.296838
vt 0.843156 0.842032
vt 0.575494 0.404639
vt 0.783181 0.357594
vt 0.924492 0.823737
vt 0.876500 0.169924
vt 0.502596 0.588274
vt 0.507544 0.615407
vt 0.550374 0.394179
vt 0.799540 0.368081
vt 0.985160 0.554052
vt 0.974608 0.563496
vt 0.974608 0.534286
vt 0.866496 0.838058
vt 0.868239 0.150590
vt 0.849675 0.165588
vt 0.735889 0.653219
vt 0.595327 0.399597
vt 0.533228 0.388387
vt 0.903623 0.823904
vt 0.661371 0.000000
vt 0.647165 0.028103
vt 0.639721 0.008371
vt 0.438895 0.310580
vt 0.319618 0.926859
vt 0.292931 0.917983
vt 0.319618 0.877493
vt 0.783014 0.372718
vt 0.619342 0.006188
vt 0.633264 0.022795
vt 0.799388 0.671099
vt 0.820565 0.629355
vt 0.813228 0.674108
vt 0.968605 0.499539
vt 0.958629 0.475331
vt 0.968605 0.451573
vt 0.756116 0.392871
vt 0.792862 0.633302
vt 0.404267 0.321254
vt 0.448065 0.305981
vt 0.892448 0.947890
vt 0.875113 0.931191
vt 0.885067 0.931526
vt 0.874497 0.915649
vt 0.490198 0.643391
vt 0.743246 0.386103
vt 0.619147 0.028574
vt 0.825857 0.668146
vt 0.822294 0.671473
vt 0.470100 0.645472
vt 0.443242 0.628087
vt 0.745560 0.405432
vt 0.820565 0.669203
vt 0.454066 0.303228
vt 0.897936 0.944716
vt 0.475098 0.625535
vt 0.096388 0.794982
vt 0.097120 0.821487
vt 0.088406 0.797402
vt 0.987862 0.122066
vt 0.979487 0.115739
vt 0.987862 0.105877
vt 0.829404 0.146720
vt 0.978587 0.501717
vt 0.984170 0.491109
vt 0.872580 0.842032
vt 0.882568 0.901629
vt 0.411578 0.322859
vt 0.856279 0.134892
vt 0.663304 0.040905
vt 0.452288 0.334327
vt 0.381711 0.319060
vt 0.893671 0.922213
vt 0.798850 0.625288
vt 0.897936 0.910913
vt 0.722536 0.675900
vt 0.535011 0.848086
vt 0.539620 0.852756
vt 0.540231 0.876046
vt 0.557382 0.845586
vt 0.847130 0.139874
vt 0.999208 0.755933
vt 0.996044 0.763052
vt 0.996044 0.741242
vt 0.456682 0.663607
vt 0.642448 0.045422
vt 0.953742 0.445520
vt 0.940495 0.451573
vt 0.949717 0.438500
vt 0.735746 0.673996
vt 0.502364 0.640987
vt 0.827481 0.671280
vt 0.434437 0.344841
vt 0.509661 0.860044
vt 0.519742 0.845224
vt 0.960606 0.462263
vt 0.680734 0.665711
vt 0.391968 0.335881
vt 0.834343 0.141864
vt 0.231026 0.357503
vt 0.237145 0.358163
vt 0.230264 0.365963
vt 0.311045 0.477089
vt 0.556687 0.872022
vt 0.222513 0.363504
vt 0.230488 0.378627
vt 0.954602 0.411447
vt 0.940495 0.408054
vt 0.817001 0.624867
vt 0.097120 0.777787
vt 0.929086 0.634212
vt 0.935906 0.614632
vt 0.939027 0.625081
vt 0.847873 0.132008
vt 0.830973 0.137682
vt 0.220298 0.403387
vt 0.951802 0.388816
vt 0.919374 0.644060
vt 0.909276 0.628628
vt 0.924816 0.618087
vt 0.744263 0.678953
vt 0.746762 0.434735
vt 0.999806 0.138891
vt 0.995732 0.146505
vt 0.279520 0.369064
vt 0.263841 0.365067
vt 0.273666 0.362507
vt 0.288844 0.358854
vt 0.540684 0.445571
vt 0.413449 0.352171
vt 0.556680 0.955495
vt 0.556680 0.995677
vt 0.551979 0.988542
vt 0.781184 0.416819
vt 0.651803 0.068922
vt 0.990576 0.646201
vt 0.990576 0.662614
vt 0.984135 0.657647
vt 0.922635 0.612530
vt 0.924566 0.606371
vt 0.939323 0.599708
vt 0.760354 0.432813
vt 0.770823 0.414320
vt 0.490211 0.665555
vt 0.498460 0.661497
vt 0.289681 0.383119
vt 0.267859 0.405894
vt 0.948508 0.898453
vt 0.943364 0.910251
vt 0.286933 0.368686
vt 0.664746 0.093252
vt 0.627981 0.076876
vt 0.576462 0.974481
vt 0.576462 0.999064
vt 0.571788 0.977232
vt 0.956503 0.918739
vt 0.238568 0.425389
vt 0.748795 0.456895
vt 0.478665 0.665434
vt 0.909276 0.604994
vt 0.098069 0.751491
vt 0.103823 0.714785
vt 0.117842 0.764915
vt 0.518134 0.887663
vt 0.574461 0.444081
vt 0.470869 0.367087
vt 0.549081 0.465174
vt 0.778211 0.448047
vt 0.761876 0.456678
vt 0.421438 0.376294
vt 0.412743 0.388184
vt 0.538950 0.891405
vt 0.465781 0.698571
vt 0.129137 0.739786
vt 0.270415 0.437887
vt 0.507544 0.684141
vt 0.228912 0.469499
vt 0.643502 0.099452
vt 0.496286 0.696748
vt 0.460181 0.389888
vt 0.632682 0.111566
vt 0.475598 0.695127
vt 0.612462 0.952043
vt 0.630111 0.973023
vt 0.612462 0.973110
vt 0.557382 0.905782
vt 0.586996 0.453408
vt 0.585847 0.485176
vt 0.574632 0.483132
vt 0.504139 0.699349
vt 0.566340 0.490870
vt 0.650935 0.119842
vt 0.293174 0.392982
vt 0.283237 0.440933
vt 0.669079 0.108723
vt 0.474621 0.705600
vt 0.588855 0.497935
vt 0.576762 0.494227
vt 0.111462 0.702139
vt 0.758011 0.479061
vt 0.765952 0.473894
vt 0.442454 0.413865
vt 0.498682 0.708156
vt 0.760843 0.890555
vt 0.756713 0.918349
vt 0.749974 0.890031
vt 0.586397 0.500788
vt 0.245828 0.471973
vt 0.646158 0.133158
vt 0.222933 0.991437
vt 0.227014 0.976844
vt 0.229631 0.991437
vt 0.506447 0.710695
vt 0.660874 0.140860
vt 0.611760 0.525685
vt 0.500036 0.714361
vt 0.132675 0.697065
vt 0.542875 0.491470
vt 0.777216 0.918349
vt 0.775884 0.896698
vt 0.572456 0.506299
vt 0.922299 0.282531
vt 0.926050 0.284316
vt 0.840726 0.069213
vt 0.855490 0.113890
vt 0.830014 0.094891
vt 0.545829 0.975528
vt 0.551979 0.983052
vt 0.545829 0.991987
vt 0.575848 0.839044
vt 0.584923 0.805275
vt 0.591173 0.836253
vt 0.477844 0.410693
vt 0.863150 0.100900
vt 0.915371 0.663530
vt 0.909276 0.672603
vt 0.911496 0.663574
vt 0.432066 0.418287
vt 0.668673 0.136038
vt 0.564394 0.510710
vt 0.788513 0.472420
vt 0.644102 0.141419
vt 0.915371 0.677878
vt 0.600711 0.827416
vt 0.264565 0.472087
vt 0.760458 0.485403
vt 0.865558 0.108943
vt 0.598673 0.531558
vt 0.828816 0.936438
vt 0.821148 0.931504
vt 0.844886 0.271221
vt 0.837310 0.275006
vt 0.848704 0.266290
vt 0.869319 0.073509
vt 0.112332 0.678793
vt 0.787234 0.927347
vt 0.797957 0.934128
vt 0.795490 0.936802
vt 0.791824 0.914842
vt 0.911315 0.678915
vt 0.611212 0.539181
vt 0.601490 0.803827
vt 0.553717 0.509890
vt 0.536568 0.493102
vt 0.982256 0.426396
vt 0.982256 0.388816
vt 0.988957 0.396753
vt 0.748040 0.983507
vt 0.740438 0.993212
vt 0.422462 0.995839
vt 0.422462 0.985901
vt 0.426328 0.987922
vt 0.854315 0.275408
vt 0.861966 0.273710
vt 0.866539 0.306422
vt 0.589335 0.540288
vt 0.474315 0.426578
vt 0.875171 0.079048
vt 0.652103 0.155927
vt 0.785695 0.896472
vt 0.793260 0.905513
vt 0.799116 0.919057
vt 0.979961 0.881165
vt 0.968247 0.895798
vt 0.641529 0.154148
vt 0.455020 0.449012
vt 0.835746 0.051662
vt 0.848482 0.047196
vt 0.577147 0.771127
vt 0.591483 0.785681
vt 0.241123 0.492950
vt 0.275051 0.466543
vt 0.655103 0.166786
vt 0.584733 0.562292
vt 0.782065 0.885403
vt 0.802419 0.905963
vt 0.675772 0.149152
vt 0.119001 0.641653
vt 0.273192 0.504885
vt 0.820820 0.896472
vt 0.649394 0.196817
vt 0.255731 0.493294
vt 0.577101 0.556102
vt 0.608381 0.767045
vt 0.826355 0.045357
vt 0.660049 0.202901
vt 0.829403 0.306422
vt 0.128106 0.640785
vt 0.930619 0.980500
vt 0.930619 0.943740
vt 0.939005 0.979558
vt 0.472667 0.441551
vt 0.940340 0.943739
vt 0.237106 0.518847
vt 0.228849 0.478683
vt 0.645033 0.164866
vt 0.630599 0.235645
vt 0.540608 0.563044
vt 0.464966 0.467327
vt 0.102827 0.637849
vt 0.104082 0.664243
vt 0.840867 0.001211
vt 0.475433 0.463753
vt 0.487495 0.461099
vt 0.253236 0.529188
vt 0.608591 0.865032
vt 0.628049 0.869678
vt 0.617224 0.888642
vt 0.535662 0.588030
vt 0.575848 0.753161
vt 0.439340 0.439838
vt 0.448894 0.466732
vt 0.527460 0.554500
vt 0.629845 0.892072
vt 0.639280 0.887125
vt 0.260630 0.519152
vt 0.281837 0.855062
vt 0.243628 0.904651
vt 0.243628 0.854736
vt 0.484708 0.481218
vt 0.624818 0.903990
vt 0.636741 0.896254
vt 0.499170 0.475023
vt 0.459084 0.481916
vt 0.942370 0.663502
vt 0.926075 0.663502
vt 0.934670 0.644060
vt 0.875171 0.022813
vt 0.292457 0.910530
vt 0.117391 0.622236
vt 0.273791 0.535978
vt 0.635029 0.922436
vt 0.125142 0.611562
vt 0.234011 0.529553
vt 0.645103 0.239607
vt 0.097210 0.623645
vt 0.106409 0.612876
vt 0.856148 0.000000
vt 0.613054 0.892919
vt 0.608591 0.917192
vt 0.618672 0.921758
vt 0.509661 0.580592
vt 0.098039 0.600418
vt 0.260194 0.543796
vt 0.111520 0.605865
vt 0.658073 0.233968
vt 0.222834 0.557736
vt 0.277271 0.551908
vt 0.505616 0.494253
vt 0.499060 0.503033
vt 0.486060 0.511756
vt 0.463754 0.505219
vt 0.121774 0.595801
vt 0.865600 0.000934
vt 0.660213 0.257399
vt 0.660185 0.296859
vt 0.631684 0.301021
vt 0.420419 0.915802
vt 0.409884 0.916164
vt 0.400359 0.906839
vt 0.402598 0.890696
vt 0.624451 0.243919
vt 0.619147 0.235884
vt 0.428887 0.897251
vt 0.435617 0.863795
vt 0.419907 0.881006
vt 0.252032 0.573028
vt 0.619147 0.281703
vt 0.632857 0.259259
vt 0.114683 0.577040
vt 0.264821 0.578993
vt 0.970384 0.106621
vt 0.961777 0.118506
vt 0.993720 0.389186
vt 0.996694 0.388816
vt 0.995523 0.406325
vt 0.970956 0.121189
vt 0.642917 0.257399
vt 0.435617 0.910009
vt 0.949464 0.982217
vt 0.949464 0.997997
vt 0.945245 0.984998
vt 0.997973 0.416747
vt 0.130274 0.558493
vt 0.132675 0.607584
vt 0.619147 0.296129
vt 0.993720 0.421270
vt 0.462251 0.542440
vt 0.490390 0.516095
vt 0.624559 0.254671
vt 0.290904 0.584050
vt 0.110553 0.555414
vt 0.099171 0.562896
vt 0.875040 0.882163
vt 0.874497 0.866786
vt 0.886902 0.901629
vt 0.915586 0.859058
vt 0.915586 0.899033
vt 0.282788 0.585709
vt 0.906891 0.846064
vt 0.895742 0.842032
vt 0.293174 0.591566
vt 0.122276 0.552118
vt 0.881985 0.849127
s 1
usemtl Material.005
f 1/1/1 2/2/2 3/3/3
f 2/2/2 4/4/4 3/3/3
f 2/2/2 5/5/5 4/4/4
f 4/4/4 6/6/6 3/3/3
f 1/7/1 3/8/3 7/9/7
f 8/10/8 2/11/2 1/12/1
f 7/13/7 9/14/9 1/15/1
f 3/16/3 6/17/6 7/18/7
f 9/19/9 7/20/7 10/21/10
f 5/22/5 11/23/11 4/24/4
f 10/25/10 7/18/7 6/17/6
f 10/21/10 6/26/6 12/27/12
f 2/28/2 11/23/11 5/22/5
f 9/19/9 10/21/10 13/29/13
f 14/30/14 15/31/15 16/32/16
f 15/31/15 17/33/17 16/32/16
f 16/32/16 17/33/17 18/34/18
f 12/27/12 19/35/19 10/21/10
f 16/32/16 18/34/18 20/36/20
f 21/37/21 4/38/4 11/39/11
f 4/38/4 12/40/12 6/41/6
f 16/32/16 20/36/20 22/42/22
f 16/32/16 22/42/22 23/43/23
f 16/32/16 23/43/23 14/30/14
f 18/34/18 24/44/24 20/36/20
f 20/36/20 25/45/25 22/42/22
f 26/46/26 15/31/15 14/30/14
f 1/12/1 9/47/9 13/48/13
f 27/49/27 20/36/20 24/44/24
f 28/50/28 29/51/29 30/52/30
f 31/53/31 23/54/23 22/55/22
f 14/30/14 32/56/32 26/46/26
f 28/57/28 33/58/33 29/59/29
f 34/60/34 14/30/14 23/43/23
f 34/61/34 32/62/32 14/63/14
f 29/64/29 33/65/33 35/66/35
f 17/33/17 36/67/36 18/34/18
f 28/50/28 30/52/30 37/68/37
f 10/21/10 19/35/19 13/29/13
f 38/69/38 36/67/36 17/33/17
f 29/64/29 35/66/35 30/70/30
f 31/71/31 22/42/22 25/45/25
f 25/45/25 20/36/20 27/49/27
f 39/72/39 26/46/26 32/56/32
f 24/44/24 18/34/18 40/73/40
f 36/67/36 41/74/41 18/34/18
f 28/75/28 37/76/37 42/77/42
f 43/78/43 44/79/44 45/80/45
f 34/60/34 46/81/46 32/56/32
f 26/46/26 47/82/47 15/31/15
f 28/75/28 42/77/42 48/83/48
f 28/57/28 45/84/45 33/58/33
f 35/66/35 49/85/49 30/70/30
f 50/86/50 51/87/51 52/88/52
f 52/88/52 51/87/51 53/89/53
f 54/90/54 34/60/34 23/43/23
f 55/91/55 46/81/46 34/60/34
f 27/49/27 24/44/24 56/92/56
f 36/67/36 38/69/38 57/93/57
f 33/94/33 45/95/45 44/96/44
f 33/97/33 44/98/44 35/99/35
f 44/79/44 43/78/43 58/100/58
f 23/43/23 31/71/31 54/90/54
f 32/56/32 46/81/46 39/72/39
f 24/44/24 40/73/40 59/101/59
f 41/74/41 40/73/40 18/34/18
f 43/102/43 45/103/45 60/104/60
f 61/105/61 58/106/58 43/107/43
f 52/88/52 53/89/53 62/108/62
f 15/31/15 47/82/47 63/109/63
f 63/109/63 17/33/17 15/31/15
f 37/76/37 64/110/64 42/77/42
f 37/68/37 30/52/30 65/111/65
f 35/99/35 44/98/44 49/112/49
f 53/89/53 51/87/51 62/108/62
f 24/44/24 59/101/59 66/113/66
f 17/33/17 63/109/63 38/69/38
f 28/75/28 60/104/60 45/103/45
f 43/114/43 67/115/67 61/116/61
f 50/86/50 52/88/52 30/117/30
f 44/118/44 68/119/68 49/120/49
f 51/87/51 69/121/69 62/108/62
f 70/122/70 69/121/69 51/87/51
f 70/122/70 71/123/71 69/121/69
f 71/123/71 72/124/72 69/121/69
f 34/60/34 54/90/54 73/125/73
f 25/126/25 74/127/74 31/128/31
f 24/44/24 66/113/66 56/92/56
f 39/72/39 75/129/75 26/46/26
f 48/130/48 60/131/60 28/132/28
f 43/102/43 60/104/60 67/133/67
f 52/134/52 76/135/76 77/136/77
f 52/137/52 77/138/77 78/139/78
f 52/140/52 78/141/78 30/142/30
f 52/88/52 62/108/62 76/143/76
f 58/106/58 68/119/68 44/118/44
f 30/144/30 49/145/49 68/146/68
f 50/86/50 79/147/79 51/87/51
f 71/123/71 80/148/80 72/124/72
f 72/149/72 80/150/80 81/151/81
f 34/152/34 73/153/73 82/154/82
f 82/155/82 83/156/83 34/60/34
f 54/90/54 31/71/31 74/157/74
f 75/129/75 84/158/84 26/46/26
f 26/46/26 84/158/84 47/82/47
f 47/82/47 84/158/84 85/159/85
f 40/73/40 41/74/41 59/101/59
f 60/131/60 48/130/48 42/160/42
f 65/111/65 64/161/64 37/68/37
f 79/147/79 70/122/70 51/87/51
f 81/162/81 86/163/86 72/124/72
f 34/60/34 83/156/83 55/91/55
f 87/164/87 88/165/88 89/166/89
f 87/164/87 89/166/89 90/167/90
f 67/168/67 91/169/91 61/170/61
f 61/105/61 91/171/91 58/106/58
f 30/142/30 78/141/78 65/172/65
f 77/173/77 92/174/92 78/175/78
f 30/176/30 93/177/93 50/178/50
f 93/177/93 79/179/79 50/178/50
f 1/12/1 13/48/13 8/10/8
f 21/180/21 72/124/72 86/163/86
f 80/148/80 94/181/94 81/162/81
f 55/182/55 83/183/83 95/184/95
f 96/185/96 97/186/97 98/187/98
f 87/164/87 99/188/99 88/165/88
f 89/166/89 75/129/75 39/72/39
f 89/166/89 100/189/100 75/129/75
f 85/159/85 101/190/101 47/82/47
f 60/104/60 102/191/102 67/133/67
f 58/106/58 91/171/91 68/119/68
f 77/192/77 103/193/103 92/194/92
f 79/179/79 104/195/104 70/196/70
f 72/124/72 21/180/21 11/197/11
f 21/37/21 12/40/12 4/38/4
f 81/162/81 105/198/105 86/163/86
f 96/185/96 94/181/94 97/186/97
f 25/126/25 106/199/106 74/127/74
f 25/45/25 27/49/27 106/200/106
f 90/167/90 89/166/89 39/72/39
f 59/101/59 41/74/41 107/201/107
f 108/202/108 63/109/63 47/82/47
f 60/104/60 42/77/42 109/203/109
f 91/204/91 110/205/110 111/206/111
f 111/206/111 68/207/68 91/204/91
f 78/208/78 92/209/92 65/210/65
f 70/196/70 112/211/112 71/212/71
f 69/121/69 11/197/11 113/213/113
f 69/121/69 72/124/72 11/197/11
f 81/162/81 94/181/94 105/198/105
f 54/90/54 114/214/114 73/125/73
f 97/186/97 115/215/115 98/187/98
f 87/164/87 90/167/90 116/216/116
f 115/215/115 99/188/99 87/164/87
f 106/200/106 27/49/27 117/217/117
f 117/217/117 27/49/27 56/92/56
f 56/92/56 66/113/66 118/218/118
f 119/219/119 84/158/84 75/129/75
f 101/190/101 108/202/108 47/82/47
f 57/220/57 41/221/41 36/222/36
f 91/169/91 67/168/67 102/223/102
f 102/191/102 60/104/60 109/203/109
f 93/224/93 30/144/30 68/146/68
f 113/213/113 62/108/62 69/121/69
f 96/185/96 105/198/105 94/181/94
f 120/225/120 94/226/94 80/227/80
f 121/228/121 54/90/54 74/157/74
f 116/216/116 39/72/39 46/81/46
f 99/229/99 122/230/122 88/231/88
f 88/165/88 100/189/100 89/166/89
f 59/101/59 107/201/107 66/113/66
f 57/93/57 123/232/123 41/74/41
f 38/233/38 124/234/124 57/235/57
f 63/109/63 125/236/125 38/69/38
f 126/237/126 110/238/110 91/239/91
f 127/240/127 111/241/111 110/242/110
f 77/243/77 128/244/128 103/245/103
f 65/210/65 92/209/92 128/246/128
f 111/247/111 129/248/129 68/249/68
f 128/246/128 92/209/92 103/250/103
f 8/10/8 13/48/13 130/251/130
f 71/212/71 112/211/112 80/252/80
f 94/181/94 120/253/120 97/186/97
f 96/185/96 98/187/98 131/254/131
f 120/255/120 132/256/132 97/257/97
f 97/186/97 99/188/99 115/215/115
f 133/258/133 99/188/99 97/186/97
f 90/167/90 39/72/39 116/216/116
f 85/259/85 134/260/134 101/261/101
f 108/202/108 135/262/135 63/109/63
f 135/262/135 125/236/125 63/109/63
f 65/210/65 128/246/128 136/263/136
f 104/195/104 112/211/112 70/196/70
f 80/252/80 112/211/112 137/264/137
f 137/264/137 138/265/138 80/252/80
f 121/266/121 114/267/114 54/268/54
f 115/215/115 131/254/131 98/187/98
f 42/77/42 64/110/64 139/269/139
f 42/77/42 139/269/139 109/203/109
f 77/270/77 76/271/76 128/272/128
f 111/247/111 127/273/127 129/248/129
f 68/249/68 129/248/129 140/274/140
f 68/249/68 140/274/140 93/275/93
f 73/125/73 141/276/141 82/155/82
f 83/156/83 82/155/82 141/276/141
f 121/228/121 73/125/73 114/214/114
f 46/81/46 55/91/55 116/216/116
f 75/129/75 100/189/100 119/219/119
f 41/74/41 123/232/123 142/277/142
f 143/278/143 135/279/135 108/280/108
f 21/180/21 86/163/86 144/281/144
f 141/282/141 73/283/73 145/284/145
f 146/285/146 80/252/80 138/265/138
f 80/252/80 146/285/146 147/286/147
f 147/287/147 120/225/120 80/227/80
f 115/288/115 87/289/87 131/290/131
f 148/291/148 99/188/99 133/258/133
f 135/262/135 149/292/149 125/236/125
f 150/293/150 151/294/151 152/295/152
f 150/293/150 153/296/153 151/294/151
f 62/108/62 154/297/154 76/143/76
f 2/28/2 113/298/113 11/23/11
f 21/37/21 155/299/155 12/40/12
f 87/164/87 156/300/156 157/301/157
f 100/302/100 88/231/88 158/303/158
f 100/302/100 158/303/158 119/304/119
f 126/305/126 159/306/159 110/307/110
f 110/308/110 159/309/159 127/310/127
f 83/183/83 160/311/160 95/184/95
f 120/255/120 147/286/147 132/256/132
f 87/164/87 157/301/157 131/254/131
f 87/164/87 116/216/116 156/300/156
f 84/312/84 119/304/119 161/313/161
f 85/259/85 161/313/161 134/260/134
f 134/260/134 108/314/108 101/261/101
f 135/315/135 143/316/143 162/317/162
f 162/318/162 143/319/143 163/320/163
f 152/321/152 151/322/151 164/323/164
f 153/296/153 165/324/165 151/294/151
f 91/239/91 166/325/166 126/237/126
f 102/191/102 166/325/166 91/239/91
f 76/326/76 167/327/167 128/328/128
f 62/108/62 113/213/113 154/297/154
f 86/163/86 105/198/105 168/329/168
f 74/157/74 106/200/106 121/228/121
f 55/182/55 169/330/169 116/331/116
f 118/218/118 66/113/66 170/332/170
f 161/313/161 85/259/85 84/312/84
f 162/317/162 149/333/149 135/315/135
f 136/263/136 128/246/128 167/334/167
f 166/325/166 102/191/102 171/335/171
f 159/336/159 129/248/129 127/273/127
f 172/337/172 140/274/140 129/248/129
f 79/179/79 93/177/93 140/338/140
f 130/339/130 13/340/13 173/341/173
f 13/340/13 19/342/19 173/341/173
f 173/341/173 19/342/19 155/343/155
f 155/299/155 19/344/19 12/40/12
f 73/125/73 174/345/174 175/346/175
f 96/347/96 168/348/168 105/349/105
f 176/350/176 96/185/96 131/254/131
f 143/319/143 177/351/177 163/320/163
f 163/320/163 178/352/178 162/318/162
f 179/353/179 180/354/180 152/295/152
f 179/355/179 152/321/152 164/323/164
f 179/355/179 164/323/164 181/356/181
f 180/354/180 150/293/150 152/295/152
f 151/294/151 182/357/182 164/358/164
f 126/237/126 166/325/166 159/359/159
f 102/191/102 183/360/183 171/335/171
f 73/361/73 184/362/184 185/363/185
f 186/364/186 184/365/184 73/366/73
f 145/284/145 73/283/73 185/367/185
f 141/368/141 160/311/160 83/183/83
f 86/369/86 168/370/168 144/371/144
f 169/330/169 55/182/55 95/184/95
f 106/200/106 117/217/117 187/372/187
f 97/257/97 188/373/188 133/374/133
f 133/374/133 188/373/188 148/375/148
f 148/375/148 122/230/122 99/229/99
f 158/303/158 161/313/161 119/304/119
f 38/69/38 125/236/125 124/376/124
f 125/236/125 149/292/149 124/376/124
f 164/358/164 182/357/182 181/377/181
f 165/324/165 189/378/189 151/294/151
f 159/359/159 166/325/166 190/379/190
f 109/203/109 183/360/183 102/191/102
f 109/380/109 139/381/139 183/382/183
f 73/125/73 175/346/175 186/383/186
f 141/368/141 191/384/191 192/385/192
f 191/386/191 141/387/141 145/388/145
f 160/389/160 169/390/169 95/391/95
f 121/228/121 193/392/193 73/125/73
f 121/228/121 106/200/106 193/392/193
f 148/375/148 158/303/158 122/230/122
f 124/234/124 194/393/194 57/235/57
f 149/292/149 195/394/195 124/376/124
f 163/395/163 177/396/177 178/397/178
f 162/318/162 178/352/178 149/398/149
f 179/353/179 181/377/181 196/399/196
f 150/293/150 197/400/197 153/296/153
f 151/294/151 189/378/189 198/401/198
f 65/402/65 199/403/199 64/110/64
f 136/404/136 199/405/199 65/406/65
f 141/368/141 192/385/192 160/311/160
f 96/185/96 176/350/176 168/329/168
f 107/201/107 41/74/41 200/407/200
f 196/399/196 181/377/181 177/408/177
f 182/357/182 201/409/201 181/377/181
f 182/357/182 151/294/151 201/409/201
f 151/410/151 202/411/202 201/412/201
f 136/413/136 203/414/203 199/415/199
f 159/336/159 204/416/204 129/248/129
f 113/417/113 205/418/205 154/419/154
f 79/179/79 206/420/206 104/195/104
f 104/195/104 206/420/206 112/211/112
f 2/11/2 8/10/8 113/421/113
f 21/37/21 207/422/207 155/299/155
f 131/254/131 208/423/208 176/350/176
f 188/424/188 97/425/97 132/426/132
f 122/230/122 158/303/158 88/231/88
f 41/74/41 142/277/142 200/407/200
f 134/427/134 209/428/209 108/429/108
f 57/235/57 210/430/210 123/431/123
f 180/432/180 211/433/211 150/434/150
f 181/377/181 201/409/201 212/435/212
f 153/296/153 197/400/197 165/324/165
f 206/420/206 79/179/79 213/436/213
f 73/125/73 193/392/193 174/345/174
f 137/264/137 214/437/214 138/265/138
f 176/350/176 215/438/215 168/329/168
f 131/439/131 157/440/157 208/441/208
f 132/256/132 147/286/147 216/442/216
f 57/235/57 194/393/194 210/430/210
f 108/280/108 217/443/217 143/278/143
f 181/377/181 218/444/218 177/408/177
f 179/445/179 196/446/196 219/447/219
f 220/448/220 197/449/197 150/434/150
f 166/325/166 171/335/171 190/379/190
f 159/450/159 190/451/190 204/452/204
f 79/179/79 140/338/140 213/436/213
f 221/453/221 222/454/222 112/211/112
f 222/454/222 223/455/223 112/211/112
f 112/211/112 223/455/223 137/264/137
f 21/180/21 215/438/215 207/456/207
f 137/264/137 223/455/223 214/437/214
f 224/457/224 169/458/169 160/459/160
f 116/460/116 169/458/169 224/457/224
f 188/373/188 225/461/225 148/375/148
f 123/431/123 226/462/226 142/463/142
f 218/464/218 227/465/227 177/466/177
f 227/467/227 178/468/178 177/469/177
f 228/470/228 196/399/196 177/408/177
f 218/444/218 181/377/181 212/435/212
f 151/294/151 198/401/198 202/471/202
f 165/324/165 197/400/197 189/378/189
f 145/388/145 185/472/185 191/386/191
f 215/438/215 21/180/21 144/281/144
f 138/265/138 229/473/229 146/285/146
f 146/285/146 216/442/216 147/286/147
f 224/474/224 156/475/156 116/476/116
f 157/477/157 156/478/156 230/479/230
f 117/217/117 56/92/56 231/480/231
f 170/332/170 66/113/66 107/201/107
f 232/481/232 108/429/108 209/428/209
f 232/482/232 217/443/217 108/280/108
f 233/483/233 149/484/149 178/485/178
f 179/445/179 234/486/234 180/487/180
f 220/448/220 150/434/150 211/433/211
f 235/488/235 203/489/203 136/490/136
f 154/491/154 167/492/167 76/493/76
f 172/337/172 129/248/129 204/416/204
f 205/494/205 113/495/113 8/496/8
f 215/497/215 176/498/176 236/499/236
f 237/500/237 188/373/188 132/256/132
f 226/462/226 123/431/123 210/430/210
f 217/443/217 177/501/177 143/278/143
f 218/464/218 238/502/238 227/465/227
f 227/465/227 238/502/238 178/485/178
f 198/401/198 239/503/239 202/471/202
f 189/504/189 240/505/240 198/506/198
f 64/110/64 183/360/183 139/269/139
f 235/507/235 199/508/199 203/509/203
f 136/510/136 167/511/167 235/512/235
f 241/513/241 172/337/172 204/416/204
f 221/453/221 112/211/112 206/420/206
f 8/10/8 130/251/130 242/514/242
f 216/442/216 237/500/237 132/256/132
f 124/234/124 243/515/243 194/393/194
f 149/484/149 244/516/244 195/517/195
f 198/401/198 245/518/245 239/503/239
f 198/506/198 240/505/240 245/519/245
f 190/520/190 241/521/241 204/522/204
f 140/274/140 172/337/172 246/523/246
f 186/383/186 175/346/175 247/524/247
f 207/422/207 248/525/248 155/299/155
f 168/370/168 215/526/215 144/371/144
f 177/527/177 217/528/217 228/529/228
f 244/530/244 149/531/149 233/532/233
f 218/444/218 212/435/212 249/533/249
f 180/432/180 234/534/234 211/433/211
f 212/435/212 201/409/201 250/535/250
f 197/536/197 240/505/240 189/504/189
f 171/537/171 241/521/241 190/520/190
f 251/538/251 252/539/252 253/540/253
f 173/541/173 155/542/155 254/543/254
f 193/392/193 255/544/255 174/345/174
f 223/455/223 256/545/256 214/437/214
f 214/546/214 229/547/229 138/548/138
f 193/392/193 106/200/106 187/372/187
f 117/217/117 231/480/231 187/372/187
f 107/201/107 200/407/200 170/332/170
f 161/549/161 257/550/257 134/427/134
f 124/234/124 258/551/258 259/552/259
f 124/234/124 259/552/259 243/515/243
f 178/485/178 238/502/238 233/483/233
f 260/553/260 196/554/196 228/555/228
f 219/447/219 234/486/234 179/445/179
f 201/409/201 261/556/261 250/535/250
f 202/471/202 261/556/261 201/409/201
f 202/471/202 239/503/239 261/556/261
f 64/110/64 199/403/199 262/557/262
f 64/110/64 263/558/263 183/360/183
f 171/559/171 183/560/183 264/561/264
f 251/538/251 253/540/253 265/562/265
f 175/563/175 174/564/174 255/565/255
f 146/285/146 266/566/266 216/442/216
f 200/407/200 142/277/142 226/567/226
f 260/568/260 219/447/219 196/446/196
f 264/569/264 241/570/241 171/571/171
f 191/386/191 185/472/185 267/572/267
f 158/303/158 257/573/257 161/313/161
f 124/234/124 195/574/195 258/551/258
f 238/575/238 218/444/218 249/533/249
f 212/435/212 250/535/250 249/533/249
f 172/337/172 241/513/241 246/523/246
f 206/420/206 268/576/268 221/453/221
f 269/577/269 192/578/192 191/579/191
f 191/580/191 267/581/267 184/582/184
f 130/339/130 173/341/173 270/583/270
f 267/572/267 185/472/185 184/584/184
f 186/383/186 255/544/255 271/585/271
f 186/586/186 247/587/247 255/588/255
f 175/563/175 255/565/255 247/589/247
f 160/590/160 272/591/272 224/474/224
f 237/500/237 225/461/225 188/373/188
f 134/427/134 257/550/257 273/592/273
f 217/528/217 260/593/260 228/529/228
f 238/502/238 274/594/274 233/483/233
f 167/595/167 275/596/275 235/597/235
f 241/598/241 264/599/264 246/600/246
f 246/601/246 213/436/213 140/338/140
f 191/579/191 184/602/184 269/577/269
f 176/603/176 208/604/208 236/349/236
f 276/605/276 257/573/257 158/303/158
f 194/393/194 277/606/277 210/430/210
f 195/607/195 278/608/278 258/609/258
f 249/533/249 274/610/274 238/575/238
f 245/518/245 279/611/279 239/503/239
f 199/508/199 235/507/235 280/612/280
f 167/492/167 154/491/154 281/613/281
f 264/614/264 183/615/183 282/616/282
f 282/616/282 283/617/283 264/614/264
f 184/602/184 284/618/284 269/577/269
f 186/383/186 284/618/284 184/602/184
f 269/577/269 285/619/285 192/578/192
f 130/251/130 270/620/270 242/514/242
f 286/621/286 272/622/272 160/623/160
f 287/624/287 271/585/271 255/544/255
f 187/625/187 231/626/231 288/627/288
f 56/92/56 118/218/118 231/480/231
f 148/375/148 289/628/289 158/303/158
f 134/629/134 273/630/273 209/631/209
f 239/503/239 279/611/279 261/556/261
f 199/632/199 280/633/280 262/634/262
f 167/492/167 281/613/281 275/635/275
f 154/419/154 290/636/290 281/637/281
f 213/638/213 291/639/291 206/640/206
f 284/618/284 186/383/186 292/641/292
f 271/585/271 293/642/293 186/383/186
f 255/643/255 193/644/193 287/645/287
f 223/455/223 294/646/294 256/545/256
f 256/545/256 229/473/229 214/437/214
f 224/474/224 272/591/272 156/475/156
f 187/372/187 295/647/295 193/392/193
f 156/648/156 272/622/272 230/649/230
f 219/447/219 296/650/296 234/486/234
f 280/612/280 235/507/235 297/651/297
f 283/652/283 246/653/246 264/654/264
f 298/655/298 299/656/299 300/657/300
f 284/658/284 292/659/292 298/660/298
f 186/383/186 293/642/293 292/641/292
f 192/578/192 285/619/285 286/661/286
f 251/662/251 265/663/265 301/664/301
f 286/665/286 160/311/160 192/385/192
f 287/624/287 295/647/295 271/585/271
f 222/454/222 294/646/294 223/455/223
f 146/666/146 229/667/229 302/668/302
f 146/669/146 302/670/302 266/671/266
f 157/672/157 230/673/230 208/674/208
f 244/516/244 278/675/278 195/517/195
f 250/535/250 303/676/303 249/533/249
f 240/677/240 304/678/304 245/679/245
f 263/558/263 64/110/64 262/557/262
f 297/651/297 235/507/235 275/635/275
f 246/601/246 305/680/305 213/436/213
f 284/618/284 298/655/298 300/657/300
f 298/681/298 306/682/306 299/683/299
f 298/684/298 292/685/292 306/686/306
f 270/687/270 173/541/173 254/543/254
f 225/461/225 289/628/289 148/375/148
f 307/688/307 118/218/118 170/332/170
f 244/516/244 233/483/233 308/689/308
f 309/690/309 197/536/197 220/691/220
f 310/692/310 300/693/300 311/694/311
f 251/695/251 312/696/312 252/697/252
f 313/698/313 248/525/248 207/422/207
f 287/645/287 193/644/193 295/699/295
f 216/442/216 314/700/314 237/500/237
f 274/594/274 308/689/308 233/483/233
f 311/701/311 300/657/300 299/656/299
f 300/693/300 310/692/310 284/702/284
f 299/656/299 306/703/306 293/642/293
f 284/704/284 315/705/315 269/706/269
f 292/707/292 293/708/293 316/709/316
f 8/496/8 317/710/317 205/494/205
f 155/299/155 248/525/248 254/711/254
f 252/712/252 318/713/318 253/714/253
f 232/482/232 319/715/319 217/443/217
f 183/360/183 320/716/320 282/717/282
f 263/558/263 320/716/320 183/360/183
f 262/634/262 280/633/280 263/718/263
f 280/612/280 297/651/297 263/719/263
f 283/652/283 321/720/321 246/653/246
f 322/721/322 323/722/323 324/723/324
f 284/702/284 310/692/310 315/724/315
f 269/725/269 325/726/325 285/727/285
f 293/642/293 306/703/306 316/728/316
f 268/576/268 222/454/222 221/453/221
f 215/497/215 313/729/313 207/730/207
f 277/606/277 194/393/194 243/515/243
f 260/731/260 296/732/296 219/733/219
f 305/734/305 326/735/326 213/736/213
f 326/735/326 291/737/291 213/736/213
f 323/722/323 325/738/325 324/723/324
f 306/739/306 292/740/292 327/741/327
f 292/707/292 316/709/316 327/742/327
f 323/722/323 286/661/286 285/619/285
f 271/585/271 328/743/328 293/642/293
f 256/545/256 329/744/329 229/473/229
f 289/628/289 330/745/330 158/303/158
f 273/592/273 331/746/331 209/428/209
f 331/746/331 232/481/232 209/428/209
f 261/556/261 332/747/332 250/535/250
f 197/536/197 309/690/309 240/505/240
f 282/717/282 320/716/320 283/748/283
f 311/701/311 299/656/299 333/749/333
f 299/750/299 334/751/334 333/752/333
f 154/419/154 205/418/205 290/636/290
f 324/723/324 315/753/315 310/754/310
f 323/755/323 285/727/285 325/726/325
f 325/738/325 315/753/315 324/723/324
f 325/726/325 269/725/269 315/756/315
f 293/642/293 334/757/334 299/656/299
f 306/703/306 327/758/327 316/728/316
f 293/642/293 335/759/335 334/757/334
f 268/760/268 336/761/336 222/762/222
f 271/585/271 295/647/295 328/743/328
f 236/763/236 208/764/208 230/765/230
f 158/303/158 330/745/330 276/605/276
f 278/675/278 337/766/337 258/767/258
f 234/534/234 338/768/338 211/433/211
f 211/433/211 338/768/338 220/448/220
f 320/716/320 321/769/321 283/748/283
f 263/770/263 297/771/297 339/772/339
f 291/639/291 340/773/340 206/640/206
f 205/418/205 317/774/317 290/636/290
f 8/496/8 341/775/341 317/710/317
f 251/662/251 301/664/301 312/776/312
f 252/697/252 312/696/312 318/777/318
f 229/473/229 329/744/329 302/778/302
f 216/442/216 266/566/266 314/700/314
f 231/480/231 118/218/118 342/779/342
f 200/407/200 343/780/343 170/332/170
f 331/746/331 344/781/344 232/481/232
f 232/482/232 344/782/344 319/715/319
f 259/552/259 345/783/345 243/515/243
f 258/551/258 345/783/345 259/552/259
f 275/635/275 281/613/281 297/651/297
f 246/653/246 321/720/321 339/784/339
f 339/785/339 346/786/346 246/787/246
f 246/787/246 346/786/346 305/788/305
f 333/749/333 347/789/347 311/701/311
f 293/642/293 328/743/328 335/759/335
f 253/790/253 318/791/318 265/792/265
f 200/793/200 348/794/348 343/795/343
f 243/515/243 345/783/345 277/606/277
f 278/675/278 349/796/349 337/766/337
f 278/675/278 244/516/244 308/689/308
f 274/610/274 249/533/249 350/797/350
f 279/798/279 245/799/245 351/800/351
f 320/801/320 263/770/263 321/802/321
f 263/770/263 339/772/339 321/802/321
f 352/803/352 310/754/310 311/701/311
f 340/773/340 268/760/268 206/640/206
f 335/759/335 333/749/333 334/757/334
f 312/696/312 254/804/254 318/777/318
f 313/729/313 215/497/215 317/774/317
f 222/762/222 353/805/353 294/806/294
f 215/497/215 236/499/236 317/774/317
f 226/807/226 210/808/210 354/809/354
f 260/731/260 355/810/355 296/732/296
f 296/650/296 356/811/356 234/486/234
f 249/812/249 303/813/303 350/814/350
f 250/535/250 332/747/332 303/676/303
f 245/679/245 304/678/304 351/815/351
f 220/691/220 357/816/357 309/690/309
f 297/651/297 358/817/358 339/818/339
f 281/613/281 358/817/358 297/651/297
f 359/819/359 352/803/352 311/701/311
f 324/723/324 310/754/310 352/803/352
f 311/701/311 347/789/347 359/819/359
f 322/721/322 324/723/324 360/820/360
f 361/821/361 323/822/323 322/823/322
f 268/760/268 340/773/340 362/824/362
f 268/760/268 362/824/362 336/761/336
f 242/825/242 270/826/270 363/827/363
f 312/828/312 364/829/364 254/830/254
f 313/698/313 365/831/365 248/525/248
f 336/761/336 353/805/353 222/762/222
f 288/832/288 366/833/366 187/372/187
f 200/793/200 367/834/367 348/794/348
f 200/793/200 226/807/226 367/834/367
f 277/606/277 368/835/368 210/430/210
f 369/836/369 217/528/217 319/837/319
f 260/593/260 217/528/217 369/836/369
f 370/838/370 274/610/274 350/797/350
f 332/747/332 261/556/261 279/611/279
f 371/839/371 240/505/240 309/690/309
f 304/840/304 240/505/240 371/839/371
f 346/786/346 339/785/339 358/841/358
f 372/842/372 363/843/363 270/844/270
f 364/845/364 270/844/270 254/846/254
f 301/847/301 265/848/265 318/849/318
f 313/850/313 317/851/317 341/852/341
f 314/700/314 266/566/266 302/778/302
f 225/461/225 373/853/373 289/628/289
f 307/688/307 170/332/170 343/780/343
f 374/854/374 257/573/257 276/605/276
f 257/550/257 375/855/375 273/592/273
f 360/820/360 324/723/324 352/803/352
f 256/545/256 294/646/294 329/744/329
f 376/856/376 302/857/302 329/858/329
f 236/763/236 230/765/230 377/859/377
f 289/860/289 373/861/373 330/862/330
f 367/834/367 226/807/226 354/809/354
f 281/637/281 378/863/378 358/864/358
f 281/637/281 290/636/290 378/863/378
f 290/636/290 340/865/340 379/866/379
f 317/774/317 380/867/380 290/636/290
f 323/822/323 381/868/381 286/621/286
f 286/621/286 381/868/381 382/869/382
f 295/647/295 383/870/383 328/743/328
f 317/774/317 236/499/236 384/871/384
f 231/872/231 342/873/342 288/874/288
f 210/430/210 368/835/368 354/875/354
f 260/731/260 369/876/369 355/810/355
f 274/594/274 370/877/370 308/689/308
f 369/878/369 385/879/385 355/880/355
f 346/786/346 326/881/326 305/788/305
f 386/882/386 361/821/361 322/823/322
f 291/737/291 326/735/326 379/883/379
f 323/822/323 361/821/361 381/868/381
f 363/884/363 372/885/372 242/514/242
f 270/844/270 364/845/364 372/842/372
f 328/886/328 387/887/387 335/888/335
f 295/647/295 187/372/187 388/889/388
f 118/218/118 307/688/307 342/779/342
f 220/448/220 338/768/338 357/890/357
f 304/678/304 389/891/389 351/815/351
f 371/839/371 309/690/309 390/892/390
f 359/893/359 391/894/391 352/895/352
f 379/896/379 340/773/340 291/639/291
f 392/897/392 318/849/318 254/711/254
f 387/887/387 328/886/328 383/898/383
f 382/869/382 272/622/272 286/621/286
f 393/899/393 348/794/348 367/834/367
f 369/900/369 394/901/394 385/902/385
f 370/877/370 349/796/349 308/689/308
f 357/816/357 395/903/395 309/690/309
f 358/841/358 378/904/378 346/786/346
f 326/905/326 290/906/290 379/907/379
f 290/636/290 380/867/380 340/865/340
f 248/908/248 392/909/392 254/910/254
f 272/622/272 396/911/396 230/649/230
f 187/372/187 366/833/366 397/912/397
f 314/700/314 225/461/225 237/500/237
f 225/461/225 314/700/314 373/853/373
f 342/873/342 398/913/398 288/874/288
f 319/837/319 399/914/399 369/836/369
f 278/675/278 308/689/308 349/796/349
f 355/880/355 385/879/385 296/915/296
f 359/893/359 400/916/400 391/894/391
f 401/917/401 400/916/400 359/893/359
f 360/820/360 402/918/402 322/721/322
f 359/819/359 347/789/347 401/919/401
f 402/920/402 386/882/386 322/823/322
f 378/904/378 326/881/326 346/786/346
f 378/863/378 290/636/290 326/921/326
f 362/824/362 353/805/353 336/761/336
f 248/908/248 403/922/403 392/909/392
f 383/870/383 295/647/295 388/889/388
f 317/774/317 384/871/384 380/867/380
f 366/923/366 288/874/288 398/913/398
f 404/924/404 331/746/331 273/592/273
f 258/551/258 405/925/405 345/783/345
f 406/926/406 385/902/385 394/901/394
f 371/839/371 389/927/389 304/840/304
f 391/894/391 407/928/407 352/895/352
f 408/929/408 407/930/407 391/931/391
f 387/932/387 333/749/333 335/759/335
f 409/933/409 294/806/294 353/805/353
f 410/934/410 230/649/230 396/911/396
f 410/935/410 377/936/377 230/937/230
f 398/938/398 342/779/342 307/688/307
f 374/854/374 411/939/411 257/573/257
f 411/940/411 375/855/375 257/550/257
f 412/941/412 344/781/344 331/746/331
f 413/942/413 354/875/354 368/835/368
f 394/943/394 369/170/369 399/944/399
f 234/534/234 414/945/414 338/768/338
f 407/928/407 408/946/408 415/947/415
f 361/821/361 416/948/416 417/949/417
f 340/865/340 380/867/380 362/950/362
f 383/870/383 388/889/388 418/951/418
f 380/867/380 384/871/384 419/952/419
f 294/806/294 420/953/420 329/954/329
f 329/858/329 421/955/421 376/856/376
f 388/889/388 187/372/187 397/912/397
f 276/605/276 330/745/330 374/854/374
f 375/855/375 404/924/404 273/592/273
f 404/924/404 412/941/412 331/746/331
f 319/837/319 422/956/422 399/914/399
f 234/534/234 356/957/356 414/945/414
f 350/814/350 303/813/303 332/958/332
f 395/903/395 390/892/390 309/690/309
f 352/895/352 423/959/423 360/960/360
f 407/961/407 415/962/415 352/963/352
f 408/929/408 391/931/391 424/964/424
f 347/789/347 333/749/333 401/919/401
f 386/882/386 416/948/416 361/821/361
f 8/496/8 425/965/425 341/775/341
f 312/966/312 426/967/426 364/968/364
f 362/824/362 380/969/380 353/805/353
f 353/805/353 380/969/380 409/933/409
f 294/806/294 409/933/409 420/953/420
f 236/763/236 377/859/377 427/970/427
f 368/835/368 277/606/277 345/783/345
f 258/971/258 337/972/337 405/973/405
f 428/974/428 429/975/429 406/976/406
f 296/977/296 385/978/385 430/979/430
f 356/811/356 296/650/296 431/980/431
f 352/981/352 415/982/415 423/983/423
f 361/821/361 432/984/432 381/868/381
f 387/887/387 383/898/383 433/985/433
f 248/525/248 434/986/434 403/987/403
f 272/622/272 382/869/382 396/911/396
f 419/952/419 384/871/384 435/988/435
f 329/989/329 420/990/420 421/991/421
f 421/955/421 436/992/436 376/856/376
f 376/856/376 437/993/437 302/857/302
f 302/857/302 437/993/437 314/994/314
f 437/993/437 438/995/438 314/994/314
f 366/923/366 398/913/398 439/996/439
f 367/834/367 354/809/354 413/997/413
f 370/998/370 350/814/350 440/999/440
f 440/999/440 350/814/350 441/1000/441
f 442/1001/442 350/814/350 332/958/332
f 443/1002/443 402/1003/402 360/960/360
f 415/947/415 408/946/408 444/1004/444
f 424/1005/424 444/1004/444 408/946/408
f 391/931/391 400/1006/400 424/964/424
f 426/967/426 445/1007/445 364/968/364
f 446/1008/446 318/849/318 392/897/392
f 421/1009/421 409/933/409 380/969/380
f 419/952/419 421/1010/421 380/867/380
f 419/1011/419 436/992/436 421/955/421
f 436/992/436 437/993/437 376/856/376
f 236/1012/236 436/1013/436 384/1014/384
f 436/1015/436 236/763/236 427/970/427
f 447/1016/447 377/859/377 448/1017/448
f 343/1018/343 348/1019/348 449/1020/449
f 319/715/319 344/782/344 412/1021/412
f 394/1022/394 428/974/428 406/976/406
f 440/1023/440 349/796/349 370/877/370
f 406/976/406 429/975/429 385/1024/385
f 279/1025/279 351/1026/351 450/1027/450
f 360/960/360 423/959/423 443/1002/443
f 451/1028/451 400/916/400 401/917/401
f 402/920/402 416/948/416 386/882/386
f 242/514/242 372/885/372 452/1029/452
f 426/1030/426 312/776/312 301/664/301
f 365/831/365 453/1031/453 248/525/248
f 392/1032/392 403/1033/403 446/1034/446
f 409/1035/409 421/1036/421 420/1037/420
f 419/1011/419 435/1038/435 436/992/436
f 435/988/435 384/871/384 436/1039/436
f 427/970/427 377/859/377 447/1016/447
f 454/1040/454 314/994/314 438/995/438
f 377/1041/377 410/1042/410 448/1043/448
f 314/994/314 454/1040/454 373/861/373
f 422/956/422 455/1044/455 399/914/399
f 279/1045/279 450/1046/450 332/1047/332
f 400/916/400 444/1004/444 424/1005/424
f 333/749/333 456/1048/456 401/919/401
f 372/842/372 364/845/364 457/1049/457
f 318/849/318 458/1050/458 301/847/301
f 383/898/383 418/1051/418 433/985/433
f 366/1052/366 439/1053/439 459/1054/459
f 394/1055/394 429/1056/429 428/1057/428
f 385/1024/385 429/975/429 430/1058/430
f 296/650/296 430/1059/430 431/980/431
f 361/1060/361 417/1061/417 432/1062/432
f 381/868/381 301/1063/460 382/869/382
f 313/698/313 453/1031/453 365/831/365
f 447/1064/447 438/995/438 437/993/437
f 460/1065/461 398/391/398 307/1066/307
f 461/1067/462 374/1068/374 330/862/330
f 462/1069/463 449/1070/449 348/1071/348
f 461/1072/462 411/940/411 374/1073/374
f 463/1074/464 337/972/337 349/1075/349
f 464/1076/465 414/1077/414 356/1025/356
f 350/1078/350 442/1079/442 465/1080/466
f 387/932/387 466/1081/467 333/749/333
f 453/1031/453 434/986/434 248/525/248
f 418/951/418 388/889/388 397/912/397
f 436/1015/436 427/970/427 437/1082/437
f 427/1083/427 447/1064/447 437/993/437
f 447/1016/447 448/1017/448 438/1084/438
f 454/1040/454 438/995/438 467/1085/468
f 448/1086/448 467/1087/468 438/1088/438
f 439/1053/439 398/1089/398 460/1090/461
f 468/1091/469 367/834/367 413/997/413
f 412/1021/412 422/1092/422 319/715/319
f 452/1029/452 372/885/372 457/1093/457
f 364/1094/364 445/1095/445 457/1096/457
f 313/698/313 469/1097/470 453/1031/453
f 446/1008/446 458/1050/458 318/849/318
f 446/1034/446 403/1033/403 434/1098/434
f 470/1099/471 396/911/396 382/869/382
f 397/912/397 366/833/366 471/1100/472
f 448/1101/448 472/1102/473 467/1103/468
f 454/1040/454 473/1104/474 373/861/373
f 473/1104/474 474/1105/475 330/862/330
f 465/1080/466 442/1079/442 475/1106/476
f 423/959/423 415/947/415 476/1107/477
f 400/916/400 451/1028/451 477/1108/478
f 448/1109/448 478/1110/479 472/1111/473
f 405/925/405 479/1112/480 345/783/345
f 394/1113/394 399/1114/399 429/1115/429
f 440/999/440 441/1000/441 480/1116/481
f 429/1117/429 431/1118/431 430/1119/430
f 441/1120/441 350/1078/350 465/1080/466
f 351/1121/351 389/1122/389 481/1123/482
f 415/947/415 444/1004/444 476/1107/477
f 387/932/387 482/1124/483 466/1081/467
f 382/869/382 301/1063/460 470/1099/471
f 397/912/397 471/1100/472 483/1125/484
f 366/316/366 484/1126/485 471/1127/472
f 373/861/373 473/1104/474 330/862/330
f 348/794/348 393/899/393 485/1128/486
f 486/1129/487 375/855/375 411/940/411
f 393/899/393 367/834/367 487/1130/488
f 405/973/405 337/972/337 479/1131/480
f 429/1132/429 488/1133/489 431/1134/431
f 465/1080/466 475/1106/476 489/1135/490
f 338/768/338 490/1136/491 357/890/357
f 390/892/390 491/1137/492 371/839/371
f 444/1004/444 400/916/400 477/1108/478
f 401/917/401 456/1138/456 451/1028/451
f 452/1139/452 457/1140/457 492/1141/493
f 307/688/307 343/780/343 460/1142/461
f 343/1143/343 493/1144/494 460/1145/461
f 330/862/330 474/1105/475 461/1067/462
f 348/1146/348 485/1147/486 462/1148/463
f 411/940/411 461/1072/462 486/1129/487
f 494/1149/495 413/997/413 368/1150/368
f 479/1131/480 495/1151/496 345/1152/345
f 356/811/356 431/980/431 496/1153/497
f 465/1154/466 489/1155/490 497/1156/498
f 443/1002/443 423/959/423 476/1107/477
f 451/1157/451 498/1158/499 477/1159/478
f 242/514/242 499/1160/500 8/10/8
f 457/1140/457 500/1161/501 492/1141/493
f 500/1161/501 457/1140/457 426/1162/426
f 445/1163/445 426/1162/426 457/1140/457
f 412/1164/412 404/1165/404 501/1166/502
f 367/1167/367 468/1168/469 487/1169/488
f 413/997/413 494/1149/495 468/1091/469
f 502/1170/503 494/1149/495 368/1150/368
f 345/783/345 502/1171/503 368/835/368
f 345/783/345 495/1172/496 502/1171/503
f 337/972/337 463/1074/464 503/1173/504
f 463/1074/464 349/1075/349 440/1174/440
f 441/1120/441 465/1080/466 497/1175/498
f 497/1176/498 489/629/490 504/1177/505
f 351/1026/351 481/1178/482 450/1027/450
f 390/892/390 395/903/395 491/1137/492
f 477/1108/478 505/1179/506 444/1004/444
f 466/1081/467 456/1048/456 333/749/333
f 432/984/432 301/1063/460 381/868/381
f 387/932/387 433/1180/433 506/1181/507
f 387/932/387 506/1181/507 482/1124/483
f 459/1182/459 484/1183/485 366/1184/366
f 467/1085/468 507/1185/508 454/1040/454
f 472/1102/473 507/1186/508 467/1103/468
f 439/1053/439 460/1090/461 508/1187/509
f 393/899/393 487/1130/488 509/1188/510
f 422/1189/422 412/1190/412 510/1191/511
f 479/1131/480 337/972/337 503/1173/504
f 422/956/422 510/1192/511 455/1044/455
f 511/1193/512 463/1074/464 440/1174/440
f 399/1194/399 455/1195/455 429/1196/429
f 480/1116/481 512/1197/513 440/999/440
f 442/1198/442 513/1199/514 475/1200/476
f 442/1001/442 332/958/332 513/1201/514
f 514/1202/515 452/1029/452 492/1203/493
f 466/1081/467 482/1124/483 515/1204/516
f 433/985/433 418/1051/418 516/1205/517
f 483/1206/484 517/1207/518 397/1208/397
f 507/1209/508 518/1210/519 454/1211/454
f 519/1212/520 412/1213/412 501/1214/502
f 520/1215/521 464/1216/465 356/1217/356
f 504/1218/505 489/1219/490 475/1220/476
f 521/1221/522 313/1222/313 341/1223/341
f 516/1224/517 506/1181/507 433/1180/433
f 522/1225/523 507/1185/508 472/1226/473
f 473/1104/474 454/1040/454 518/1227/519
f 493/1228/494 343/1229/343 462/1230/463
f 461/1067/462 523/1231/524 486/1232/487
f 485/1233/486 393/1234/393 509/1235/510
f 468/1168/469 494/1236/495 487/1169/488
f 497/1237/498 504/1218/505 524/1238/525
f 458/1050/458 446/1008/446 434/986/434
f 396/1239/396 525/1240/526 410/1241/410
f 343/1242/343 449/1070/449 462/1069/463
f 526/1243/527 487/1244/488 494/1245/495
f 527/1246/528 485/1233/486 509/1235/510
f 527/1247/528 509/1188/510 487/1130/488
f 412/1190/412 528/1248/529 510/1191/511
f 463/1074/464 511/1193/512 503/1173/504
f 441/1000/441 524/1238/525 529/1249/530
f 356/1217/356 530/1250/531 520/1215/521
f 441/1251/441 497/1252/498 524/1253/525
f 464/1254/465 490/1136/491 414/945/414
f 414/945/414 490/1136/491 338/768/338
f 402/920/402 443/1255/443 416/948/416
f 426/1030/426 301/664/301 531/1256/532
f 521/1257/522 469/1097/470 313/698/313
f 517/1258/518 516/1224/517 418/951/418
f 418/951/418 397/912/397 517/1258/518
f 507/1185/508 522/1225/523 518/1227/519
f 479/1131/480 503/1173/504 495/1151/496
f 532/1259/533 440/1260/440 512/1261/513
f 441/1262/441 529/1263/530 480/1264/481
f 496/1153/497 431/980/431 488/1265/489
f 496/1266/497 530/1250/531 356/1217/356
f 475/1220/476 513/1201/514 504/1218/505
f 332/958/332 533/1267/534 513/1201/514
f 301/1268/301 534/1269/535 531/1270/532
f 535/1271/536 458/1050/458 434/986/434
f 482/1124/483 536/1272/537 515/1204/516
f 471/1100/472 537/1273/538 483/1125/484
f 522/1225/523 473/1104/474 518/1227/519
f 511/1193/512 440/1174/440 532/1274/533
f 513/1201/514 524/1238/525 504/1218/505
f 481/1123/482 389/1122/389 538/1275/539
f 443/1002/443 476/1107/477 539/1276/540
f 451/1028/451 456/1138/456 540/1277/541
f 534/1278/535 301/847/301 458/1050/458
f 541/1279/542 542/1280/543 301/1063/460
f 535/1271/536 434/986/434 453/1031/453
f 542/1280/543 470/1099/471 301/1063/460
f 506/1181/507 536/1272/537 482/1124/483
f 537/1281/538 471/1282/472 543/1283/544
f 484/1284/485 544/1285/545 545/1286/546
f 484/1183/485 459/1182/459 544/1287/545
f 523/1231/524 474/1105/475 473/1104/474
f 523/1231/524 461/1067/462 474/1105/475
f 546/1288/547 494/1149/495 502/1170/503
f 547/1289/548 511/1290/512 532/1291/533
f 464/1292/465 548/1293/549 490/1294/491
f 332/958/332 450/1295/450 533/1267/534
f 490/1136/491 549/1296/550 357/890/357
f 357/816/357 550/1297/551 395/903/395
f 389/927/389 371/839/371 538/1298/539
f 451/1157/451 540/826/541 498/1158/499
f 242/514/242 452/1029/452 499/1160/500
f 499/1299/500 425/965/425 8/496/8
f 492/1300/493 500/1301/501 531/1302/532
f 470/1099/471 542/1280/543 396/911/396
f 483/1206/484 537/1303/538 517/1207/518
f 522/1225/523 551/1304/552 473/1104/474
f 552/1305/553 527/1247/528 526/1306/527
f 526/1243/527 527/1307/528 487/1244/488
f 486/1129/487 553/1308/554 375/855/375
f 546/1288/547 526/1306/527 494/1149/495
f 510/1191/511 528/1248/529 554/1309/555
f 555/1310/556 547/1311/548 532/1312/533
f 455/1195/455 556/1313/557 429/1196/429
f 498/1314/499 540/1315/541 557/1316/558
f 500/1161/501 426/1162/426 531/1317/532
f 542/1280/543 525/1318/526 396/911/396
f 471/1319/472 484/1320/485 543/1321/544
f 478/1110/479 558/1322/559 472/1111/473
f 522/1323/523 472/1324/473 558/1325/559
f 551/1304/552 523/1231/524 473/1104/474
f 559/1326/560 560/1327/561 555/1328/556
f 524/1238/525 513/1201/514 529/1249/530
f 539/1276/540 561/1329/562 443/1002/443
f 498/1330/499 557/1331/558 477/1108/478
f 410/1241/410 562/1332/563 448/1109/448
f 545/1333/546 543/1334/544 484/1335/485
f 523/1231/524 563/1336/564 486/1232/487
f 528/1337/529 412/1213/412 519/1212/520
f 547/1338/548 555/1339/556 560/1340/561
f 554/1341/555 555/1342/556 532/1343/533
f 503/1344/504 511/1290/512 547/1289/548
f 564/1345/565 532/1346/533 512/1197/513
f 512/1197/513 480/1116/481 565/1347/566
f 540/1277/541 456/1138/456 566/1348/567
f 567/1349/568 417/949/417 416/948/416
f 456/1048/456 466/1081/467 566/1350/567
f 425/1351/425 521/1352/522 341/1353/341
f 568/1354/569 515/1204/516 569/1355/570
f 570/1356/571 536/1357/537 506/1358/507
f 570/1359/571 506/1181/507 516/1224/517
f 571/1360/572 525/1361/526 572/1362/573
f 525/1240/526 562/1332/563 410/1241/410
f 543/1363/544 517/1364/518 537/1365/538
f 459/1054/459 439/1053/439 544/1366/545
f 573/1367/574 508/1368/509 460/1145/461
f 375/855/375 553/1308/554 404/924/404
f 501/1214/502 574/1369/575 519/1212/520
f 546/1370/547 502/1371/503 575/1372/576
f 576/1373/577 554/1374/555 528/1375/529
f 510/1192/511 577/1376/578 455/1044/455
f 577/1377/578 556/1378/557 455/1379/455
f 531/1380/532 534/290/535 432/1381/432
f 432/984/432 541/1279/542 301/1063/460
f 534/1278/535 458/1050/458 578/1382/579
f 458/1050/458 535/1271/536 578/1382/579
f 579/1383/580 580/1384/581 572/1385/573
f 572/29/573 525/1386/526 542/1387/543
f 581/1388/582 582/1389/583 495/1390/584
f 510/1192/511 554/1391/555 577/1376/578
f 429/1196/429 556/1313/557 488/1392/489
f 565/1347/566 480/1116/481 529/1249/530
f 499/1160/500 452/1029/452 583/1393/585
f 515/1204/516 568/1354/569 466/1081/467
f 534/290/535 541/1394/542 432/1381/432
f 515/1395/516 584/1396/586 569/1397/570
f 585/1398/587 572/1399/573 542/1400/543
f 543/1363/544 586/1401/588 517/1364/518
f 522/1323/523 558/1325/559 551/1402/552
f 462/1403/463 587/1404/589 493/1144/494
f 563/1405/564 553/1406/554 486/1407/487
f 502/1408/503 588/1409/590 575/1410/576
f 528/1337/529 519/1212/520 589/1411/591
f 590/1412/592 559/1413/560 591/1414/593
f 559/1413/560 555/1415/556 591/1414/593
f 547/1289/548 592/1416/594 503/1344/504
f 554/1341/555 532/1343/533 593/1417/595
f 532/70/533 564/1418/565 593/1419/595
f 512/1197/513 565/1347/566 564/1345/565
f 513/1201/514 594/1420/596 529/1249/530
f 357/816/357 549/1421/550 550/1297/551
f 443/1255/443 561/1422/562 416/948/416
f 536/1423/537 584/1424/586 515/1425/516
f 517/1364/518 595/1426/597 516/1245/517
f 493/1144/494 587/1404/589 460/1145/461
f 563/1336/564 523/1231/524 551/1304/552
f 485/1427/486 596/1428/598 462/1403/463
f 495/1429/496 588/1409/590 502/1408/503
f 528/1337/529 589/1411/591 597/1430/599
f 598/1431/600 528/1337/529 597/1430/599
f 555/1342/556 554/1341/555 576/1432/577
f 513/1201/514 533/1267/534 599/1433/601
f 481/1123/482 538/1275/539 600/1434/602
f 601/1435/603 602/1436/604 603/1437/605
f 417/949/417 604/1438/606 432/984/432
f 605/1439/607 578/1440/579 535/1441/536
f 579/1383/580 572/1385/573 585/1442/587
f 543/1443/544 606/452/608 586/1444/588
f 606/1445/608 607/1446/609 586/1401/588
f 439/1053/439 608/1447/610 544/1366/545
f 460/1145/461 587/1404/589 573/1367/574
f 552/1305/553 526/1306/527 609/1448/611
f 485/1233/486 527/1246/528 596/1449/598
f 575/1372/576 609/1450/611 546/1370/547
f 553/1308/554 610/1451/612 404/924/404
f 495/1429/496 611/1452/613 588/1409/590
f 591/1453/593 612/1454/614 590/1455/592
f 612/1456/614 559/1457/560 590/1458/592
f 581/1459/615 613/1460/616 560/1340/561
f 495/1461/496 613/1462/616 581/996/615
f 591/1463/593 555/1342/556 576/1432/577
f 464/1464/465 614/132/617 548/1465/549
f 481/1123/482 600/1434/602 450/1295/450
f 491/1137/492 538/1298/539 371/839/371
f 477/1108/478 557/1331/558 505/1179/506
f 615/1466/618 452/1029/452 514/1202/515
f 531/1467/532 616/1468/619 492/1469/493
f 531/1467/532 604/1470/606 616/1468/619
f 432/1471/432 604/1472/606 531/1473/532
f 453/1474/453 605/1439/607 535/1441/536
f 605/1439/607 617/1475/620 578/1440/579
f 578/1382/579 618/1476/621 534/1278/535
f 570/1356/571 619/1477/622 536/1357/537
f 620/1478/623 545/1333/546 544/1479/545
f 558/1480/559 563/1336/564 551/1304/552
f 552/1481/553 596/1449/598 527/1246/528
f 526/1306/527 546/1288/547 609/1448/611
f 588/1482/590 621/1483/624 575/1484/576
f 560/1340/561 592/1485/594 547/1338/548
f 540/1315/541 622/1486/625 557/1316/558
f 566/1487/567 622/1488/625 540/1489/541
f 602/1490/604 499/1160/500 623/1491/626
f 567/1349/568 604/1438/606 417/949/417
f 615/1466/618 583/1393/585 452/1029/452
f 534/1278/535 624/1492/627 541/1493/542
f 541/1494/542 625/1495/628 542/1496/543
f 579/1497/580 626/1498/629 580/1499/581
f 606/1445/608 627/1500/630 607/1446/609
f 552/1305/553 628/1501/631 629/1502/632
f 629/1503/632 596/1504/598 552/1505/553
f 552/1305/553 609/1448/611 628/1501/631
f 575/1506/576 630/1507/633 609/1508/611
f 591/1509/593 576/1510/577 598/1511/600
f 495/1512/496 581/1513/615 631/1514/634
f 495/1461/496 503/1515/504 613/1462/616
f 554/1391/555 632/1516/635 577/1376/578
f 529/1249/530 633/1517/636 565/1347/566
f 556/1378/557 634/1518/637 488/1519/489
f 520/1520/521 635/1521/638 464/1522/465
f 594/1420/596 513/1201/514 599/1433/601
f 636/1523/639 533/1267/534 450/1295/450
f 602/1490/604 601/1524/603 499/1160/500
f 499/1525/500 601/1435/603 425/1526/425
f 603/1437/605 425/1526/425 601/1435/603
f 618/1476/621 624/1492/627 534/1278/535
f 541/1527/542 624/1528/627 637/1529/640
f 584/1424/586 536/1423/537 619/1530/622
f 638/1531/641 478/1110/479 448/1109/448
f 628/1532/631 609/1533/611 639/1534/642
f 640/1535/643 575/1484/576 621/1483/624
f 611/1452/613 495/1429/496 631/1536/634
f 592/1485/594 560/1340/561 613/1460/616
f 632/1516/635 554/1391/555 593/1537/595
f 641/1538/644 488/1539/489 634/1540/637
f 530/1250/531 635/1541/638 520/1215/521
f 490/1136/491 642/1542/645 549/1296/550
f 636/1523/639 450/1295/450 600/1434/602
f 643/1543/646 539/1276/540 476/1107/477
f 561/1329/562 539/1276/540 644/1544/647
f 602/1545/604 645/1546/648 603/1547/605
f 624/1548/649 585/1549/587 542/1550/543
f 646/1551/650 647/1552/651 585/1553/587
f 525/1361/526 571/1360/572 562/1554/563
f 586/1401/588 607/1446/609 517/1364/518
f 545/1333/546 620/1478/623 543/1334/544
f 562/1332/563 638/1531/641 448/1109/448
f 543/1334/544 627/1555/630 606/1556/608
f 648/1557/652 649/1558/653 558/1322/559
f 609/1559/611 630/1560/633 639/1561/642
f 630/1507/633 575/1506/576 640/1562/643
f 597/1430/599 591/1563/593 598/1431/600
f 598/1564/600 576/1565/577 528/582/529
f 559/1566/560 631/1567/634 560/1568/561
f 577/1377/578 650/1569/654 556/1378/557
f 614/1570/617 642/1542/645 490/1136/491
f 541/1571/542 637/1572/640 625/1573/628
f 568/1354/569 569/1355/570 651/1574/655
f 618/1476/621 578/1382/579 652/1575/656
f 624/1576/649 646/1551/650 585/1553/587
f 508/1187/509 608/1447/610 439/1053/439
f 587/1404/589 653/1577/657 573/1367/574
f 654/1578/658 553/1406/554 563/1405/564
f 639/1561/642 630/1560/633 655/1579/659
f 581/1580/615 560/1581/561 631/1582/634
f 613/1583/616 503/1584/504 592/1585/594
f 496/1153/497 656/1586/660 530/1587/531
f 496/1153/497 488/1265/489 656/1586/660
f 641/1588/644 657/1589/661 488/1590/489
f 548/1591/549 614/1592/617 490/1593/491
f 539/1276/540 643/1543/646 644/1544/647
f 603/1594/605 645/1595/648 425/1596/425
f 466/1081/467 568/1354/569 566/1350/567
f 585/1597/587 647/1598/651 579/1599/580
f 647/1598/651 626/1600/629 579/1599/580
f 654/1578/658 563/1405/564 558/1601/559
f 596/1428/598 587/1404/589 462/1403/463
f 611/1602/613 621/1483/624 588/1482/590
f 574/1369/575 589/1411/591 519/1212/520
f 658/1603/662 559/1457/560 612/1456/614
f 632/1604/635 650/1569/654 577/1377/578
f 614/1605/617 464/1522/465 635/1521/638
f 642/1542/645 659/1606/663 549/1296/550
f 550/1297/551 491/1137/492 395/903/395
f 660/1607/664 645/1546/648 602/1545/604
f 624/1608/649 625/1609/628 637/1610/640
f 661/1611/665 619/1612/622 570/1613/571
f 662/1614/666 516/1245/517 595/1426/597
f 607/1615/609 627/1555/630 543/1334/544
f 654/1616/658 558/1322/559 649/1558/653
f 612/1454/614 591/1453/593 597/1617/599
f 631/1567/634 559/1566/560 658/1618/662
f 663/1619/667 600/1620/602 538/1621/539
f 624/1608/649 542/1622/543 625/1609/628
f 652/1575/656 578/1382/579 617/1623/620
f 584/1624/586 619/1612/622 569/1625/570
f 543/1334/544 620/1478/623 664/1626/668
f 573/1367/574 665/1627/669 508/1368/509
f 666/1628/670 653/1629/657 587/1630/589
f 629/1631/632 667/1632/671 596/1633/598
f 404/1165/404 610/1634/612 501/1166/502
f 529/1249/530 594/1420/596 633/1517/636
f 533/1267/534 636/1523/639 668/1635/672
f 549/1296/550 659/1606/663 550/1636/551
f 538/1637/539 491/1638/492 663/1639/667
f 645/1595/648 669/1640/673 425/1596/425
f 453/1031/453 670/1641/674 605/1642/607
f 637/1529/675 624/1528/676 646/1643/677
f 618/1644/621 646/1551/677 624/1576/627
f 605/1439/607 671/1645/678 617/1475/620
f 569/1646/570 672/1647/679 651/1648/655
f 516/1649/517 662/1650/666 570/1651/571
f 572/1652/573 580/1499/581 571/1653/572
f 607/1446/609 595/1426/597 517/1364/518
f 543/1334/544 664/1626/668 607/1615/609
f 620/1478/623 544/1479/545 673/1654/680
f 544/1479/545 608/1655/610 673/1654/680
f 478/1110/479 648/1557/652 558/1322/559
f 674/1656/681 629/1502/632 628/1501/631
f 674/1657/681 667/1658/671 629/1659/632
f 639/1660/642 655/1661/659 628/1662/631
f 650/1569/654 632/1604/635 675/1663/682
f 663/1639/667 491/1638/492 676/1664/683
f 602/1545/604 623/1665/626 660/1607/664
f 617/1666/620 677/1667/684 652/1668/656
f 671/1669/678 677/1667/684 617/1666/620
f 596/1633/598 667/1632/671 678/1670/685
f 611/1452/613 631/1536/634 679/1671/686
f 589/1672/591 574/1673/575 680/1674/687
f 612/1454/614 597/1617/599 681/1675/688
f 682/1676/689 564/1345/565 565/1347/566
f 565/1347/566 633/1517/636 682/1676/689
f 683/1677/690 599/1433/601 533/1267/534
f 684/1678/691 600/1620/602 663/1619/667
f 499/1160/500 685/1679/692 623/1491/626
f 514/1202/515 492/1203/493 615/1466/618
f 469/1097/470 670/1641/674 453/1031/453
f 605/1439/607 686/1680/693 671/1645/678
f 661/1611/665 687/1681/694 619/1612/622
f 638/1531/641 688/1682/695 478/1110/479
f 608/1447/610 508/1187/509 689/1683/696
f 655/1661/659 690/1684/697 628/1662/631
f 654/1685/658 691/1686/698 553/1687/554
f 691/1688/698 501/1166/502 610/1634/612
f 692/1689/699 611/1452/613 679/1671/686
f 680/1690/687 693/1691/700 589/1692/591
f 694/1693/701 597/1430/599 589/1411/591
f 650/1569/654 634/1518/637 556/1378/557
f 676/1694/683 684/1695/691 663/1696/667
f 695/1697/702 624/1608/703 637/1610/675
f 652/1575/656 696/1698/704 618/1476/621
f 619/1612/622 687/1681/694 569/1625/570
f 662/1650/666 697/1699/705 570/1651/571
f 570/1651/571 697/1699/705 661/1700/665
f 662/1701/666 595/1702/597 697/1703/705
f 608/1704/610 689/1705/696 673/1706/680
f 611/1602/613 698/1707/706 621/1483/624
f 612/1454/614 681/1675/688 699/1708/707
f 589/1411/591 693/1709/700 694/1693/701
f 594/1420/596 599/1433/601 700/1710/708
f 561/1329/562 644/1544/647 701/1711/709
f 566/1712/567 702/1713/710 622/1714/625
f 425/1715/425 669/1716/673 521/1717/522
f 652/1718/656 677/1719/684 696/1720/704
f 672/1647/679 703/1721/711 651/1648/655
f 661/1611/665 697/1722/705 687/1681/694
f 626/1498/629 704/1723/712 580/1499/581
f 580/1499/581 704/1723/712 571/1653/572
f 571/1360/572 705/1724/713 562/1554/563
f 596/1633/598 678/1670/685 587/1725/589
f 640/1562/643 621/1726/624 630/1507/633
f 680/1727/687 574/1369/575 693/1709/700
f 597/1728/599 694/1729/701 681/1730/688
f 700/1710/708 599/1433/601 706/1731/714
f 707/1732/715 668/1733/672 636/1734/639
f 636/1523/639 600/1434/602 707/1735/715
f 505/1179/506 557/1331/558 708/1736/716
f 709/1737/717 416/948/416 561/1422/562
f 710/1738/718 604/1438/606 567/1349/568
f 521/1257/522 670/1641/674 469/1097/470
f 696/1739/704 646/1551/677 618/1644/621
f 711/1740/719 647/1552/651 646/1551/650
f 638/1741/641 562/1742/563 705/1743/713
f 712/1744/720 607/1615/609 664/1626/668
f 713/1745/721 674/1656/681 628/1501/631
f 714/1746/722 654/1747/658 649/1748/653
f 690/1684/697 715/1749/723 628/1662/631
f 716/1750/724 691/1751/698 654/1752/658
f 666/1753/670 587/1725/589 678/1670/685
f 691/1754/698 610/1755/612 553/1756/554
f 501/1214/502 691/1757/698 717/1758/725
f 717/1758/725 574/1369/575 501/1214/502
f 658/1603/662 612/1456/614 699/1759/707
f 564/1345/565 682/1676/689 718/1760/726
f 641/1588/644 719/1761/727 657/1589/661
f 599/1433/601 683/1677/690 706/1731/714
f 614/1605/617 720/1762/728 642/1763/645
f 557/1331/558 622/1764/625 708/1736/716
f 721/1765/729 567/1349/568 416/948/416
f 604/1766/606 722/1767/730 616/1768/619
f 723/1769/731 646/1770/677 696/1771/704
f 686/1772/693 677/1773/684 671/1774/678
f 672/1775/679 569/1625/570 724/1776/732
f 647/1552/651 711/1740/719 626/1777/629
f 595/1702/597 607/1778/609 712/1779/720
f 705/1780/713 571/1781/572 725/1782/733
f 688/1682/695 648/1557/652 478/1110/479
f 508/1368/509 665/1627/669 689/1705/696
f 726/1783/734 674/1657/681 713/1784/721
f 727/1785/735 698/1786/706 692/1787/699
f 694/1788/701 699/1789/707 681/1790/688
f 692/1791/699 698/1792/706 611/1793/613
f 728/1794/736 693/1709/700 574/1369/575
f 675/1663/682 729/1795/737 650/1569/654
f 633/1517/636 594/1420/596 682/1676/689
f 491/1638/492 730/1796/738 676/1664/683
f 660/1797/664 669/1640/673 645/1595/648
f 670/1641/674 731/1798/739 605/1642/607
f 731/1799/739 732/1800/740 605/1439/607
f 732/1800/740 686/1680/693 605/1439/607
f 677/1719/684 686/1801/693 696/1720/704
f 569/1625/570 687/1681/694 724/1776/732
f 715/1802/723 733/1803/741 628/1804/631
f 674/1657/681 726/1783/734 667/1658/671
f 678/1670/685 653/1805/657 666/1753/670
f 727/1785/735 630/1806/633 698/1786/706
f 734/1807/742 692/1689/699 679/1671/686
f 621/1726/624 698/1808/706 630/1507/633
f 699/1789/707 694/1788/701 735/1809/743
f 699/1810/707 735/1811/743 658/1812/662
f 650/1569/654 736/1813/744 634/1518/637
f 634/1518/637 736/1813/744 737/1814/745
f 634/1815/637 737/1816/745 738/1817/746
f 488/1265/489 657/1818/661 656/1586/660
f 706/1731/714 683/1677/690 739/1819/747
f 683/1820/690 533/1821/534 740/1822/748
f 684/1823/691 676/1824/683 600/356/602
f 644/1544/647 643/1543/646 701/1711/709
f 623/1491/626 685/1679/692 741/1825/749
f 742/1826/750 660/1607/664 623/1665/626
f 492/1203/493 616/1768/619 743/1827/751
f 744/1828/752 566/1350/567 568/1354/569
f 745/1829/753 646/1830/677 723/1831/731
f 746/1832/754 624/1608/703 695/1697/702
f 672/1833/679 724/1834/732 703/1835/711
f 697/1703/705 595/1702/597 747/1836/755
f 747/1836/755 595/1702/597 712/1779/720
f 704/1837/712 748/1838/756 571/1781/572
f 725/1782/733 571/1781/572 748/1838/756
f 749/1839/757 705/1840/713 725/1841/733
f 638/1842/641 705/1843/713 750/1844/758
f 648/1845/652 714/1746/722 649/1748/653
f 733/1846/741 713/1745/721 628/1501/631
f 715/1749/723 690/1684/697 751/1847/759
f 726/1783/734 678/1848/685 667/1658/671
f 658/1849/662 752/1850/760 734/1807/742
f 679/1671/686 658/1849/662 734/1807/742
f 717/1758/725 728/1794/736 574/1369/575
f 631/1536/634 658/1849/662 679/1671/686
f 564/1345/565 718/1760/726 593/1851/595
f 729/1795/737 736/1813/744 650/1569/654
f 641/1588/644 634/1852/637 738/1853/746
f 753/1854/761 614/1605/617 635/1521/638
f 740/1822/748 739/1855/747 683/1820/690
f 740/1856/748 533/1267/534 668/1635/672
f 754/1857/762 642/1763/645 720/1762/728
f 600/1858/602 676/1859/683 707/1860/715
f 755/1861/763 676/1664/683 730/1796/738
f 702/1862/710 756/1863/764 622/1208/625
f 757/1864/765 742/1826/750 623/1665/626
f 637/1529/675 646/1643/677 745/1865/753
f 568/1354/569 651/1574/655 758/1866/766
f 646/1867/650 624/1868/703 711/1869/719
f 732/1870/740 696/1720/704 686/1801/693
f 687/1681/694 759/1871/767 724/1776/732
f 759/1872/767 687/1873/694 760/1874/768
f 697/1875/705 747/1876/755 687/1873/694
f 626/1877/629 761/1878/769 704/1879/712
f 748/1880/756 749/669/757 725/1881/733
f 750/1882/758 705/1883/713 749/1884/757
f 750/1885/758 648/1550/652 688/1886/695
f 762/1887/770 715/1802/723 763/1888/771
f 764/1889/772 763/1890/771 765/1891/773
f 763/1890/771 715/1749/723 765/1891/773
f 765/1891/773 715/1749/723 751/1847/759
f 713/1784/721 766/1892/774 726/1783/734
f 573/1893/574 653/1894/657 665/1895/669
f 714/1896/722 716/1750/724 654/1752/658
f 655/1661/659 630/1897/633 690/1684/697
f 734/1807/742 727/1898/735 692/1689/699
f 752/1899/760 658/1900/662 735/1901/743
f 593/1902/595 718/1903/726 632/1604/635
f 718/1903/726 675/1663/682 632/1604/635
f 682/1676/689 594/1420/596 767/1904/775
f 737/1814/745 768/1905/776 738/1906/746
f 769/1907/777 635/1541/638 530/1250/531
f 594/1420/596 700/1710/708 770/1908/778
f 770/1909/778 706/1910/714 771/1911/779
f 657/1818/661 719/1912/727 656/1586/660
f 770/1908/778 700/1710/708 706/1731/714
f 641/1588/644 738/1853/746 719/1761/727
f 753/1854/761 720/1762/728 614/1605/617
f 754/1857/762 659/1913/663 642/1763/645
f 741/1825/749 757/1914/765 623/1491/626
f 567/1349/568 772/1915/780 710/1738/718
f 669/1640/673 773/1916/781 521/1917/522
f 774/1918/782 670/1641/674 521/1257/522
f 695/1919/702 637/1920/675 745/1921/753
f 624/1868/703 746/1922/754 711/1869/719
f 703/1721/711 775/1923/783 651/1648/655
f 748/1838/756 704/1837/712 776/1924/784
f 776/1925/784 749/367/757 748/1926/756
f 620/1478/623 673/1654/680 664/1626/668
f 694/1788/701 777/1927/785 735/1809/743
f 718/1903/726 778/1928/786 675/1663/682
f 682/1676/689 778/1929/786 718/1760/726
f 682/1676/689 767/1904/775 778/1929/786
f 770/1908/778 771/1930/779 768/1931/776
f 771/1930/779 706/1731/714 738/1932/746
f 701/1711/709 709/1933/717 561/1329/562
f 566/708/567 744/1934/752 779/1935/787
f 604/1766/606 710/1936/718 722/1767/730
f 703/1835/711 724/1834/732 780/1937/788
f 761/1938/769 776/1924/789 704/1837/712
f 747/1876/755 760/1874/768 687/1873/694
f 776/1924/790 749/1939/791 704/1837/792
f 638/1940/641 750/1941/758 688/1942/695
f 763/1943/771 764/1944/772 762/1945/770
f 762/1887/770 733/1803/741 715/1802/723
f 764/1889/772 765/1891/773 751/1847/759
f 727/1898/735 751/1847/759 630/1897/633
f 716/1750/724 717/1946/725 691/1751/698
f 781/1947/793 782/1948/794 783/1949/795
f 752/1950/760 735/1951/743 777/96/785
f 784/1952/796 694/1953/701 693/1954/700
f 675/1663/682 778/1928/786 729/1795/737
f 767/1904/775 594/1420/596 770/1908/778
f 771/1930/779 738/1932/746 768/1931/776
f 738/1853/746 785/1955/797 719/1761/727
f 753/1854/761 786/1956/798 720/1762/728
f 754/1857/762 730/1957/738 659/1913/663
f 659/1913/663 730/1957/738 550/1958/551
f 491/1137/492 550/1297/551 730/1959/738
f 702/1862/710 787/1960/799 756/1863/764
f 660/1797/664 742/1961/750 669/1640/673
f 742/1961/750 773/1916/781 669/1640/673
f 626/1962/629 788/1963/800 776/1964/789
f 776/1965/789 761/1966/769 626/1967/629
f 714/1896/722 789/1968/801 790/1969/802
f 714/1896/722 790/1969/802 716/1750/724
f 678/1848/685 726/1783/734 791/1970/803
f 792/1971/804 716/1972/724 790/1973/802
f 690/1684/697 630/1897/633 751/1847/759
f 793/1974/805 794/1975/806 795/1976/807
f 793/1977/805 795/1978/807 734/149/742
f 693/1954/700 728/1979/736 784/1952/796
f 736/1813/744 729/1795/737 796/1980/808
f 767/1904/775 770/1908/778 797/1981/809
f 736/1813/744 796/1980/808 737/1814/745
f 737/1814/745 796/1980/808 768/1905/776
f 416/948/416 709/1737/717 721/1765/729
f 741/1982/749 773/1983/781 742/1984/750
f 757/1985/765 741/1982/749 742/1984/750
f 685/1679/692 499/1160/500 741/1825/749
f 566/1986/567 779/1987/787 702/1988/710
f 710/1936/718 798/1989/810 722/1767/730
f 799/1990/811 800/1991/812 749/1992/757
f 664/1626/668 801/1993/813 712/1744/720
f 802/1994/814 801/1995/813 664/1996/668
f 673/1654/680 803/1997/815 664/1626/668
f 648/1998/652 789/1968/801 714/1896/722
f 762/1945/770 764/1944/772 804/1999/816
f 733/2000/741 766/732/774 713/2001/721
f 726/2002/734 766/2003/774 791/2004/803
f 678/1670/685 791/2004/803 653/1805/657
f 795/2005/807 727/1898/735 734/1807/742
f 716/915/724 792/2006/804 805/2007/817
f 782/2008/794 781/2009/793 784/1685/796
f 793/1974/805 734/2010/742 794/1975/806
f 752/2011/760 777/2012/785 734/2013/742
f 778/1929/786 767/1904/775 729/2014/737
f 729/2014/737 767/1904/775 797/1981/809
f 656/2015/660 806/2016/818 530/2017/531
f 738/1932/746 739/1819/747 785/2018/797
f 739/1819/747 738/1932/746 706/1731/714
f 807/2019/819 739/1855/747 740/1822/748
f 754/2020/762 808/2021/820 730/2022/738
f 567/1349/568 721/1765/729 772/1915/780
f 616/1768/619 722/1767/730 743/1827/751
f 722/2023/730 798/2024/810 772/2025/780
f 772/1915/780 798/2026/810 710/1738/718
f 773/2027/781 774/2028/782 521/2029/522
f 695/2030/702 809/2031/821 710/2032/822
f 651/1648/655 775/1923/783 758/2033/766
f 703/2034/711 780/2035/788 775/2036/783
f 711/2037/719 788/1963/800 626/1962/629
f 724/1834/732 759/2038/767 780/1937/788
f 776/2039/789 799/1990/811 749/1992/757
f 762/1887/770 810/2040/823 733/1803/741
f 689/1705/696 665/1627/669 811/2041/824
f 812/2042/825 764/1889/772 751/1847/759
f 813/2043/826 751/2044/759 795/2045/807
f 727/1898/735 795/2005/807 751/1847/759
f 792/2046/804 790/1969/802 805/2047/817
f 805/2047/817 717/1946/725 716/1750/724
f 734/2010/742 777/2048/785 794/1975/806
f 694/1953/701 784/1952/796 777/2049/785
f 796/2050/808 729/2051/737 814/2052/827
f 797/1981/809 770/1908/778 815/2053/828
f 785/2054/797 739/1855/747 807/2019/819
f 668/1635/672 816/2055/829 740/1856/748
f 707/1732/715 816/2056/829 668/1733/672
f 720/1762/728 808/2057/820 754/1857/762
f 707/2058/715 676/1664/683 817/2059/830
f 779/1987/787 787/2060/799 702/1988/710
f 710/2061/822 809/2062/821 818/2063/831
f 819/2064/832 788/2065/800 711/2066/719
f 819/2067/832 776/2068/789 788/2069/800
f 820/2070/833 648/1998/652 750/2071/758
f 821/207/834 665/2072/669 653/2073/657
f 813/2043/826 795/2045/807 794/2074/806
f 784/1952/796 783/1949/795 782/1948/794
f 822/2075/835 794/2076/806 777/2077/785
f 729/2078/737 797/2079/809 815/2080/828
f 770/1908/778 768/1931/776 815/2053/828
f 806/2081/818 769/2082/777 530/2083/531
f 806/2084/818 719/1912/727 785/2054/797
f 808/2057/820 720/1762/728 786/1956/798
f 817/2085/830 816/2056/829 707/1732/715
f 499/1160/500 583/1393/585 741/1825/749
f 743/2086/751 722/2087/730 823/2088/836
f 818/2089/831 824/2090/837 710/2091/822
f 710/2092/822 825/2093/838 695/2094/702
f 670/1641/674 826/2095/839 731/1798/739
f 744/1828/752 568/1354/569 758/1866/766
f 759/2038/767 760/1512/768 780/1937/788
f 664/2096/668 827/2097/840 802/2098/814
f 789/1968/801 828/2099/841 790/1969/802
f 810/2100/823 766/732/774 733/2000/741
f 812/2042/825 751/1847/759 813/2101/826
f 821/2102/834 653/1805/657 791/2004/803
f 829/2103/842 781/2104/793 783/2105/795
f 777/2106/785 830/2107/843 822/2108/835
f 814/2109/827 729/2078/737 815/2080/828
f 656/1586/660 719/1912/727 806/2084/818
f 808/2110/820 755/1861/763 730/1796/738
f 695/2111/702 818/2112/831 809/2113/821
f 695/1919/702 745/1921/753 818/2114/831
f 731/1799/739 831/2115/844 732/1800/740
f 747/2116/755 712/2117/720 832/2118/845
f 749/1884/757 833/2119/846 750/1882/758
f 762/1945/770 804/1999/816 834/2120/847
f 762/1887/770 834/2121/847 810/2040/823
f 835/2122/848 828/2099/841 789/1968/801
f 821/2102/834 791/2004/803 836/2123/849
f 822/2124/835 813/2043/826 794/2074/806
f 781/2125/793 837/2126/850 784/2127/796
f 805/2047/817 728/2128/736 717/1946/725
f 777/2129/785 784/1759/796 830/2130/843
f 768/1931/776 796/2131/808 815/2053/828
f 817/2059/830 755/1861/763 786/2132/798
f 676/1664/683 755/1861/763 817/2059/830
f 755/1861/763 808/2110/820 786/2132/798
f 708/2133/716 622/2134/625 838/2135/851
f 780/2035/788 839/2136/852 775/2036/783
f 820/2070/833 789/1968/801 648/1998/652
f 835/2122/848 840/2137/853 828/2099/841
f 673/1706/680 689/1705/696 841/2138/854
f 764/1889/772 812/2042/825 804/2139/816
f 689/1705/696 811/2041/824 841/2138/854
f 766/2140/774 810/2040/823 842/2141/855
f 828/2099/841 843/2142/856 790/1969/802
f 812/2042/825 813/2101/826 844/2143/857
f 766/2003/774 836/2123/849 791/2004/803
f 843/2142/856 805/2047/817 790/1969/802
f 781/2125/793 829/2144/842 837/2126/850
f 783/1949/795 728/1979/736 805/2145/817
f 783/1949/795 784/1952/796 728/1979/736
f 814/2146/827 815/2053/828 796/2131/808
f 769/2147/777 845/2148/858 635/2149/638
f 622/2150/625 756/2151/764 838/2152/851
f 772/1915/780 721/1765/729 722/2153/730
f 823/2154/836 722/2155/730 721/2156/729
f 710/2091/822 824/2090/837 825/2157/838
f 723/1831/731 846/2158/859 745/1829/753
f 826/2159/839 831/2115/844 731/1799/739
f 723/1769/731 696/1771/704 846/2160/859
f 695/1697/702 825/2157/838 746/1832/754
f 775/2036/783 839/2136/852 758/2161/766
f 802/2098/814 827/2097/840 801/2162/813
f 840/2163/853 835/2164/848 847/2165/860
f 804/1999/816 848/2166/861 834/2120/847
f 812/2167/825 844/2168/857 849/2169/862
f 766/2003/774 842/2170/855 836/2123/849
f 813/2101/826 822/2171/835 850/2172/863
f 505/1179/506 851/2173/864 444/1004/444
f 756/2174/764 787/2175/799 852/2176/865
f 819/2064/832 853/2177/866 776/2178/789
f 854/2179/867 799/2180/811 776/2181/789
f 712/1744/720 801/1993/813 832/2182/845
f 664/2183/668 803/1691/815 827/2184/840
f 820/2185/833 855/2186/868 835/2187/848
f 835/2187/848 789/2188/801 820/2185/833
f 855/2189/868 847/2190/860 835/2191/848
f 834/2121/847 856/2192/869 810/2040/823
f 828/2099/841 840/2137/853 843/2142/856
f 813/2101/826 850/2172/863 844/2143/857
f 829/2193/842 783/1949/795 857/2194/870
f 805/2145/817 857/2194/870 783/1949/795
f 753/2195/761 845/2196/858 786/2197/798
f 740/1856/748 816/2055/829 807/2198/819
f 855/2189/868 858/2199/871 847/2190/860
f 841/2138/854 859/2200/872 673/1706/680
f 844/2168/857 850/2201/863 849/2169/862
f 860/2202/873 861/2203/874 829/2193/842
f 665/1627/669 862/2204/875 811/2041/824
f 821/2102/834 862/2205/875 665/2206/669
f 850/2207/863 822/2208/835 863/2209/876
f 837/2126/850 830/2210/843 784/2127/796
f 786/2197/798 845/2196/858 817/2085/830
f 444/1004/444 864/2211/877 476/1107/477
f 708/2212/716 838/2213/851 505/2214/506
f 865/2215/878 774/2028/782 741/2216/749
f 741/2216/749 774/2028/782 773/2027/781
f 745/1921/753 866/2217/879 818/2114/831
f 670/1641/674 867/2218/880 826/2095/839
f 826/2159/881 868/2219/882 831/2115/883
f 732/2220/740 869/2221/884 696/2222/704
f 787/2060/799 779/1987/787 852/2223/865
f 746/1832/754 825/2157/838 870/2224/885
f 871/2225/886 872/2226/887 873/2227/888
f 776/2178/789 853/2177/866 854/2228/867
f 780/2035/788 760/2229/768 839/2136/852
f 801/1993/813 874/2230/889 832/2182/845
f 820/2231/833 875/2232/890 855/2233/868
f 750/1882/758 833/2119/846 820/2231/833
f 876/2234/891 858/2199/871 855/2189/868
f 834/2235/847 877/2236/892 856/2237/869
f 834/2238/847 848/2239/861 877/2240/892
f 812/2042/825 878/2241/893 804/2139/816
f 861/2203/874 860/2202/873 879/2242/894
f 812/2167/825 849/2169/862 878/2243/893
f 879/2244/894 829/2144/842 861/2245/874
f 840/2137/853 857/2246/870 843/2142/856
f 860/2202/873 829/2193/842 857/2194/870
f 849/2169/862 850/2201/863 863/2247/876
f 843/2142/856 857/2246/870 805/2047/817
f 829/2144/842 830/2210/843 837/2126/850
f 785/2054/797 807/2019/819 806/2084/818
f 444/1004/444 851/2173/864 864/2211/877
f 880/2248/895 670/1641/674 774/1918/782
f 852/2249/865 871/2250/886 873/2251/888
f 711/2066/719 853/2177/866 819/2064/832
f 871/2252/886 852/2223/865 872/2253/887
f 881/2254/896 882/2255/897 883/2256/898
f 883/2257/898 882/2258/897 884/2259/899
f 877/2260/892 885/2261/900 856/2262/869
f 860/2202/873 840/2263/853 879/2242/894
f 878/2264/893 848/2265/861 804/2266/816
f 860/2202/873 857/2194/870 840/2263/853
f 849/2169/862 863/2247/876 878/2243/893
f 811/2041/824 862/2204/875 841/2138/854
f 821/2102/834 836/2123/849 862/2205/875
f 635/2267/638 845/2268/858 753/2269/761
f 845/2196/858 816/2056/829 817/2085/830
f 756/2270/764 852/2249/865 886/2271/901
f 826/2159/839 867/2272/880 831/2115/844
f 869/2273/884 732/1800/740 831/2115/844
f 744/2274/752 758/2275/766 779/1747/787
f 800/1991/812 833/2276/846 749/1992/757
f 887/2277/902 801/2162/813 827/2097/840
f 875/2232/890 876/2278/891 855/2233/868
f 888/2279/903 882/2280/897 881/2281/896
f 847/2165/860 879/2282/894 840/2163/853
f 856/2192/869 842/2141/855 810/2040/823
f 889/2283/904 890/2284/905 879/2285/894
f 879/2244/894 891/2286/906 829/2144/842
f 890/2287/905 891/2288/906 879/2289/894
f 829/2144/842 891/2286/906 830/2210/843
f 838/2152/851 756/2151/764 892/2290/907
f 893/2291/908 824/2292/837 818/2293/831
f 867/2272/880 894/2294/909 831/2115/844
f 894/2295/909 869/2296/884 831/2297/844
f 852/2249/865 873/2251/888 895/2298/910
f 896/2299/911 897/2300/912 898/2301/913
f 875/2232/890 820/2231/833 833/2119/846
f 897/2302/912 858/2199/871 876/2234/891
f 885/2303/900 877/2240/892 899/2304/914
f 899/2304/914 877/2240/892 848/2239/861
f 890/2305/905 900/2306/915 901/2307/916
f 900/2308/915 863/2309/876 901/2310/916
f 848/2311/861 878/2243/893 902/2312/917
f 863/2247/876 902/2312/917 878/2243/893
f 903/2313/918 891/2286/906 890/2314/905
f 830/2107/843 863/2315/876 822/2108/835
f 505/1179/506 838/2316/851 851/2173/864
f 709/1933/717 701/1711/709 904/2317/919
f 756/2318/764 886/2319/901 892/2320/907
f 818/2321/831 866/2322/879 893/2323/908
f 852/2249/865 895/2298/910 886/2271/901
f 872/2226/887 905/2324/920 873/2227/888
f 839/2136/852 760/2229/768 906/2325/921
f 876/2278/891 875/2232/890 897/2326/912
f 881/2254/896 883/2256/898 907/2327/922
f 882/2328/897 888/2329/903 899/2330/914
f 908/2331/923 847/2190/860 858/2199/871
f 908/2332/923 879/2333/894 847/2334/860
f 890/2335/905 909/2336/924 900/2337/915
f 890/2335/905 889/2338/904 909/2336/924
f 901/2339/916 903/2313/918 890/2314/905
f 901/2340/916 863/2315/876 903/2341/918
f 891/2286/906 903/2313/918 830/2210/843
f 709/1737/717 904/2342/919 721/1765/729
f 895/2298/910 910/2343/925 886/2271/901
f 746/1922/754 853/2344/866 711/1869/719
f 870/2345/885 853/2344/866 746/1922/754
f 799/2346/811 911/2347/926 800/2348/812
f 898/2349/913 912/2350/927 896/2351/911
f 897/2352/912 912/2353/927 898/220/913
f 913/2354/928 888/2355/903 881/2356/896
f 884/2357/899 899/2358/914 914/2359/929
f 882/2360/897 899/2361/914 884/2362/899
f 803/2363/815 859/2200/872 915/2364/930
f 673/1706/680 859/2200/872 803/2363/815
f 884/2365/899 914/2366/929 883/2367/898
f 841/2368/854 862/2369/875 859/2370/872
f 830/2107/843 903/2341/918 863/2315/876
f 823/2154/836 721/2156/729 916/2371/931
f 917/2372/932 774/2028/782 865/2215/878
f 670/1641/674 918/2373/933 867/2218/880
f 824/2090/837 919/2374/934 825/2157/838
f 825/2157/838 919/2374/934 870/2224/885
f 779/1987/787 872/2253/887 852/2223/865
f 897/2375/912 908/2376/923 858/1069/871
f 875/2232/890 833/2119/846 920/2377/935
f 875/2232/890 920/2377/935 921/2378/936
f 803/2363/815 915/2364/930 827/2379/840
f 922/2380/937 923/2381/938 883/2256/898
f 883/2367/898 914/2366/929 922/2382/937
f 848/2239/861 914/2383/929 899/2304/914
f 924/2384/939 848/2385/940 899/2386/914
f 923/2381/938 922/2380/937 900/2337/915
f 922/2387/937 914/2388/929 900/1176/915
f 900/2389/915 902/2390/917 863/2391/876
f 904/2317/919 701/1711/709 925/2392/941
f 926/2393/942 917/2372/932 865/2215/878
f 893/2291/908 919/2394/934 824/2292/837
f 873/2251/888 905/2395/920 910/2343/925
f 872/2396/887 910/2397/925 905/2398/920
f 853/2399/866 927/2400/943 854/2401/867
f 799/2346/811 854/2401/867 911/2347/926
f 854/2402/867 928/2403/944 911/2404/926
f 832/2405/845 929/2406/945 747/1876/755
f 911/2347/926 930/2407/946 800/2348/812
f 896/2351/911 912/2350/927 931/2408/947
f 800/2348/812 930/2407/946 833/2409/846
f 908/2376/923 897/2375/912 896/2410/911
f 875/2411/890 921/2412/936 897/2413/912
f 888/2329/903 932/2414/948 899/2330/914
f 883/2256/898 923/2381/938 907/2327/922
f 848/2239/861 902/2390/917 914/2383/929
f 899/2330/914 856/2262/869 885/2261/900
f 900/2389/915 914/2383/929 902/2390/917
f 909/2336/924 889/2338/904 900/2337/915
f 836/2123/849 842/2170/855 933/2415/949
f 836/2063/849 933/2416/949 862/1056/875
f 701/1711/709 643/1543/646 934/2417/950
f 701/1711/709 934/2417/950 925/2392/941
f 838/2152/851 892/2290/907 935/2418/951
f 865/2419/878 741/1825/749 936/2420/952
f 823/2154/836 916/2371/931 937/2421/953
f 745/1921/753 938/2422/954 866/2217/879
f 895/2298/910 873/2251/888 910/2343/925
f 779/1987/787 939/2423/955 872/2253/887
f 939/2423/955 910/2424/925 872/2253/887
f 928/2403/944 940/2425/956 930/2426/946
f 874/1343/889 929/2427/945 832/2428/845
f 940/2429/956 941/2430/957 930/2431/946
f 896/2351/911 931/2408/947 908/2432/923
f 907/2327/922 942/2433/958 881/2254/896
f 908/2434/923 889/2435/904 879/2436/894
f 889/2338/904 923/2381/938 900/2337/915
f 856/2437/869 943/2438/959 842/2170/855
f 807/2198/819 816/2055/829 845/2439/858
f 926/2440/942 865/2419/878 936/2420/952
f 904/2342/919 944/2441/960 721/1765/729
f 886/2442/901 935/2443/951 892/2444/907
f 880/2248/895 945/2445/961 670/1641/674
f 867/2272/880 869/2273/884 894/2294/909
f 919/2446/934 946/2447/962 870/2448/885
f 911/2404/926 928/2403/944 930/2426/946
f 897/2449/912 947/2450/963 912/2451/927
f 897/2413/912 921/2412/936 947/2452/963
f 913/2453/928 942/2454/958 948/2455/964
f 931/2456/947 889/2435/904 908/2434/923
f 913/2457/928 932/2414/948 888/2329/903
f 899/2330/914 932/2414/948 856/2262/869
f 807/2019/819 845/2458/858 806/2084/818
f 926/2440/942 936/2420/952 949/2459/965
f 670/1641/674 945/2445/961 950/2460/966
f 866/2217/879 938/2422/954 951/2461/967
f 846/2158/859 952/2462/968 745/1829/753
f 918/2463/933 869/2273/884 867/2272/880
f 953/2464/969 954/2465/970 955/2466/971
f 940/2467/956 928/2468/944 927/2400/943
f 954/2465/970 956/2469/972 955/2466/971
f 747/1876/755 906/2470/921 760/1874/768
f 747/1876/755 929/2406/945 906/2470/921
f 930/2407/946 941/2471/957 833/2409/846
f 801/2472/813 887/2473/902 874/2474/889
f 881/2475/896 942/2476/958 913/2477/928
f 913/2457/928 948/2478/964 957/2479/973
f 942/2433/958 889/2338/904 931/2480/947
f 942/2433/958 907/2327/922 889/2338/904
f 907/2327/922 923/2381/938 889/2338/904
f 806/2081/818 845/2481/858 769/2082/777
f 958/2482/974 959/2483/975 741/2484/749
f 958/2485/974 741/2486/749 960/2487/976
f 774/2488/782 917/2489/932 961/2490/977
f 670/1641/674 950/2460/966 918/2373/933
f 910/2343/925 939/2491/955 886/2271/901
f 870/2345/885 962/2492/978 853/2344/866
f 870/2345/885 946/2493/962 962/2492/978
f 779/1747/787 758/2275/766 939/2494/955
f 927/2400/943 928/2468/944 854/2401/867
f 954/1584/970 953/2495/969 963/2496/979
f 964/2497/980 940/2467/956 927/2400/943
f 965/2498/981 966/2499/982 967/2500/983
f 955/2466/971 967/2501/983 966/2502/982
f 954/2503/970 963/2504/979 956/2505/972
f 940/2429/956 968/2506/984 941/2430/957
f 942/2507/958 969/2508/985 948/2509/964
f 970/2510/986 957/2511/973 948/2512/964
f 913/2457/928 957/2479/973 932/2414/948
f 943/2438/959 933/2415/949 842/2170/855
f 960/2513/976 741/1825/749 583/1393/585
f 919/2514/934 962/2515/978 946/2516/962
f 964/2497/980 853/2399/866 962/2517/978
f 906/2518/921 939/2494/955 758/2275/766
f 968/2519/984 940/2467/956 964/2497/980
f 965/2520/981 971/2521/987 972/2522/988
f 973/2523/989 956/2505/972 963/2504/979
f 971/2524/987 965/2525/981 967/1967/983
f 969/2508/985 970/2526/986 948/2509/964
f 972/2522/988 969/2527/985 942/2528/958
f 941/2471/957 974/2529/990 833/2409/846
f 827/2379/840 915/2364/930 887/2473/902
f 583/1393/585 615/1466/618 743/1827/751
f 741/2484/749 975/2530/991 936/2531/952
f 743/2532/751 823/2154/836 937/2421/953
f 961/2533/977 880/2534/895 774/2535/782
f 976/2536/992 721/2537/729 951/2538/967
f 950/2460/966 977/2539/993 918/2373/933
f 846/2160/859 696/1771/704 978/2540/994
f 893/2291/908 962/2541/978 919/2394/934
f 939/2542/955 979/2543/995 980/2544/996
f 939/2545/955 906/2546/921 979/2547/995
f 979/2547/995 906/2546/921 981/2548/997
f 979/2549/995 981/2550/997 982/2551/998
f 983/2552/999 982/2551/998 981/2550/997
f 839/2553/852 906/2518/921 758/2275/766
f 955/2554/971 973/2555/989 953/2556/969
f 953/2557/969 973/2558/989 963/2559/979
f 967/2501/983 955/2466/971 956/2469/972
f 912/2350/927 947/2560/963 931/2408/947
f 972/2522/988 942/2528/958 984/2561/1000
f 833/2409/846 974/2529/990 920/2562/935
f 932/2563/948 943/2438/959 856/2437/869
f 960/2513/976 959/2564/975 958/2565/974
f 492/1203/493 743/1827/751 615/1466/618
f 869/2221/884 978/2566/994 696/2222/704
f 939/2567/955 980/1371/996 886/2568/901
f 964/2497/980 927/2400/943 853/2399/866
f 981/2569/997 985/2570/1001 983/2571/999
f 906/2572/921 985/2573/1001 981/2574/997
f 966/2575/982 973/2555/989 955/2554/971
f 972/2522/988 971/2521/987 969/2527/985
f 921/2576/936 986/2577/1002 947/2578/963
f 969/2579/985 957/2580/973 970/2581/986
f 859/2200/872 862/2204/875 915/2364/930
f 933/2415/949 943/2438/959 862/2205/875
f 936/2582/952 880/2583/895 961/2584/977
f 951/2585/967 952/2586/968 976/2587/992
f 987/2588/1003 951/2589/967 721/2590/729
f 745/2591/753 952/2592/968 938/2593/954
f 977/2594/993 869/2273/884 918/2463/933
f 979/2543/995 982/2595/998 980/2544/996
f 983/2596/999 985/2597/1001 982/2595/998
f 956/2505/972 973/2523/989 967/2598/983
f 967/2598/983 973/2523/989 971/2599/987
f 741/2484/749 959/2483/975 975/2530/991
f 936/2600/952 961/2601/977 988/2602/1004
f 916/2603/931 721/2537/729 976/2536/992
f 947/2578/963 989/2604/1005 931/2605/947
f 990/2606/1006 972/2522/988 984/2561/1000
f 968/2519/984 991/2607/1007 941/2471/957
f 989/2608/1005 992/2609/1008 931/2610/947
f 929/2406/945 874/2611/889 906/2470/921
f 984/2561/1000 942/2528/958 992/2612/1008
f 931/2613/947 992/2614/1008 942/2615/958
f 986/2616/1002 921/2617/936 993/2618/1009
f 932/2414/948 957/2479/973 994/2619/1010
f 915/2364/930 862/2204/875 995/2620/1011
f 936/2600/952 988/2602/1004 949/2621/965
f 936/2531/952 996/2622/1012 880/2623/895
f 944/2441/960 987/2624/1003 721/1765/729
f 938/2625/954 952/2626/968 951/2627/967
f 971/2628/987 973/2629/989 997/2630/1013
f 921/2631/936 974/2632/990 993/2633/1009
f 921/2631/936 920/2634/935 974/2632/990
f 915/2364/930 998/2635/1014 887/2473/902
f 925/2636/941 999/2637/1015 904/2638/919
f 960/2513/976 583/1393/585 959/2564/975
f 937/2421/953 1000/2639/1016 743/2532/751
f 949/2640/965 988/2641/1004 975/2642/991
f 936/2531/952 975/2530/991 996/2622/1012
f 961/2601/977 1001/2643/1017 988/2602/1004
f 951/2644/967 1002/2645/1018 866/2322/879
f 1003/2646/1019 989/2604/1005 947/2578/963
f 966/2499/982 965/2498/981 990/2647/1006
f 965/2520/981 972/2522/988 990/2606/1006
f 941/2471/957 991/2607/1007 974/2529/990
f 915/2648/930 995/2649/1011 998/2650/1014
f 943/2438/959 995/2649/1011 862/2205/875
f 926/2440/942 949/2459/965 1004/2651/1020
f 916/2371/931 1000/2639/1016 937/2421/953
f 988/2641/1004 996/2652/1012 975/2642/991
f 917/2653/932 1001/2643/1017 961/2601/977
f 893/2323/908 1002/2645/1018 962/2654/978
f 962/2655/978 1002/2656/1018 964/2657/980
f 1005/2658/1021 989/2659/1005 1006/2660/1022
f 964/2497/980 1007/2661/1023 968/2519/984
f 1007/2661/1023 1008/2662/1024 968/2519/984
f 968/2519/984 1008/2662/1024 991/2607/1007
f 982/2595/998 985/2597/1001 980/2544/996
f 990/2606/1006 984/2561/1000 992/2612/1008
f 971/2663/987 1009/2664/1025 969/2665/985
f 906/2572/921 874/2666/889 985/2573/1001
f 986/2667/1002 993/2633/1009 1008/2668/1024
f 978/2669/994 952/2462/968 846/2158/859
f 866/2322/879 1002/2645/1018 893/2323/908
f 1006/2670/1022 1010/2671/1026 1005/2672/1021
f 989/2673/1005 1005/2674/1021 1011/2675/1027
f 1012/2676/1028 989/2677/1005 1003/2678/1019
f 1003/2646/1019 947/2578/963 1013/2679/1029
f 990/2680/1006 1005/2681/1021 966/2682/982
f 874/2683/889 980/2684/996 985/2685/1001
f 991/2686/1007 993/2633/1009 974/2632/990
f 1014/2687/1030 994/2688/1010 957/2689/973
f 959/2690/975 1015/2691/1031 975/2692/991
f 1010/2671/1026 1016/2693/1032 1005/2672/1021
f 1017/2694/1033 1012/2676/1028 1003/2678/1019
f 966/2575/982 1005/2672/1021 1016/2693/1032
f 947/2578/963 986/2577/1002 1013/2679/1029
f 874/2695/889 1018/2696/1034 980/2697/996
f 1008/2668/1024 993/2633/1009 991/2686/1007
f 887/2473/902 1019/2698/1035 874/2474/889
f 999/2637/1015 944/2699/960 904/2638/919
f 975/2700/991 1015/2701/1031 949/2702/965
f 1000/2639/1016 916/2371/931 1020/2703/1036
f 886/2442/901 1021/2704/1037 935/2443/951
f 886/2442/901 980/2697/996 1021/2704/1037
f 1017/2705/1033 1003/2646/1019 1013/2679/1029
f 1005/2681/1021 990/2680/1006 1011/2706/1027
f 1011/2707/1027 990/2708/1006 989/2709/1005
f 989/2709/1005 990/2708/1006 992/2710/1008
f 1001/2711/1017 996/2712/1012 988/2713/1004
f 1022/2714/1038 880/2623/895 996/2622/1012
f 880/2715/895 950/2716/966 945/2717/961
f 1023/2382/1039 1012/2676/1028 1017/2694/1033
f 1006/2660/1022 989/2659/1005 1012/2718/1028
f 1007/2719/1023 986/2667/1002 1008/2668/1024
f 1018/2696/1034 874/2695/889 1024/2720/1040
f 1025/2721/1041 1014/2722/1030 957/2723/973
f 932/2563/948 994/2724/1010 943/2438/959
f 949/2621/965 1001/2643/1017 1004/2725/1020
f 1015/2726/1031 1001/2727/1017 949/2728/965
f 1020/2729/1036 916/2603/931 976/2536/992
f 1001/2711/1017 1022/2730/1038 996/2712/1012
f 1026/2731/1042 952/2732/968 978/2733/994
f 987/2734/1003 1002/2735/1018 951/2736/967
f 1002/2656/1018 1007/2737/1023 964/2657/980
f 1017/2705/1033 1007/2738/1023 1023/2739/1039
f 1017/2705/1033 1013/2679/1029 1007/2738/1023
f 1023/2740/1039 1006/2660/1022 1012/2718/1028
f 1025/2721/1041 969/2741/985 1009/2742/1025
f 943/2438/959 1027/2743/1043 995/2649/1011
f 959/2483/975 1028/2744/1044 1015/2745/1031
f 583/1393/585 743/1827/751 1029/2746/1045
f 1015/2726/1031 1022/2747/1038 1001/2727/1017
f 1030/2748/1046 1023/2739/1039 1007/2738/1023
f 1006/2670/1022 1023/2749/1039 1010/2671/1026
f 1007/2750/1023 1013/2751/1029 986/2752/1002
f 966/2575/982 1031/2753/1047 973/2555/989
f 874/2695/889 1019/2754/1035 1024/2720/1040
f 887/2473/902 998/2635/1014 1019/2698/1035
f 1032/2755/1048 1007/2737/1023 1002/2656/1018
f 1030/2748/1046 1007/2738/1023 1032/2756/1048
f 980/2697/996 1018/2696/1034 1021/2704/1037
f 966/2575/982 1016/2693/1032 1031/2753/1047
f 969/2741/985 1025/2721/1041 957/2723/973
f 851/2173/864 1033/2757/1049 1034/2758/1050
f 743/2532/751 1000/2639/1016 1026/2759/1042
f 926/2393/942 1035/2760/1051 917/2372/932
f 977/2594/993 1036/2761/1052 869/2273/884
f 944/2441/960 1037/2762/1053 987/2624/1003
f 973/2555/989 1031/2753/1047 997/2763/1013
f 943/2438/959 994/2724/1010 1038/2764/1054
f 995/2649/1011 1027/2743/1043 998/2650/1014
f 851/2173/864 838/2316/851 1033/2757/1049
f 838/2765/851 935/2766/951 1033/2767/1049
f 1023/2749/1039 1039/2768/1055 1010/2671/1026
f 971/2663/987 997/2769/1013 1009/2664/1025
f 926/2393/942 1040/2770/1056 1035/2760/1051
f 1041/2771/1057 880/2623/895 1022/2714/1038
f 1026/2772/1042 1042/2773/1058 952/2774/968
f 1042/2775/1058 976/2587/992 952/2586/968
f 977/2539/993 950/2460/966 1043/2776/1059
f 978/1470/994 1036/2777/1052 1026/2778/1042
f 869/2221/884 1036/2779/1052 978/2566/994
f 1023/2749/1039 1044/2780/1060 1039/2768/1055
f 1010/2671/1026 1039/2768/1055 1016/2693/1032
f 1031/2753/1047 1045/2781/1061 997/2763/1013
f 1019/2698/1035 998/2635/1014 1046/2782/1062
f 1027/2743/1043 1046/2783/1062 998/2650/1014
f 1004/2725/1020 1001/2643/1017 1047/2784/1063
f 1000/2639/1016 1042/2785/1058 1026/2759/1042
f 999/2637/1015 1048/2786/1064 944/2699/960
f 987/2734/1003 1032/2787/1048 1002/2735/1018
f 1000/2788/1016 1020/2789/1036 1042/2790/1058
f 1020/2789/1036 976/2791/992 1042/2790/1058
f 977/2539/993 1049/2792/1065 1036/2793/1052
f 943/2438/959 1038/2764/1054 1027/2743/1043
f 925/2794/941 1050/2795/1066 999/2796/1015
f 743/2797/751 1026/2798/1042 1029/2799/1045
f 917/2653/932 1035/2800/1051 1001/2643/1017
f 1043/2776/1059 1049/2792/1065 977/2539/993
f 1032/2801/1048 1051/2802/1067 1030/2803/1046
f 1031/2804/1047 1052/2805/1068 1045/2806/1061
f 1045/2781/1061 1053/2807/1069 997/2763/1013
f 997/2769/1013 1054/2808/1070 1009/2664/1025
f 997/2769/1013 1053/2809/1069 1054/2808/1070
f 1024/2720/1040 1055/2810/1071 1018/2696/1034
f 851/2173/864 1034/2758/1050 864/2211/877
f 944/2699/960 1048/2786/1064 1037/2811/1053
f 1026/2812/1042 1036/2793/1052 1056/2813/1072
f 987/2624/1003 1051/2814/1067 1032/2815/1048
f 1030/2803/1046 1044/2780/1060 1023/2749/1039
f 1031/2816/1047 1057/2817/1073 1058/2818/1074
f 1057/2817/1073 1031/2816/1047 1016/2819/1032
f 1054/2820/1075 1045/2821/1061 1052/2822/1068
f 1052/2823/1068 1059/2824/1076 1060/2825/1077
f 1061/2826/1078 1021/2704/1037 1018/2696/1034
f 1060/16/1077 1053/2827/1079 1052/2828/1068
f 1054/2829/1075 1053/659/1069 1045/2830/1061
f 926/2440/942 1004/2651/1020 1040/2831/1056
f 583/1393/585 1062/2832/1080 959/2564/975
f 999/2796/1015 1050/2795/1066 1048/2833/1064
f 1037/2762/1053 1051/2814/1067 987/2624/1003
f 1063/2834/1081 1064/2835/1082 1052/2836/1068
f 1059/2837/1076 1065/2838/1083 1060/2839/1077
f 1014/2840/1030 1066/2841/1084 994/2842/1010
f 1046/2783/1062 1027/2743/1043 1038/2764/1054
f 476/1107/477 864/2211/877 643/1543/646
f 1028/2744/1044 1022/2714/1038 1015/2745/1031
f 1067/2843/1085 1068/2844/1086 1069/2845/1087
f 1057/2817/1073 1016/2819/1032 1039/2846/1055
f 1031/2816/1047 1058/2818/1074 1052/2836/1068
f 1070/2847/1088 1059/2824/1076 1052/2823/1068
f 1071/2848/1089 1009/2849/1025 1072/2044/1090
f 1073/2850/1091 1024/2851/1040 1019/2698/1035
f 1050/2852/1066 925/2853/941 934/2854/950
f 1074/2855/1092 1035/2856/1051 1040/2857/1056
f 1041/2858/1057 950/2460/966 880/2248/895
f 1039/2846/1055 1044/590/1060 1057/2817/1073
f 1009/2664/1025 1054/2808/1070 1075/2859/1093
f 1052/2860/1068 1053/2861/1079 1054/2862/1075
f 1060/2839/1077 1065/2838/1083 1053/2863/1079
f 1076/2864/1094 1077/1155/1095 1078/2865/1096
f 1063/2834/1081 1052/2836/1068 1058/2818/1074
f 1063/2866/1081 1070/2867/1088 1064/2868/1082
f 1044/2780/1060 1079/2869/1097 1057/2870/1073
f 1071/2848/1089 1079/2871/1097 1009/2849/1025
f 1078/2865/1096 1080/2872/1098 1076/2864/1094
f 1077/2873/1095 1076/2874/1094 1072/2300/1090
f 1004/2875/1020 1047/2876/1063 1081/2877/1099
f 1040/2878/1056 1082/2879/1100 1074/2880/1092
f 1001/2643/1017 1035/2800/1051 1047/2784/1063
f 1041/2858/1057 1043/2776/1059 950/2460/966
f 1063/2834/1081 1058/2818/1074 1083/2881/1101
f 1030/2803/1046 1051/2802/1067 1044/2780/1060
f 1057/2817/1073 1079/2882/1097 1058/2818/1074
f 1079/2883/1097 1084/2884/1102 1009/2885/1025
f 1065/2886/1083 1085/2887/1103 1053/2888/1079
f 1009/2889/1025 1086/2890/1104 1025/2891/1041
f 1078/2892/1096 1077/2893/1095 1087/2894/1105
f 934/2417/950 643/1543/646 1088/2895/1106
f 1074/2896/1092 1089/2897/1107 1035/2898/1051
f 1028/2744/1044 1041/2771/1057 1022/2714/1038
f 1058/2899/1074 1068/2900/1086 1067/2901/1085
f 1051/2802/1067 1090/2902/1108 1044/2780/1060
f 1064/2903/1082 1070/2904/1088 1052/2905/1068
f 1009/2906/1025 1075/2907/1093 1072/2908/1090
f 1019/2698/1035 1046/2782/1062 1073/2850/1091
f 994/2724/1010 1066/2909/1084 1038/2764/1054
f 1004/2651/1020 1091/2910/1109 1040/2831/1056
f 1034/2911/1050 1033/2767/1049 1092/2912/1110
f 1067/2913/1085 1069/2914/1087 1058/2915/1074
f 1079/2916/1097 1071/2917/1089 1093/2918/1111
f 1072/2919/1090 1080/2920/1098 1071/2921/1089
f 1054/2808/1070 1094/2922/1112 1075/2859/1093
f 1054/2808/1070 1053/2809/1079 1094/2922/1112
f 1084/2884/1102 1095/2923/1113 1009/2885/1025
f 1072/2924/1090 1076/2864/1094 1080/2872/1098
f 1038/2925/1054 1073/2850/1091 1046/2782/1062
f 1034/2758/1050 1096/2926/1114 864/2211/877
f 1091/2910/1109 1004/2651/1020 1081/2927/1099
f 1089/2928/1107 1082/2879/1100 1040/2878/1056
f 1089/2929/1107 1074/2930/1092 1082/2931/1100
f 1081/2877/1099 1047/2876/1063 1097/2932/1115
f 1026/2798/1042 1056/2933/1072 1029/2799/1045
f 1033/2767/1049 935/2766/951 1098/2934/1116
f 1037/2811/1053 1048/2786/1064 1099/2935/1117
f 1090/2936/1108 1051/2814/1067 1037/2762/1053
f 1100/2937/1118 1044/2780/1060 1090/2902/1108
f 1084/2938/1102 1079/2916/1097 1101/2939/1119
f 1070/2940/1088 1065/2941/1083 1059/2942/1076
f 1102/2943/1120 1077/2873/1095 1072/2300/1090
f 1095/2944/1113 1086/2945/1104 1009/2946/1025
f 1087/2894/1105 1080/2947/1098 1078/2892/1096
f 1102/2943/1120 1087/2948/1105 1077/2873/1095
f 1086/2949/1121 1103/2950/1122 1104/2951/1123
f 1025/2891/1041 1086/2890/1104 1104/2952/1124
f 1105/2953/1125 1014/2954/1030 1025/2955/1041
f 1106/2956/1126 864/2211/877 1096/2926/1114
f 1096/2957/1114 1034/2911/1050 1092/2912/1110
f 1081/2958/1099 1107/2959/1127 1028/2960/1044
f 1041/2961/1057 1028/2962/1044 1107/2963/1127
f 1068/2964/1086 1058/2965/1074 1108/2966/1128
f 1100/2937/1118 1079/2869/1097 1044/2780/1060
f 1094/2922/1112 1053/2809/1079 1085/2967/1103
f 1073/2968/1091 1055/2969/1071 1024/2970/1040
f 643/1543/646 1109/2971/1129 1088/2895/1106
f 1081/2877/1099 1097/2932/1115 1107/2963/1127
f 1107/2963/1127 1097/2932/1115 1041/2961/1057
f 1083/2972/1101 1058/2915/1074 1069/2914/1087
f 1093/2918/1111 1101/2939/1119 1079/2916/1097
f 1071/2973/1089 1110/2974/1130 1093/2975/1111
f 1071/2976/1089 1080/2977/1098 1110/2978/1130
f 1075/2907/1093 1102/2979/1120 1072/2908/1090
f 1086/2890/1104 1111/2980/1131 1104/2952/1124
f 1014/2954/1030 1105/2953/1125 1066/2909/1084
f 959/2564/975 1112/2981/1132 1028/2982/1044
f 1083/2478/1101 1069/2983/1087 1113/2984/1133
f 1083/2985/1101 1113/2868/1133 1063/2666/1081
f 1079/2869/1097 1100/2937/1118 1058/2986/1074
f 1084/2987/1102 1101/2988/1119 1095/2989/1113
f 1102/2990/1120 1114/2991/1134 1087/2455/1105
f 1086/2945/1104 1095/2944/1113 1115/2992/1135
f 1104/2993/1124 1116/2994/1136 1117/2995/1137
f 959/2564/975 1062/2832/1080 1112/2981/1132
f 1047/2996/1063 1035/2997/1051 1097/2998/1115
f 1048/2833/1064 1118/2999/1138 1099/3000/1117
f 1058/2965/1074 1100/3001/1118 1108/2966/1128
f 1086/2945/1104 1115/2992/1135 1111/3002/1131
f 1081/2927/1099 1119/3003/1139 1091/2910/1109
f 1028/2982/1044 1119/3003/1139 1081/2927/1099
f 1112/2981/1132 1119/3003/1139 1028/2982/1044
f 1048/2833/1064 1050/2795/1066 1118/2999/1138
f 1113/3004/1133 1070/2940/1088 1063/3005/1081
f 1090/3006/1108 1037/2811/1053 1099/2935/1117
f 1101/3007/1119 1093/3008/1111 1120/3009/1140
f 1101/3010/1119 1120/3011/1140 1095/3012/1113
f 1111/3013/1131 1116/3014/1136 1104/3015/1124
f 1121/3016/1141 1025/2891/1041 1104/2952/1124
f 1122/3017/1142 1123/3018/1143 1124/3019/1144
f 1125/3020/1145 1073/3021/1091 1038/2764/1054
f 1091/3022/1109 1126/3023/1146 1040/3024/1056
f 1127/3025/1147 1041/3026/1057 1128/3027/1148
f 1129/3028/1149 1041/1103/1057 1127/3029/1147
f 1093/3030/1111 1110/3031/1130 1120/1328/1140
f 1121/3032/1141 1104/3033/1124 1117/3034/1137
f 1025/2891/1041 1121/3016/1141 1105/3035/1125
f 1127/3036/1147 1130/3037/1150 1129/3038/1149
f 1098/2934/1116 935/2766/951 1131/3039/1151
f 1099/2935/1117 1132/3040/1152 1090/3006/1108
f 1075/2907/1093 1094/3041/1112 1102/2979/1120
f 1120/3011/1140 1133/3042/1153 1095/3012/1113
f 1080/2947/1098 1087/2894/1105 1134/3043/1154
f 1087/2894/1105 1114/3044/1134 1134/3043/1154
f 1135/3045/1155 1124/3046/1144 1123/3047/1143
f 1123/3048/1143 1122/3049/1142 1116/3050/1136
f 1040/3051/1056 1136/3052/1156 1089/3053/1107
f 1096/2957/1114 1092/2912/1110 1137/3054/1157
f 1035/2997/1051 1126/3055/1146 1138/3056/1158
f 1035/2997/1051 1138/3056/1158 1097/2998/1115
f 1097/2998/1115 1128/3057/1148 1041/3058/1057
f 1110/3059/1130 1080/3060/1098 1120/3061/1140
f 1094/3041/1112 1139/3062/1159 1102/2979/1120
f 1085/2967/1103 1139/3063/1159 1094/2922/1112
f 1133/3042/1153 1115/3064/1135 1095/3012/1113
f 1021/2704/1037 1061/2826/1078 1140/3065/1160
f 1105/2953/1125 1038/2764/1054 1066/2909/1084
f 643/1543/646 864/2211/877 1109/2971/1129
f 1100/2937/1118 1090/2902/1108 1132/3066/1152
f 1132/3067/1152 1108/2966/1128 1100/3001/1118
f 1065/3068/1083 1139/3063/1159 1085/2967/1103
f 1123/2684/1143 1116/3069/1136 1111/3070/1131
f 1141/3071/1161 1142/3072/1162 1143/3073/1163
f 1119/3074/1139 1112/3075/1132 1144/3076/1164
f 1092/2912/1110 1113/3077/1133 1137/3054/1157
f 1129/3038/1149 1145/3078/1165 1041/3079/1057
f 1041/2858/1057 1145/3080/1165 1043/2776/1059
f 1102/3081/1120 1134/3082/1154 1114/3083/1134
f 1111/3002/1131 1135/3045/1155 1123/3047/1143
f 934/2854/950 1088/3084/1106 1050/2852/1066
f 1119/3085/1139 1144/3086/1164 1091/3087/1109
f 1129/3038/1149 1130/3037/1150 1145/3078/1165
f 1146/3088/1166 1070/2940/1088 1113/3004/1133
f 1080/2947/1098 1134/3043/1154 1120/3089/1140
f 1147/3090/1167 1125/3020/1145 1038/2764/1054
f 583/1393/585 1148/3091/1168 1062/2832/1080
f 583/1393/585 1029/2746/1045 1148/3091/1168
f 1089/2897/1107 1136/3092/1156 1035/2898/1051
f 1128/3027/1148 1149/3093/1169 1127/3025/1147
f 1132/3094/1152 1150/3095/1170 1108/3096/1128
f 1139/3062/1159 1134/3097/1154 1102/2979/1120
f 1065/2941/1083 1070/2940/1088 1139/3098/1159
f 1122/3099/1142 1124/3100/1144 1116/3101/1136
f 1142/3102/1162 1151/3103/1171 1143/1960/1163
f 1116/2994/1136 1121/3104/1141 1117/2995/1137
f 1143/3105/1163 1151/3106/1171 1141/3107/1161
f 1151/3106/1171 1152/3108/1172 1141/3107/1161
f 1091/3087/1109 1144/3086/1164 1138/3109/1158
f 1097/2998/1115 1138/3056/1158 1128/3057/1148
f 1021/3110/1037 1131/3039/1151 935/2766/951
f 1021/3110/1037 1140/3111/1160 1131/3039/1151
f 1111/3002/1131 1115/2992/1135 1135/3045/1155
f 1135/3112/1155 1153/3113/1173 1124/3114/1144
f 1126/3115/1146 1091/3116/1109 1138/3117/1158
f 1144/3118/1164 1128/3057/1148 1138/3056/1158
f 1033/2767/1049 1154/3119/1174 1092/2912/1110
f 1116/3120/1136 1155/3121/1175 1121/3122/1141
f 1141/3107/1161 1152/3108/1172 1155/3123/1175
f 1156/3124/1176 1105/3035/1125 1121/3016/1141
f 1105/2953/1125 1157/3125/1177 1038/2764/1054
f 1033/2767/1049 1098/2934/1116 1154/3119/1174
f 1133/3126/1153 1120/3089/1140 1158/3127/1178
f 1115/2711/1135 1133/3128/1153 1159/3129/1179
f 1160/3130/1180 1124/3114/1144 1153/3113/1173
f 1124/3131/1144 1155/3132/1175 1116/3133/1136
f 1121/3134/1141 1155/3135/1175 1156/3136/1176
f 1161/3137/1181 1136/3052/1156 1040/3051/1056
f 1062/3138/1080 1145/3139/1165 1112/3075/1132
f 1144/3076/1164 1112/3075/1132 1145/3139/1165
f 1132/3094/1152 1099/3140/1117 1162/3141/1182
f 1163/3142/1183 1164/3143/1184 1108/3096/1128
f 1165/3144/1185 1159/3145/1179 1133/287/1153
f 1166/62/1186 1134/3097/1154 1139/3062/1159
f 1166/3146/1186 1160/3147/1180 1134/3148/1154
f 1152/3149/1172 1156/3136/1176 1155/3135/1175
f 1061/2826/1078 1018/2696/1034 1167/3150/1187
f 1145/3080/1165 1168/3151/1188 1043/2776/1059
f 1150/3152/1189 1159/3153/1179 1165/3154/1185
f 1120/3089/1140 1134/3043/1154 1169/3155/1190
f 1152/3156/1172 1157/3157/1177 1156/3158/1176
f 1105/3035/1125 1156/3124/1176 1157/3159/1177
f 1055/2810/1071 1167/3150/1187 1018/2696/1034
f 1068/2844/1086 1108/3160/1128 1170/3161/1191
f 1165/3162/1185 1133/2710/1153 1150/3163/1189
f 1146/3088/1166 1139/3098/1159 1070/2940/1088
f 1139/3164/1159 1142/3072/1162 1166/3165/1186
f 1124/3166/1144 1160/3167/1180 1155/3168/1175
f 1040/3169/1056 1126/3170/1146 1161/3171/1181
f 1088/3172/1106 1171/3173/1192 1050/2795/1066
f 1136/3174/1156 1126/3055/1146 1035/2997/1051
f 1144/3175/1164 1149/3176/1169 1128/3177/1148
f 1069/2845/1087 1068/2844/1086 1113/3178/1133
f 1068/2844/1086 1172/3179/1193 1113/3178/1133
f 1157/3125/1177 1147/3090/1167 1038/2764/1054
f 1062/3138/1080 1168/3180/1188 1145/3139/1165
f 1137/1229/1157 1113/3181/1133 1173/3182/1194
f 1164/3183/1184 1170/3184/1191 1108/3185/1128
f 1135/3045/1155 1174/3186/1195 1153/3187/1173
f 1139/3188/1159 1151/3103/1171 1142/3102/1162
f 1160/3189/1180 1166/3190/1186 1155/3079/1175
f 1141/3071/1161 1166/3165/1186 1142/3072/1162
f 1141/1436/1161 1155/3191/1175 1166/3192/1186
f 1152/3193/1172 1151/3194/1171 1157/3195/1177
f 1043/2776/1059 1168/3151/1188 1049/2792/1065
f 1133/3196/1153 1175/3197/1196 1150/3198/1189
f 1158/3127/1178 1175/3199/1196 1133/3126/1153
f 1120/3089/1140 1169/3155/1190 1158/3127/1178
f 1157/3125/1177 1176/3200/1197 1147/3090/1167
f 1170/3161/1191 1172/3179/1193 1068/2844/1086
f 1150/3095/1170 1132/3094/1152 1162/3141/1182
f 1150/3198/1189 1175/3197/1196 1177/3201/1198
f 1158/3202/1178 1178/3203/1199 1179/3204/1200
f 1158/3202/1178 1180/3205/1201 1178/3203/1199
f 1115/2992/1135 1181/3206/1202 1135/3045/1155
f 1174/3207/1195 1160/3130/1180 1153/3113/1173
f 1158/3208/1178 1179/3209/1200 1175/3210/1196
f 1159/3211/1179 1182/3212/1203 1115/3213/1135
f 1160/3130/1180 1174/3207/1195 1134/3214/1154
f 1146/3088/1166 1183/3215/1204 1139/3098/1159
f 1062/3216/1080 1184/3217/1205 1168/3218/1188
f 1108/3096/1128 1150/3095/1170 1163/3142/1183
f 1170/3219/1191 1178/3220/1199 1185/3221/1206
f 1150/3222/1189 1177/3223/1198 1159/3224/1179
f 1115/2992/1135 1182/3225/1203 1181/3206/1202
f 1139/2324/1159 1183/3226/1204 1151/3227/1171
f 1183/908/1204 1147/3228/1167 1176/3229/1197
f 1148/3091/1168 1184/3230/1205 1062/2832/1080
f 1136/3174/1156 1186/3231/1207 1126/3055/1146
f 1187/3232/1208 1029/2799/1045 1056/2933/1072
f 1127/3233/1147 1188/3234/1209 1130/3235/1150
f 1185/3236/1206 1189/3237/1210 1172/3238/1193
f 1185/3221/1206 1178/3220/1199 1180/3239/1201
f 1190/3240/1211 1175/3241/1196 1163/3242/1183
f 1158/3243/1178 1191/3244/1212 1180/3245/1201
f 1177/3223/1198 1182/3246/1203 1159/3224/1179
f 1169/3247/1190 1134/3214/1154 1174/3207/1195
f 1183/3226/1204 1176/3248/1197 1151/3227/1171
f 1151/3227/1171 1176/3248/1197 1157/2334/1177
f 1148/3091/1168 1029/2746/1045 1192/3249/1213
f 1029/2799/1045 1187/3232/1208 1192/3250/1213
f 1036/2793/1052 1049/2792/1065 1056/2813/1072
f 1185/3236/1206 1172/3238/1193 1170/146/1191
f 1193/3251/1214 1190/3240/1211 1163/3242/1183
f 1175/3241/1196 1179/3252/1200 1163/3242/1183
f 1177/3253/1198 1175/3241/1196 1190/3240/1211
f 1177/3223/1198 1190/3254/1211 1182/3246/1203
f 1096/2926/1114 1194/3255/1215 1106/2956/1126
f 1149/3176/1169 1144/3175/1164 1195/3256/1216
f 1189/3257/1210 1185/3221/1206 1196/3258/1217
f 1164/3259/1184 1178/1036/1199 1170/3260/1191
f 1163/3242/1183 1150/3261/1170 1193/3251/1214
f 1196/3258/1217 1185/3221/1206 1180/3239/1201
f 1180/3262/1201 1191/3263/1212 1196/3264/1217
f 1182/3265/1203 1190/3266/1211 1197/3267/1218
f 1198/3268/1219 1073/3021/1091 1125/3020/1145
f 1186/3269/1207 1161/3171/1181 1126/3170/1146
f 1161/3270/1181 1186/3271/1207 1136/3272/1156
f 1187/3232/1208 1056/2933/1072 1049/3273/1065
f 1173/3274/1194 1113/3275/1133 1172/1875/1193
f 1193/3276/1214 1197/3267/1218 1190/3266/1211
f 1158/3243/1178 1169/3277/1190 1191/3244/1212
f 1181/3206/1202 1199/3278/1220 1135/3045/1155
f 1174/3186/1195 1135/3045/1155 1199/3278/1220
f 864/2211/877 1106/2956/1126 1109/2971/1129
f 1194/3279/1215 1096/2957/1114 1173/3280/1194
f 1096/2957/1114 1137/3054/1157 1173/3280/1194
f 1150/3095/1170 1162/3141/1182 1193/3281/1214
f 1179/3252/1200 1178/3282/1199 1163/3242/1183
f 1183/3215/1204 1198/3283/1219 1147/3284/1167
f 1147/3284/1167 1198/3283/1219 1125/3285/1145
f 1167/3150/1187 1055/2810/1071 1200/3286/1221
f 1148/3091/1168 1192/3249/1213 1184/3230/1205
f 1184/3217/1205 1201/3287/1222 1168/3218/1188
f 1187/3232/1208 1049/3273/1065 1201/3288/1222
f 1149/3289/1169 1188/3234/1209 1127/3233/1147
f 1172/3290/1193 1189/3291/1210 1191/548/1212
f 1189/3257/1210 1196/3258/1217 1191/3292/1212
f 1193/3293/1214 1202/2310/1223 1197/3294/1218
f 1144/3175/1164 1145/3295/1165 1203/3296/1224
f 1187/3232/1208 1201/3288/1222 1192/3250/1213
f 1191/3297/1212 1204/3298/1225 1172/3299/1193
f 1202/3300/1223 1205/3301/1226 1197/3267/1218
f 1197/3267/1218 1205/3301/1226 1182/3265/1203
f 1182/3225/1203 1205/3302/1226 1181/3206/1202
f 1206/3303/1227 1199/3304/1220 1181/3305/1202
f 1192/3306/1213 1201/3307/1222 1184/3308/1205
f 1168/3151/1188 1201/3309/1222 1049/2792/1065
f 1163/3142/1183 1202/3310/1223 1164/3143/1184
f 1163/3242/1183 1178/3282/1199 1206/3311/1227
f 1098/2934/1116 1131/3039/1151 1140/3111/1160
f 1181/3305/1202 1205/3312/1226 1206/3303/1227
f 1207/3313/1228 1055/2969/1071 1073/2968/1091
f 1118/3314/1138 1162/3141/1182 1099/3140/1117
f 1164/3315/1184 1204/3316/1225 1208/3317/1229
f 1202/3318/1223 1163/3319/1183 1206/3303/1227
f 1164/3320/1184 1209/3321/1230 1178/3322/1199
f 1178/3322/1199 1209/3321/1230 1206/3323/1227
f 1203/3296/1224 1195/3256/1216 1144/3175/1164
f 1172/3324/1193 1204/3316/1225 1164/3315/1184
f 1191/3297/1212 1210/3325/1231 1204/3298/1225
f 1164/3326/1184 1208/3327/1229 1209/3328/1230
f 1169/3247/1190 1174/3207/1195 1191/3329/1212
f 1208/3317/1229 1211/3330/1232 1199/3331/1220
f 1092/2912/1110 1154/3119/1174 1212/3332/1233
f 1208/3317/1229 1204/3316/1225 1211/3330/1232
f 1191/3329/1212 1174/3207/1195 1210/3333/1231
f 1202/3318/1223 1206/3303/1227 1205/3312/1226
f 1209/3328/1230 1208/3327/1229 1199/3334/1220
f 1199/3335/1220 1211/3336/1232 1174/3207/1195
f 1140/3111/1160 1213/3337/1234 1098/2934/1116
f 1161/3270/1235 1214/3338/1236 1186/3271/1237
f 1204/3316/1225 1210/3339/1231 1211/3330/1232
f 1209/3340/1230 1199/3341/1220 1206/3342/1227
f 1098/3343/1116 1213/3344/1234 1215/3345/1238
f 1193/3281/1214 1162/3141/1182 1202/3310/1223
f 1210/3333/1231 1174/3207/1195 1211/3336/1232
f 1140/3111/1160 1216/3346/1239 1213/3337/1234
f 1140/3065/1160 1061/2826/1078 1216/3347/1239
f 1073/2968/1091 1217/3348/1240 1207/3313/1228
f 1092/3349/1110 1218/3350/1241 1113/3351/1133
f 1061/2826/1078 1219/3352/1242 1216/3347/1239
f 1073/3353/1091 1198/3283/1219 1217/3354/1240
f 1171/3173/1192 1118/2999/1138 1050/2795/1066
f 1146/3088/1166 1198/3283/1219 1183/3215/1204
f 1167/3150/1187 1219/3352/1242 1061/2826/1078
f 1220/3355/1243 1202/3310/1223 1162/3141/1182
f 1215/3345/1238 1213/3344/1234 1221/3356/1244
f 1207/3313/1228 1200/3357/1221 1055/2969/1071
f 1220/3355/1243 1164/3143/1184 1202/3310/1223
f 1161/3358/1235 1186/3292/1237 1222/3359/1245
f 1145/3360/1165 1223/3361/1246 1203/3362/1224
f 1171/3363/1192 1224/3364/1247 1118/3365/1138
f 1113/3351/1133 1218/3350/1241 1146/3366/1166
f 1098/2934/1116 1215/3367/1238 1154/3119/1174
f 1213/3344/1234 1216/3368/1239 1221/3356/1244
f 1188/3369/1209 1145/3370/1165 1130/3371/1150
f 1164/3143/1184 1225/3372/1248 1172/3373/1193
f 1167/3150/1187 1200/3286/1221 1219/3352/1242
f 1106/2956/1126 1194/3255/1215 1226/3374/1249
f 1221/3375/1244 1227/3376/1250 1215/3367/1238
f 1088/3377/1106 1224/3364/1247 1171/3363/1192
f 1092/3349/1110 1212/3378/1233 1218/3350/1241
f 1221/3375/1244 1216/3346/1239 1227/3376/1250
f 1228/3379/1251 1224/3380/1247 1088/3287/1106
f 1217/3348/1240 1229/3381/1252 1207/3313/1228
f 1219/3352/1242 1200/3286/1221 1230/3382/1253
f 1207/3313/1228 1229/3381/1252 1200/3357/1221
f 1118/3383/1138 1231/3384/1254 1162/3385/1182
f 1232/3386/1255 1215/3367/1238 1227/3376/1250
f 1198/3283/1219 1229/3387/1252 1217/3354/1240
f 1233/3388/1256 1161/3389/1235 1222/3390/1245
f 1233/3391/1256 1214/3338/1236 1161/3270/1235
f 1232/3386/1255 1154/3119/1174 1215/3367/1238
f 1146/3088/1166 1234/3392/1257 1198/3283/1219
f 1198/3283/1219 1235/3393/1258 1229/3387/1252
f 1236/3394/1259 1188/3234/1209 1149/3289/1169
f 1198/3283/1219 1234/3392/1257 1237/3395/1260
f 1195/3256/1216 1238/3396/1261 1149/3176/1169
f 1154/3119/1174 1232/3386/1255 1212/3332/1233
f 1219/3397/1242 1230/3398/1253 1216/3399/1239
f 1186/3292/1237 1239/2558/1262 1222/3359/1245
f 1109/3400/1129 1240/3401/1263 1088/3402/1106
f 1088/3402/1106 1240/3401/1263 1228/3403/1251
f 1238/3404/1261 1236/3394/1259 1149/3289/1169
f 1218/3405/1241 1234/3392/1257 1146/3088/1166
f 1232/3406/1255 1227/3407/1250 1241/3408/1264
f 1198/3283/1219 1237/3395/1260 1235/3393/1258
f 1106/3409/1126 1226/3410/1249 1242/3411/1265
f 1106/2956/1126 1242/3412/1265 1109/2971/1129
f 1232/3413/1255 1241/3414/1264 1243/3415/1266
f 1227/3416/1250 1216/3417/1239 1241/3418/1264
f 1244/3419/1267 1237/2214/1260 1234/3420/1257
f 1216/3421/1239 1230/3422/1253 1245/3423/1268
f 1118/3365/1138 1224/3364/1247 1231/3424/1254
f 1231/3425/1254 1220/3355/1243 1162/3141/1182
f 1243/3415/1266 1241/3414/1264 1246/3426/1269
f 1246/3426/1269 1241/3414/1264 1247/3427/1270
f 1232/3413/1255 1243/3415/1266 1246/3426/1269
f 1212/3378/1233 1248/3428/1271 1218/3350/1241
f 1249/3429/1272 1230/3430/1253 1200/3357/1221
f 1228/3379/1251 1250/3431/1273 1224/3380/1247
f 1251/3432/1274 1232/3413/1255 1246/3426/1269
f 1251/3432/1274 1212/3433/1233 1232/3413/1255
f 1218/3350/1241 1252/3434/1275 1234/3435/1257
f 1249/3429/1272 1200/3357/1221 1229/3381/1252
f 1253/3436/1276 1186/3437/1237 1214/3438/1236
f 1248/3428/1271 1252/3434/1275 1218/3350/1241
f 1246/3426/1269 1247/3427/1270 1254/3439/1277
f 1241/306/1264 1216/3440/1239 1245/3441/1268
f 1239/3442/1262 1186/3437/1237 1253/3436/1276
f 1255/3443/1278 1256/3444/1279 1212/3445/1233
f 1251/3432/1274 1255/3446/1278 1212/3433/1233
f 1246/3447/1269 1257/3448/1280 1251/3449/1274
f 1251/3450/1274 1257/3451/1280 1258/3452/1281
f 1212/3453/1233 1259/3454/1282 1248/3455/1271
f 1259/3454/1282 1252/3456/1275 1248/3455/1271
f 1246/3447/1269 1254/3457/1277 1257/3448/1280
f 1234/3435/1257 1252/3434/1275 1244/3458/1267
f 1247/3427/1270 1260/3459/1283 1254/3439/1277
f 1241/3414/1264 1260/3459/1283 1247/3427/1270
f 1245/3423/1268 1230/3422/1253 1260/3459/1283
f 1249/3429/1272 1261/3460/1284 1230/3430/1253
f 1212/3453/1233 1256/3461/1279 1259/3454/1282
f 1260/3459/1283 1241/3414/1264 1245/3423/1268
f 1257/3451/1280 1254/3462/1277 1258/3452/1281
f 1252/3434/1275 1259/3463/1282 1244/3458/1267
f 1260/3459/1283 1262/3464/1285 1254/3439/1277
f 1222/3465/1245 1239/3466/1262 1263/3467/1286
f 1214/3338/1236 1233/3391/1256 1264/3468/1287
f 1173/3280/1194 1265/3469/1288 1194/3279/1215
f 1224/3380/1247 1250/3431/1273 1231/3470/1254
f 1251/3471/1274 1266/3472/1289 1255/3443/1278
f 1266/3472/1289 1256/3444/1279 1255/3443/1278
f 1259/3463/1282 1237/3473/1260 1244/3458/1267
f 1172/3474/1193 1265/3475/1288 1173/3476/1194
f 1251/3477/1274 1258/3478/1281 1267/3479/1290
f 1256/3461/1279 1268/3480/1291 1259/3454/1282
f 1254/1049/1277 1269/3481/1292 1258/3482/1281
f 1188/3234/1209 1270/3483/1293 1145/3484/1165
f 1164/3143/1184 1271/3485/1294 1225/3372/1248
f 1237/3395/1260 1259/3454/1282 1272/3486/1295
f 1260/3487/1283 1273/3488/1296 1262/3489/1285
f 1109/3490/1129 1274/3491/1297 1240/3492/1263
f 1251/3471/1274 1275/3493/1298 1266/3472/1289
f 1251/3494/1274 1267/3495/1290 1275/3496/1298
f 1266/3472/1289 1276/1210/1299 1256/3444/1279
f 1256/3461/1279 1276/3497/1299 1268/3480/1291
f 1268/3480/1291 1272/3486/1295 1259/3454/1282
f 1269/3498/1292 1254/3499/1277 1277/3500/1300
f 1237/3395/1260 1272/3486/1295 1235/3393/1258
f 1230/3501/1253 1273/3488/1296 1260/3487/1283
f 1229/3381/1252 1235/3502/1258 1278/3503/1301
f 1229/3381/1252 1278/3503/1301 1249/3429/1272
f 1233/3504/1256 1253/3505/1276 1264/3506/1287
f 1239/3507/1262 1253/3508/1276 1233/3509/1256
f 1164/3143/1184 1220/3355/1243 1271/3485/1294
f 1277/3500/1300 1254/3499/1277 1262/3510/1285
f 1268/3511/1291 1279/3512/1302 1272/3513/1295
f 1222/3390/1245 1280/3514/1303 1233/3388/1256
f 1194/3279/1215 1265/3469/1288 1226/3515/1249
f 1230/3501/1253 1261/3516/1284 1281/3517/1304
f 1266/3518/1289 1282/3519/1305 1276/3520/1299
f 1273/3521/1296 1230/3522/1253 1281/3523/1304
f 1235/3524/1258 1272/1019/1295 1283/3525/1306
f 1282/3519/1305 1266/3518/1289 1275/2161/1298
f 1276/3520/1299 1282/3519/1305 1284/3526/1307
f 1258/3527/1281 1285/3528/1308 1275/3529/1298
f 1258/3530/1281 1269/3531/1292 1285/3532/1308
f 1235/3533/1258 1283/3534/1306 1286/3535/1309
f 1235/3502/1258 1286/3536/1309 1278/3503/1301
f 1239/3537/1262 1233/3538/1256 1280/3539/1303
f 1264/3540/1287 1287/3541/1310 1214/2977/1236
f 1258/3542/1281 1275/3543/1298 1267/3544/1290
f 1276/3520/1299 1288/3545/1311 1268/3546/1291
f 1268/3547/1291 1289/3548/1312 1279/3549/1302
f 1279/3549/1302 1289/3548/1312 1272/3550/1295
f 1239/3466/1262 1290/3551/1313 1263/3467/1286
f 1264/3552/1287 1253/3553/1276 1291/3554/1314
f 1292/3555/1315 1188/3234/1209 1236/3394/1259
f 1250/3431/1273 1220/3556/1243 1231/3470/1254
f 1268/3557/1291 1288/3558/1311 1293/3559/1316
f 1277/3560/1300 1262/3561/1285 1294/3562/1317
f 1268/3563/1291 1293/3564/1316 1289/3565/1312
f 1222/3566/1245 1263/3567/1286 1280/3568/1303
f 1276/3520/1299 1284/3526/1307 1288/3545/1311
f 1277/3569/1300 1294/3570/1317 1269/3571/1292
f 1264/3540/1287 1291/3572/1314 1287/3541/1310
f 1253/3573/1276 1295/3574/1318 1291/3575/1314
f 1214/3576/1236 1295/1012/1318 1253/3577/1276
f 1285/3578/1308 1269/3579/1292 1296/3580/1319
f 1269/3579/1292 1294/3581/1317 1296/3580/1319
f 1272/3550/1295 1289/3548/1312 1283/3582/1306
f 1249/3429/1272 1297/3583/1320 1261/3460/1284
f 1291/3584/1314 1280/3585/1303 1263/3586/1286
f 1292/3587/1315 1236/3588/1259 1238/3589/1261
f 1294/3590/1317 1262/3489/1285 1273/3488/1296
f 1278/3503/1301 1297/3583/1320 1249/3429/1272
f 1290/3591/1313 1239/3093/1262 1280/3592/1303
f 1291/3593/1314 1295/3594/1318 1280/3595/1303
f 1287/3596/1310 1295/3597/1318 1214/3598/1236
f 1228/3403/1251 1298/3599/1321 1250/3600/1273
f 1240/3401/1263 1298/3599/1321 1228/3403/1251
f 1299/3601/1322 1220/3556/1243 1250/3431/1273
f 1172/3373/1193 1225/3372/1248 1300/3602/1323
f 1282/3603/1305 1275/3529/1298 1301/3604/1324
f 1302/3605/1325 1284/3606/1307 1282/3607/1305
f 1284/3608/1307 1303/3609/1326 1288/3610/1311
f 1203/3296/1224 1304/3611/1327 1195/3256/1216
f 1242/3412/1265 1305/3612/1328 1109/2971/1129
f 1220/3613/1243 1299/3614/1322 1306/3615/1329
f 1289/603/1312 1293/3559/1316 1307/3616/1330
f 1273/3488/1296 1308/3617/1331 1294/3590/1317
f 1291/3618/1314 1263/3619/1286 1287/3620/1310
f 1288/3558/1311 1303/3621/1326 1293/3559/1316
f 1273/3488/1296 1281/3517/1304 1308/3617/1331
f 1261/3460/1284 1297/3583/1320 1309/3622/1332
f 1284/3606/1307 1302/3605/1325 1310/3623/1333
f 1284/3608/1307 1310/3624/1333 1303/3609/1326
f 1281/3517/1304 1261/3516/1284 1309/3625/1332
f 1263/3626/1286 1311/3627/1334 1287/3628/1310
f 1172/3474/1193 1300/3629/1323 1265/3475/1288
f 1306/3630/1329 1312/3631/1335 1220/3355/1243
f 1303/3621/1326 1307/3616/1330 1293/3559/1316
f 1270/3632/1293 1313/3633/1336 1145/3360/1165
f 1285/3634/1308 1296/3635/1319 1314/3636/1337
f 1289/3637/1312 1315/3638/1338 1283/3639/1306
f 1316/3640/1339 1286/3535/1309 1283/3534/1306
f 1278/3503/1301 1286/3536/1309 1297/3583/1320
f 1265/3475/1288 1317/3641/1340 1226/3642/1249
f 1303/3643/1326 1310/3644/1333 1307/3645/1330
f 1242/3412/1265 1226/3374/1249 1318/3646/1341
f 1318/3647/1341 1226/3642/1249 1317/3641/1340
f 1298/3599/1321 1299/3648/1322 1250/3600/1273
f 1319/3649/1342 1275/3529/1298 1285/3528/1308
f 1320/3650/1343 1310/3623/1333 1302/3605/1325
f 1307/3645/1330 1315/3638/1338 1289/3637/1312
f 1296/3651/1319 1294/3590/1317 1308/3617/1331
f 1321/3652/1344 1315/3638/1338 1307/3645/1330
f 1316/3640/1339 1283/3534/1306 1315/3653/1338
f 1263/3467/1286 1290/3551/1313 1311/3654/1334
f 1240/3492/1263 1322/3655/1345 1298/3656/1321
f 1301/3604/1324 1275/3529/1298 1319/3649/1342
f 1285/3634/1308 1314/3636/1337 1323/3657/1346
f 1296/3635/1319 1308/3658/1331 1314/3636/1337
f 1281/3517/1304 1324/3659/1347 1308/3617/1331
f 1281/3517/1304 1325/3660/1348 1324/3659/1347
f 1311/3627/1334 1295/3661/1318 1287/3628/1310
f 1305/3612/1328 1274/3662/1297 1109/2971/1129
f 1312/3631/1335 1306/3630/1329 1326/3663/1349
f 1280/3592/1303 1295/3664/1318 1311/3665/1334
f 1225/3372/1248 1271/3485/1294 1300/3602/1323
f 1312/3631/1335 1271/3485/1294 1220/3355/1243
f 1301/3604/1324 1302/3666/1325 1282/3603/1305
f 1310/3644/1333 1321/3652/1344 1307/3645/1330
f 1308/3658/1331 1324/3667/1347 1314/3636/1337
f 1290/3591/1313 1280/3592/1303 1311/3665/1334
f 1242/3412/1265 1318/3646/1341 1327/3668/1350
f 1328/3669/1351 1270/3483/1293 1188/3234/1209
f 1321/3652/1344 1329/3670/1352 1315/3638/1338
f 1292/3555/1315 1328/3669/1351 1188/3234/1209
f 1274/3491/1297 1322/3655/1345 1240/3492/1263
f 1306/3671/1329 1299/3672/1322 1326/3673/1349
f 1285/3634/1308 1323/3657/1346 1319/3674/1342
f 1310/3623/1333 1320/3650/1343 1321/3675/1344
f 1330/3676/1353 1286/3677/1309 1331/3678/1354
f 1330/3679/1353 1332/3680/1355 1286/3536/1309
f 1238/3589/1261 1333/3681/1356 1292/3587/1315
f 1318/3682/1341 1317/3683/1340 1327/3684/1350
f 1315/3638/1338 1329/3670/1352 1316/3685/1339
f 1325/3660/1348 1281/3517/1304 1309/3625/1332
f 1332/3680/1355 1297/3583/1320 1286/3536/1309
f 1298/3686/1321 1322/3687/1345 1299/3202/1322
f 1322/3620/1345 1326/3688/1349 1299/3689/1322
f 1334/3690/1357 1271/3485/1294 1312/3631/1335
f 1331/3678/1354 1335/3691/1358 1330/3676/1353
f 1286/3692/1309 1316/3693/1339 1331/3694/1354
f 1297/3583/1320 1332/3680/1355 1309/3622/1332
f 1242/3412/1265 1327/3668/1350 1336/3695/1359
f 1337/3696/1360 1302/3666/1325 1301/3604/1324
f 1329/3697/1352 1331/3694/1354 1316/3693/1339
f 1195/3256/1216 1304/3611/1327 1238/3396/1261
f 1335/3698/1358 1332/3699/1355 1330/3700/1353
f 1319/3649/1342 1338/3701/1361 1301/3604/1324
f 1324/3659/1347 1325/3660/1348 1314/3702/1337
f 1322/3655/1345 1274/3491/1297 1339/3703/1362
f 1327/3684/1350 1317/3683/1340 1340/3704/1363
f 1331/3678/1354 1329/3705/1352 1335/3691/1358
f 1242/3412/1265 1341/3706/1364 1305/3612/1328
f 1327/3668/1350 1342/3707/1365 1336/3695/1359
f 1340/3708/1363 1317/3641/1340 1265/3475/1288
f 1302/3605/1325 1343/3709/1366 1320/3650/1343
f 1325/3660/1348 1309/3625/1332 1344/3710/1367
f 1242/3412/1265 1336/3695/1359 1341/3706/1364
f 1238/3589/1261 1304/3711/1327 1333/3681/1356
f 1322/3655/1345 1339/3703/1362 1326/3712/1349
f 1301/3604/1324 1338/3701/1361 1337/3696/1360
f 1319/3649/1342 1323/3713/1346 1345/3714/1368
f 1346/3715/1369 1329/3705/1352 1321/3675/1344
f 1344/3710/1367 1309/3625/1332 1332/3716/1355
f 1342/3717/1365 1327/3718/1350 1340/3719/1363
f 1203/3296/1224 1347/3720/1370 1304/3611/1327
f 1326/3712/1349 1339/3703/1362 1348/3721/1371
f 1339/3703/1362 1274/3491/1297 1349/3722/1372
f 1265/3475/1288 1300/3629/1323 1340/3708/1363
f 1326/3663/1349 1348/3723/1371 1312/3631/1335
f 1337/3724/1360 1343/3709/1366 1302/3605/1325
f 1329/3705/1352 1350/3725/1373 1335/3691/1358
f 1333/3681/1356 1328/3726/1351 1292/3587/1315
f 1339/3703/1362 1349/3722/1372 1348/3721/1371
f 1335/3727/1358 1351/3728/1374 1332/3729/1355
f 1341/3706/1364 1336/3695/1359 1352/3730/1375
f 1274/3731/1297 1305/3732/1328 1353/3733/1376
f 1329/3705/1352 1346/3715/1369 1350/3725/1373
f 1344/3710/1367 1354/3734/1377 1325/3660/1348
f 1344/3735/1367 1332/3729/1355 1355/3736/1378
f 1304/3737/1327 1356/3738/1379 1333/3739/1356
f 1305/3740/1328 1357/3741/1380 1353/3742/1376
f 1314/3702/1337 1325/3660/1348 1358/3743/1381
f 1347/3744/1370 1356/3738/1379 1304/3737/1327
f 1305/3612/1328 1341/3706/1364 1359/3745/1382
f 1336/3695/1359 1360/3746/1383 1352/3730/1375
f 1342/3747/1365 1340/3748/1363 1361/3749/1384
f 1340/3748/1363 1300/3750/1323 1361/3749/1384
f 1271/3485/1294 1334/3690/1357 1300/3602/1323
f 1338/3701/1361 1319/3649/1342 1362/3751/1385
f 1323/3752/1346 1314/3702/1337 1358/3743/1381
f 1355/3736/1378 1354/3753/1377 1344/3735/1367
f 1313/3754/1336 1363/3755/1386 1145/3484/1165
f 1337/3696/1360 1364/3756/1387 1343/3757/1366
f 1323/3752/1346 1358/3743/1381 1345/3758/1368
f 1356/3738/1379 1328/3759/1351 1333/3739/1356
f 1336/3695/1359 1342/3707/1365 1365/3760/1388
f 1342/3747/1365 1361/3749/1384 1365/3761/1388
f 1366/3762/1389 1337/3696/1360 1338/3701/1361
f 1348/3723/1371 1334/3690/1357 1312/3631/1335
f 1346/3715/1369 1321/3675/1344 1320/3650/1343
f 1355/3736/1378 1332/3729/1355 1351/3728/1374
f 1359/3763/1382 1341/3764/1364 1367/3765/1390
f 1360/3766/1383 1336/3767/1359 1365/3768/1388
f 1353/3769/1376 1349/3722/1372 1274/3491/1297
f 1300/3770/1323 1334/2885/1357 1368/3771/1391
f 1343/3709/1366 1346/3715/1369 1320/3650/1343
f 1338/3701/1361 1362/3751/1385 1366/3762/1389
f 1347/3720/1370 1203/3296/1224 1223/3772/1246
f 1300/3750/1323 1368/3773/1391 1361/3749/1384
f 1319/3649/1342 1345/3714/1368 1362/3751/1385
f 1341/3706/1364 1352/3730/1375 1367/3774/1390
f 1348/3721/1371 1349/3722/1372 1369/3775/1392
f 1366/3762/1389 1364/3756/1387 1337/3696/1360
f 1335/3727/1358 1350/3776/1373 1351/3728/1374
f 1360/3746/1383 1370/3777/1393 1352/3730/1375
f 1305/3612/1328 1359/3745/1382 1357/3778/1380
f 1270/3483/1293 1328/3669/1351 1313/3754/1336
f 1371/3779/1394 1365/3761/1388 1361/3749/1384
f 1223/3780/1246 1356/3738/1379 1347/3744/1370
f 1368/3773/1391 1372/3781/1395 1361/3749/1384
f 1334/3690/1357 1348/3723/1371 1373/3782/1396
f 1365/3783/1388 1374/3784/1397 1375/3785/1398
f 1374/3784/1397 1365/3783/1388 1371/3786/1394
f 1353/3769/1376 1376/3787/1399 1349/3722/1372
f 1376/3787/1399 1369/3775/1392 1349/3722/1372
f 1377/3788/1400 1372/3789/1395 1368/3790/1391
f 1343/3757/1366 1364/3756/1387 1378/3791/1401
f 1350/3776/1373 1379/3792/1402 1351/3728/1374
f 1355/3736/1378 1379/3792/1402 1354/3753/1377
f 1361/3749/1384 1372/3781/1395 1371/3779/1394
f 1377/3793/1400 1368/3794/1391 1380/3795/1403
f 1369/3796/1392 1373/3782/1396 1348/3723/1371
f 1345/3714/1368 1381/3797/1404 1362/3751/1385
f 1351/3728/1374 1379/3792/1402 1355/3736/1378
f 1356/3798/1379 1313/3754/1336 1328/3669/1351
f 1382/3799/1405 1367/3774/1390 1352/3730/1375
f 1370/3800/1393 1360/3801/1383 1365/3783/1388
f 1370/3800/1393 1365/3783/1388 1375/3785/1398
f 1357/3741/1380 1383/3802/1406 1353/3742/1376
f 1334/3690/1357 1373/3782/1396 1368/3803/1391
f 1357/3778/1380 1359/3745/1382 1384/3804/1407
f 1353/3769/1376 1385/3805/1408 1376/3787/1399
f 1377/3806/1400 1380/3807/1403 1372/3808/1395
f 1358/3743/1381 1325/3660/1348 1354/3734/1377
f 1145/3360/1165 1363/3809/1386 1223/3361/1246
f 1371/3786/1394 1386/3810/1409 1374/3784/1397
f 1371/3811/1394 1372/3808/1395 1387/3812/1410
f 1380/3795/1403 1368/3794/1391 1388/3813/1411
f 1368/3794/1391 1373/3814/1396 1388/3813/1411
f 1356/3738/1379 1223/3780/1246 1363/3815/1386
f 1370/3777/1393 1382/3799/1405 1352/3730/1375
f 1367/3765/1390 1384/3816/1407 1359/3763/1382
f 1356/3798/1379 1363/3755/1386 1313/3754/1336
f 1383/3817/1406 1389/3818/1412 1353/3819/1376
f 1374/3784/1397 1386/3810/1409 1375/3785/1398
f 1369/3775/1392 1376/3787/1399 1390/3820/1413
f 1389/3821/1412 1385/3805/1408 1353/3769/1376
f 1371/3811/1394 1387/3812/1410 1386/3822/1409
f 1385/3805/1408 1390/3820/1413 1376/3787/1399
f 1388/3813/1411 1373/3814/1396 1390/3823/1413
f 1357/3824/1380 1384/3825/1407 1383/3817/1406
f 1383/3817/1406 1391/3826/1414 1389/3818/1412
f 1389/3821/1412 1390/3820/1413 1385/3805/1408
f 1390/3827/1413 1373/3782/1396 1369/3796/1392
f 1345/3758/1368 1358/3743/1381 1381/3828/1404
f 1392/3829/1415 1388/3830/1411 1390/3457/1413
f 1393/3831/1416 1388/3832/1411 1392/3833/1415
f 1392/3833/1415 1390/3834/1413 1393/3831/1416
f 1346/3715/1369 1394/3835/1417 1350/3725/1373
f 1384/3804/1407 1367/3774/1390 1395/3836/1418
f 1366/3762/1389 1362/3751/1385 1364/3756/1387
f 1372/3808/1395 1380/3807/1403 1387/3812/1410
f 1358/3837/1381 1396/3838/1419 1397/3839/1420
f 1358/3743/1381 1354/3734/1377 1396/3840/1419
f 1398/3841/1421 1379/3792/1402 1350/3776/1373
f 1395/3836/1418 1367/3774/1390 1382/3799/1405
f 1391/3826/1414 1383/3817/1406 1384/3825/1407
f 1390/3842/1413 1399/3843/1422 1393/3844/1416
f 1391/3826/1414 1400/3845/1423 1389/3818/1412
f 1389/3818/1412 1399/3846/1422 1390/3847/1413
f 1381/3828/1404 1358/3743/1381 1401/3848/1424
f 1401/3848/1424 1358/3743/1381 1397/3849/1420
f 1399/3846/1422 1389/3818/1412 1400/3845/1423
f 1362/3751/1385 1402/3850/1425 1364/3756/1387
f 1362/3751/1385 1381/3797/1404 1403/3851/1426
f 1393/3831/1416 1404/3852/1427 1388/3832/1411
f 1388/3832/1411 1404/3852/1427 1405/3853/1428
f 1388/3832/1411 1405/3853/1428 1380/3807/1403
f 1400/3854/1423 1404/3855/1427 1399/1392/1422
f 1393/3831/1416 1399/3856/1422 1404/3852/1427
f 1394/3857/1417 1398/3841/1421 1350/3776/1373
f 1379/3792/1402 1396/3858/1419 1354/3753/1377
f 1391/3859/1414 1406/3860/1429 1400/3861/1423
f 1379/3792/1402 1398/3841/1421 1396/3858/1419
f 1406/3862/1429 1404/3855/1427 1400/3854/1423
f 1380/3807/1403 1407/3863/1430 1387/3812/1410
f 1381/3828/1404 1401/3848/1424 1403/3864/1426
f 1364/3756/1387 1402/3850/1425 1408/3865/1431
f 1362/3751/1385 1403/3851/1426 1402/3850/1425
f 1364/3756/1387 1408/3865/1431 1378/3791/1401
f 1384/3825/1407 1406/3866/1429 1391/3826/1414
f 1395/3867/1418 1409/3868/1432 1384/3869/1407
f 1370/3800/1393 1375/3785/1398 1410/3870/1433
f 1378/3871/1401 1346/3715/1369 1343/3709/1366
f 1370/3777/1393 1410/3872/1433 1382/3799/1405
f 1387/3812/1410 1407/3863/1430 1386/3822/1409
f 1346/3715/1369 1378/3871/1401 1411/3873/1434
f 1401/3848/1424 1397/3849/1420 1412/3874/1435
f 1403/3864/1426 1401/3848/1424 1413/3875/1436
f 1397/3849/1420 1396/3840/1419 1412/3874/1435
f 1382/3799/1405 1414/3876/1437 1395/3836/1418
f 1409/3877/1432 1395/3836/1418 1414/3876/1437
f 1375/3785/1398 1386/3810/1409 1415/3878/1438
f 1408/3865/1431 1416/3879/1439 1378/3791/1401
f 1384/3869/1407 1409/3868/1432 1406/3880/1429
f 1404/3852/1427 1417/3881/1440 1405/3853/1428
f 1402/3850/1425 1403/3851/1426 1413/3882/1436
f 1407/3863/1430 1418/3883/1441 1386/3822/1409
f 1419/3884/1442 1396/3858/1419 1398/3841/1421
f 1404/3855/1427 1406/3862/1429 1417/3437/1440
f 1402/3850/1425 1420/3885/1443 1408/3865/1431
f 1413/3875/1436 1401/3848/1424 1412/3874/1435
f 1382/3799/1405 1410/3872/1433 1421/3886/1444
f 1375/3785/1398 1415/3878/1438 1410/3870/1433
f 1346/3715/1369 1411/3873/1434 1394/3835/1417
f 1394/3857/1417 1419/3884/1442 1398/3841/1421
f 1419/3884/1442 1412/3887/1435 1396/3858/1419
f 1408/3865/1431 1420/3885/1443 1422/3888/1445
f 1380/3807/1403 1405/3853/1428 1407/3863/1430
f 1402/3889/1425 1413/3890/1436 1423/3891/1446
f 1386/3810/1409 1418/3892/1441 1415/3878/1438
f 1408/3893/1431 1422/3894/1445 1416/3895/1439
f 1402/3850/1425 1423/3896/1446 1420/3885/1443
f 1424/3897/1447 1411/3873/1434 1378/3871/1401
f 1382/3799/1405 1421/3886/1444 1414/3876/1437
f 1425/3898/1448 1419/3884/1442 1394/3857/1417
f 1424/3897/1447 1378/3871/1401 1416/3895/1439
f 1406/3899/1429 1426/3900/1449 1417/3881/1440
f 1411/3901/1434 1425/3898/1448 1394/3857/1417
f 1422/3888/1445 1420/3885/1443 1427/3902/1450
f 1422/3894/1445 1427/3903/1450 1428/3904/1451
f 1422/3894/1445 1428/3904/1451 1416/3895/1439
f 1409/3868/1432 1429/3905/1452 1406/3880/1429
f 1423/3906/1446 1413/3875/1436 1430/3907/1453
f 1414/3876/1437 1421/3886/1444 1431/3908/1454
f 1427/3902/1450 1420/3885/1443 1432/3909/1455
f 1433/3910/1456 1415/3911/1438 1418/3912/1441
f 1434/3913/1457 1428/3904/1451 1427/3903/1450
f 1407/3863/1430 1435/3914/1458 1418/3883/1441
f 1416/3895/1439 1428/3904/1451 1424/3897/1447
f 1405/3853/1428 1417/3881/1440 1407/3863/1430
f 1419/3884/1442 1436/3915/1459 1412/3887/1435
f 1420/3916/1443 1437/3917/1460 1432/3918/1455
f 1425/3898/1448 1436/3915/1459 1419/3884/1442
f 1423/3896/1446 1437/3919/1460 1420/3885/1443
f 1412/3874/1435 1430/3907/1453 1413/3875/1436
f 1411/3901/1434 1438/3920/1461 1425/3898/1448
f 1439/3921/1462 1434/3913/1457 1427/3903/1450
f 1427/3902/1450 1432/3909/1455 1440/3922/1463
f 1406/3880/1429 1429/3905/1452 1426/3923/1449
f 1424/3897/1447 1441/3924/1464 1411/3873/1434
f 1410/3925/1433 1415/3911/1438 1442/3926/1465
f 1428/3904/1451 1443/3927/1466 1424/3897/1447
f 1444/3928/1467 1445/1601/1468 1446/3929/1469
f 1440/3930/1463 1439/3931/1462 1427/3932/1450
f 1428/3904/1451 1434/3913/1457 1443/3927/1466
f 1444/3933/1467 1439/3934/1462 1445/3935/1468
f 1414/3936/1437 1447/3937/1470 1409/3938/1432
f 1410/3872/1433 1442/3939/1465 1421/3886/1444
f 1439/3931/1462 1440/3930/1463 1448/3940/1471
f 1446/3941/1469 1439/3942/1462 1444/3943/1467
f 1414/3876/1437 1431/3908/1454 1447/3944/1470
f 1441/3924/1464 1424/3897/1447 1443/3927/1466
f 1438/3920/1461 1411/3901/1434 1441/3945/1464
f 1415/3911/1438 1433/3910/1456 1442/3926/1465
f 1449/3946/1472 1443/3927/1466 1434/3913/1457
f 1412/3874/1435 1450/3947/1473 1430/3907/1453
f 1412/3887/1435 1436/3915/1459 1450/3948/1473
f 1446/3941/1469 1451/3949/1474 1439/3942/1462
f 1447/3937/1470 1429/3950/1452 1409/3938/1432
f 1417/3881/1440 1452/3951/1475 1407/3863/1430
f 1430/3907/1453 1437/3952/1460 1423/3906/1446
f 1438/3920/1461 1436/3915/1459 1425/3898/1448
f 1439/3931/1462 1448/3940/1471 1445/3953/1468
f 1439/3921/1462 1453/3954/1476 1434/3913/1457
f 1446/755/1469 1445/3955/1468 1451/3956/1474
f 1430/3907/1453 1450/3947/1473 1437/3952/1460
f 1454/3957/1477 1455/3958/1478 1439/3959/1462
f 1448/3940/1471 1440/3930/1463 1456/3960/1479
f 1429/3905/1452 1457/3961/1480 1426/3923/1449
f 1437/3962/1460 1440/3963/1463 1432/3964/1455
f 1437/3962/1460 1458/3965/1481 1440/3963/1463
f 1451/3949/1474 1454/3966/1477 1439/3942/1462
f 1455/3967/1478 1453/3954/1476 1439/3921/1462
f 1429/3950/1452 1447/3937/1470 1457/3968/1480
f 1453/3954/1476 1449/3946/1472 1434/3913/1457
f 1443/3927/1466 1459/3969/1482 1438/3970/1461
f 1443/3971/1466 1438/3972/1461 1441/3973/1464
f 1450/2208/1473 1458/3974/1481 1437/3975/1460
f 1445/3976/1468 1454/3977/1477 1451/3978/1474
f 1445/3979/1468 1448/3980/1471 1460/3981/1483
f 1407/3863/1430 1452/3951/1475 1435/3914/1458
f 1443/3927/1466 1449/3946/1472 1459/3969/1482
f 1436/3915/1459 1438/3920/1461 1450/3948/1473
f 1453/3954/1476 1461/3982/1484 1449/3946/1472
f 1417/3881/1440 1426/3900/1449 1452/3951/1475
f 1454/3957/1477 1445/3979/1468 1455/3958/1478
f 1442/3939/1465 1462/3983/1485 1421/3886/1444
f 1448/3940/1471 1456/3960/1479 1460/3984/1483
f 1438/3920/1461 1463/3985/1486 1450/3948/1473
f 1455/3958/1478 1445/3979/1468 1460/3981/1483
f 1453/3954/1476 1455/3967/1478 1461/3982/1484
f 1450/3986/1473 1464/3987/1487 1458/3965/1481
f 1465/3988/1488 1440/3963/1463 1458/3965/1481
f 1463/1976/1486 1438/3989/1461 1459/3990/1482
f 1464/3991/1487 1450/3948/1473 1463/3985/1486
f 1421/3886/1444 1466/3992/1489 1431/3908/1454
f 1440/3930/1463 1465/3993/1488 1467/3994/1490
f 1421/3886/1444 1462/3983/1485 1466/3992/1489
f 1447/3944/1470 1431/3908/1454 1466/3992/1489
f 1447/3937/1470 1466/3995/1489 1468/3996/1491
f 1418/3883/1441 1435/3914/1458 1469/3997/1492
f 1426/3900/1449 1470/3998/1493 1452/3951/1475
f 1458/3965/1481 1464/3987/1487 1465/3988/1488
f 1464/3991/1487 1463/3985/1486 1471/3999/1494
f 1455/3967/1478 1472/4000/1495 1461/3982/1484
f 1447/3937/1470 1468/3996/1491 1457/3968/1480
f 1433/3910/1456 1462/4001/1485 1442/3926/1465
f 1465/3988/1488 1464/3987/1487 1473/4002/1496
f 1459/4003/1482 1471/3999/1494 1463/3985/1486
f 1474/4004/1497 1426/3923/1449 1457/3961/1480
f 1426/3900/1449 1475/4005/1498 1470/3998/1493
f 1464/3987/1487 1476/4006/1499 1473/4002/1496
f 1464/3991/1487 1471/3999/1494 1476/4007/1499
f 1449/3946/1472 1461/3982/1484 1459/3969/1482
f 1467/3994/1490 1456/3960/1479 1440/3930/1463
f 1470/3998/1493 1475/4005/1498 1452/3951/1475
f 1452/3951/1475 1477/4008/1500 1435/3914/1458
f 1461/3982/1484 1472/4000/1495 1478/4009/1501
f 1468/3996/1491 1474/4010/1497 1457/3968/1480
f 1465/3993/1488 1473/4011/1496 1467/3994/1490
f 1459/4003/1482 1479/4012/1502 1471/3999/1494
f 1455/3958/1478 1460/3981/1483 1472/4013/1495
f 1469/331/1492 1433/3910/1456 1418/3912/1441
f 1426/3923/1449 1474/4004/1497 1475/4014/1498
f 1456/4015/1479 1478/4016/1501 1460/4017/1483
f 1452/3951/1475 1475/4005/1498 1477/4008/1500
f 1462/3983/1485 1480/4018/1503 1466/3992/1489
f 1477/4008/1500 1469/3997/1492 1435/3914/1458
f 1460/4017/1483 1478/4016/1501 1472/4019/1495
f 1481/4020/1504 1433/4021/1456 1469/3997/1492
f 1473/4022/1496 1476/4007/1499 1482/4023/1505
f 1461/3982/1484 1483/4024/1506 1459/3969/1482
f 1466/3992/1489 1480/4018/1503 1484/4025/1507
f 1485/4026/1508 1474/4004/1497 1468/4027/1491
f 1473/4011/1496 1482/4028/1505 1467/3994/1490
f 1480/4018/1503 1486/4029/1509 1484/4025/1507
f 1480/4018/1503 1487/4030/1510 1486/4029/1509
f 1462/3983/1485 1487/4030/1510 1480/4018/1503
f 1469/3997/1492 1488/4031/1511 1481/4020/1504
f 1462/4032/1485 1433/4033/1456 1487/4034/1510
f 1478/4009/1501 1489/4035/1512 1461/3982/1484
f 1461/3982/1484 1489/4035/1512 1483/4024/1506
f 1471/3999/1494 1479/4012/1502 1476/4007/1499
f 1466/3995/1489 1484/4036/1507 1468/3996/1491
f 1468/4037/1491 1484/4025/1507 1485/4038/1508
f 1459/3969/1482 1483/4024/1506 1479/4039/1502
f 1487/4034/1510 1433/4033/1456 1490/4040/1513
f 1469/3997/1492 1477/4008/1500 1488/4031/1511
f 1433/4033/1456 1481/4041/1504 1490/4040/1513
f 1477/4008/1500 1475/4005/1498 1491/4042/1514
f 1477/4008/1500 1491/4042/1514 1488/4031/1511
f 1456/4043/1479 1489/4044/1512 1478/4045/1501
f 1486/4029/1509 1487/4030/1510 1492/4046/1515
f 1487/4034/1510 1490/4040/1513 1493/4047/1516
f 1481/4041/1504 1494/4048/1517 1490/4040/1513
f 1487/4030/1510 1493/4049/1516 1492/4046/1515
f 1484/4025/1507 1495/4050/1518 1485/4038/1508
f 1485/4051/1508 1495/4052/1518 1496/4053/1519
f 1484/4025/1507 1486/4029/1509 1492/4046/1515
f 1456/3960/1479 1467/3994/1490 1497/4054/1520
f 1490/4040/1513 1494/4048/1517 1493/4047/1516
f 1456/4043/1479 1497/4055/1520 1489/4044/1512
f 1485/4026/1508 1496/4056/1519 1474/4004/1497
f 1475/4005/1498 1498/4057/1521 1491/4042/1514
f 1494/4048/1517 1499/4058/1522 1493/4047/1516
f 1496/4056/1519 1498/4059/1521 1474/4004/1497
f 1481/4020/1504 1488/4031/1511 1494/4060/1517
f 1474/4004/1497 1498/4059/1521 1475/4014/1498
f 1491/4042/1514 1498/4057/1521 1488/4031/1511
f 1476/4007/1499 1500/4061/1523 1482/4023/1505
f 1495/4062/1518 1501/4063/1524 1496/4056/1519
f 1496/4056/1519 1501/4063/1524 1498/4059/1521
f 1484/4025/1507 1492/4046/1515 1495/4050/1518
f 1479/4012/1502 1500/4061/1523 1476/4007/1499
f 1467/3994/1490 1502/4064/1525 1497/4054/1520
f 1492/4065/1515 1493/4047/1516 1503/4066/1526
f 1493/4047/1516 1504/4067/1527 1503/4066/1526
f 1483/4024/1506 1505/4068/1528 1479/4039/1502
f 1495/4062/1518 1506/4069/1529 1501/4063/1524
f 1498/4057/1521 1507/4070/1530 1488/4031/1511
f 1493/4047/1516 1499/4058/1522 1504/4067/1527
f 1488/4031/1511 1507/4070/1530 1494/4060/1517
f 1506/4069/1529 1508/4071/1531 1501/4063/1524
f 1501/4063/1524 1508/4071/1531 1498/4059/1521
f 1479/4012/1502 1505/4072/1528 1500/4061/1523
f 1467/3994/1490 1482/4028/1505 1502/4064/1525
f 1494/4060/1517 1507/4070/1530 1499/4073/1522
f 1498/4057/1521 1509/4074/1532 1507/4070/1530
f 1503/4075/1526 1510/4076/1533 1492/4046/1515
f 1492/4046/1515 1511/4077/1534 1495/4050/1518
f 1483/4024/1506 1489/4035/1512 1505/4068/1528
f 1511/4077/1534 1506/4078/1529 1495/4050/1518
f 1508/4071/1531 1509/4079/1532 1498/4059/1521
f 1497/4054/1520 1502/4064/1525 1512/4080/1535
f 1492/4046/1515 1510/4076/1533 1511/4077/1534
f 1489/4081/1512 1497/4082/1520 1512/4083/1535
f 1510/4084/1533 1503/4085/1526 1504/4086/1527
f 1510/4084/1533 1504/4086/1527 1499/4087/1522
f 1482/4023/1505 1513/4088/1536 1502/4089/1525
f 1500/4061/1523 1513/4088/1536 1482/4023/1505
f 1510/4084/1533 1499/4087/1522 1514/4090/1537
f 1499/4087/1522 1515/4091/1538 1516/4092/1539
f 1499/4073/1522 1507/4070/1530 1515/4093/1538
f 1489/4081/1512 1512/4083/1535 1517/4094/1540
f 1489/4081/1512 1517/4094/1540 1505/4095/1528
f 1506/4069/1529 1518/4096/1541 1508/4071/1531
f 1514/4090/1537 1499/4087/1522 1516/4092/1539
f 1518/4096/1541 1509/4079/1532 1508/4071/1531
f 1519/4097/1542 1515/4093/1538 1507/4070/1530
f 1513/668/1536 1520/4098/1543 1502/4099/1525
f 1516/4100/1539 1521/4101/1544 1514/4102/1537
f 1502/4099/1525 1520/4098/1543 1512/4103/1535
f 1505/4072/1528 1517/4104/1540 1500/4061/1523
f 1511/4105/1534 1510/4084/1533 1514/4090/1537
f 1516/4106/1539 1515/4107/1538 1521/4108/1544
f 1514/4102/1537 1521/4101/1544 1522/4109/1545
f 1518/4096/1541 1523/4110/1546 1509/4079/1532
f 1509/4079/1532 1523/4110/1546 1507/4111/1530
f 1517/4094/1540 1512/4083/1535 1520/4112/1543
f 1500/4061/1523 1517/4104/1540 1513/4088/1536
f 1514/4102/1537 1522/4109/1545 1511/4113/1534
f 1506/4078/1529 1511/4077/1534 1524/4114/1547
f 1511/4077/1534 1522/4115/1545 1524/4114/1547
f 1513/4088/1536 1517/4104/1540 1520/4116/1543
f 1507/4070/1530 1523/4117/1546 1519/4097/1542
f 1506/4069/1529 1525/4118/1548 1518/4096/1541
f 1506/4069/1529 1524/4119/1547 1525/4118/1548
f 1515/4120/1538 1519/4121/1542 1521/4122/1544
f 1524/4123/1547 1522/4124/1545 1521/4122/1544
f 1521/4122/1544 1519/4121/1542 1524/4123/1547
f 1523/4117/1546 1526/4125/1549 1519/4097/1542
f 1525/4118/1548 1523/4110/1546 1518/4096/1541
f 1525/4126/1548 1524/4123/1547 1527/4127/1550
f 1523/4117/1546 1527/4128/1550 1526/4125/1549
f 1524/4123/1547 1519/4121/1542 1527/4127/1550
f 1525/4118/1548 1527/4129/1550 1523/4110/1546
f 1526/4130/1549 1527/4127/1550 1519/4121/1542
